id,answer_id,question,is_active,created_at,updated_at
1,1,Pasportni (ID-karta) almashtirish tartibi qanday?,true,2026-08-04 00:00:00,2026-08-04 00:00:00
2,1,Pasportni (ID-karta) almashtirish qanday amalga oshiriladi?,true,2026-08-04 00:00:00,2026-08-04 00:00:00
3,1,Pasportni (ID-karta) almashtirish qanaqa tartibda bo'ladi?,true,2026-08-04 00:00:00,2026-08-04 00:00:00
4,1,Pasportni (ID-karta) almashtirish jarayoni qanday?,true,2026-08-04 00:00:00,2026-08-04 00:00:00
5,1,Pasportni (ID-karta) almashtirish tartibi qanaqa?,true,2026-08-04 00:00:00,2026-08-04 00:00:00
6,1,Pasportni (ID-karta) almashtirish qanday?,true,2026-08-04 00:00:00,2026-08-04 00:00:00
7,2,ID-karta olish uchun qanday hujjatlar kerak?,true,2026-08-04 00:00:00,2026-08-04 00:00:00
8,2,ID-karta olish uchun qanaqa hujjatlar kerak?,true,2026-08-04 00:00:00,2026-08-04 00:00:00
9,2,ID-karta olish hujjatlar qanday?,true,2026-08-04 00:00:00,2026-08-04 00:00:00
10,2,ID-karta olish hujjatlar haqida ma'lumot bering,true,2026-08-04 00:00:00,2026-08-04 00:00:00
11,2,ID-karta olish hujjatlar bo'yicha ma'lumot kerak,true,2026-08-04 00:00:00,2026-08-04 00:00:00
12,2,Menga id-karta olish hujjatlar haqida ayting,true,2026-08-04 00:00:00,2026-08-04 00:00:00
13,3,ID-karta necha kunda tayyor bo'ladi?,true,2026-08-04 00:00:00,2026-08-04 00:00:00
14,3,ID-karta kunda tayyor qanday?,true,2026-08-04 00:00:00,2026-08-04 00:00:00
15,3,ID-karta kunda tayyor haqida ma'lumot bering,true,2026-08-04 00:00:00,2026-08-04 00:00:00
16,3,ID-karta kunda tayyor bo'yicha ma'lumot kerak,true,2026-08-04 00:00:00,2026-08-04 00:00:00
17,3,Menga id-karta kunda tayyor haqida ayting,true,2026-08-04 00:00:00,2026-08-04 00:00:00
18,3,"Iltimos, ayting: iD-karta necha kunda tayyor bo'ladi?",true,2026-08-04 00:00:00,2026-08-04 00:00:00
19,4,ID-kartada xatolik chiqsa nima qilinadi?,true,2026-08-04 00:00:00,2026-08-04 00:00:00
20,4,ID-kartada xatolik chiqsa qanday?,true,2026-08-04 00:00:00,2026-08-04 00:00:00
21,4,ID-kartada xatolik chiqsa haqida ma'lumot bering,true,2026-08-04 00:00:00,2026-08-04 00:00:00
22,4,ID-kartada xatolik chiqsa bo'yicha ma'lumot kerak,true,2026-08-04 00:00:00,2026-08-04 00:00:00
23,4,Menga id-kartada xatolik chiqsa haqida ayting,true,2026-08-04 00:00:00,2026-08-04 00:00:00
24,4,"Iltimos, ayting: iD-kartada xatolik chiqsa nima qilinadi?",true,2026-08-04 00:00:00,2026-08-04 00:00:00
25,5,ID-karta qancha muddatga beriladi?,true,2026-08-04 00:00:00,2026-08-04 00:00:00
26,5,ID-karta muddatga qanday?,true,2026-08-04 00:00:00,2026-08-04 00:00:00
27,5,ID-karta muddatga haqida ma'lumot bering,true,2026-08-04 00:00:00,2026-08-04 00:00:00
28,5,ID-karta muddatga bo'yicha ma'lumot kerak,true,2026-08-04 00:00:00,2026-08-04 00:00:00
29,5,Menga id-karta muddatga haqida ayting,true,2026-08-04 00:00:00,2026-08-04 00:00:00
30,5,"Iltimos, ayting: iD-karta qancha muddatga beriladi?",true,2026-08-04 00:00:00,2026-08-04 00:00:00
31,6,Xorijga chiqish biometrik pasportini qayerdan olish mumkin?,true,2026-08-04 00:00:00,2026-08-04 00:00:00
32,6,Xorijga chiqish biometrik pasportini olish qanday?,true,2026-08-04 00:00:00,2026-08-04 00:00:00
33,6,Xorijga chiqish biometrik pasportini olish haqida ma'lumot bering,true,2026-08-04 00:00:00,2026-08-04 00:00:00
34,6,Xorijga chiqish biometrik pasportini olish bo'yicha ma'lumot kerak,true,2026-08-04 00:00:00,2026-08-04 00:00:00
35,6,Menga xorijga chiqish biometrik pasportini olish haqida ayting,true,2026-08-04 00:00:00,2026-08-04 00:00:00
36,6,"Iltimos, ayting: xorijga chiqish biometrik pasportini qayerdan olish mumkin?",true,2026-08-04 00:00:00,2026-08-04 00:00:00
37,7,Nikohni qayd qilish uchun nima kerak?,true,2026-08-04 00:00:00,2026-08-04 00:00:00
38,7,Nikohni qayd qilish uchun qanday hujjatlar kerak?,true,2026-08-04 00:00:00,2026-08-04 00:00:00
39,7,Nikohni qayd qilish uchun nimalar kerak?,true,2026-08-04 00:00:00,2026-08-04 00:00:00
40,7,Nikohni qayd qilishga nimalar talab qilinadi?,true,2026-08-04 00:00:00,2026-08-04 00:00:00
41,7,Nikohni qayd qilish qanday?,true,2026-08-04 00:00:00,2026-08-04 00:00:00
42,7,Nikohni qayd qilish haqida ma'lumot bering,true,2026-08-04 00:00:00,2026-08-04 00:00:00
43,8,Nikoh yoshi necha yosh?,true,2026-08-04 00:00:00,2026-08-04 00:00:00
44,8,Nikoh yoshi yosh qanday?,true,2026-08-04 00:00:00,2026-08-04 00:00:00
45,8,Nikoh yoshi yosh haqida ma'lumot bering,true,2026-08-04 00:00:00,2026-08-04 00:00:00
46,8,Nikoh yoshi yosh bo'yicha ma'lumot kerak,true,2026-08-04 00:00:00,2026-08-04 00:00:00
47,8,Menga nikoh yoshi yosh haqida ayting,true,2026-08-04 00:00:00,2026-08-04 00:00:00
48,8,"Iltimos, ayting: nikoh yoshi necha yosh?",true,2026-08-04 00:00:00,2026-08-04 00:00:00
49,9,Nikohdan oldin qanday tibbiy ko'riklar talab qilinadi?,true,2026-08-04 00:00:00,2026-08-04 00:00:00
50,9,Nikohdan oldin qanaqa tibbiy ko'riklar talab qilinadi?,true,2026-08-04 00:00:00,2026-08-04 00:00:00
51,9,Nikohdan oldin tibbiy ko'riklar qanday?,true,2026-08-04 00:00:00,2026-08-04 00:00:00
52,9,Nikohdan oldin tibbiy ko'riklar haqida ma'lumot bering,true,2026-08-04 00:00:00,2026-08-04 00:00:00
53,9,Nikohdan oldin tibbiy ko'riklar bo'yicha ma'lumot kerak,true,2026-08-04 00:00:00,2026-08-04 00:00:00
54,9,Menga nikohdan oldin tibbiy ko'riklar haqida ayting,true,2026-08-04 00:00:00,2026-08-04 00:00:00
55,10,Tug'ilganlik guvohnomasi qanday olinadi?,true,2026-08-04 00:00:00,2026-08-04 00:00:00
56,10,Tug'ilganlik guvohnomasi qanday olsa bo'ladi?,true,2026-08-04 00:00:00,2026-08-04 00:00:00
57,10,Tug'ilganlik guvohnomasini qanday olaman?,true,2026-08-04 00:00:00,2026-08-04 00:00:00
58,10,Tug'ilganlik guvohnomasi olish tartibi qanday?,true,2026-08-04 00:00:00,2026-08-04 00:00:00
59,10,Tug'ilganlik guvohnomasi qanaqa olinadi?,true,2026-08-04 00:00:00,2026-08-04 00:00:00
60,10,Tug'ilganlik guvohnomasi qanday?,true,2026-08-04 00:00:00,2026-08-04 00:00:00
61,11,Tug'ilishni qayd etish muddati qancha?,true,2026-08-04 00:00:00,2026-08-04 00:00:00
62,11,Tug'ilishni qayd etish muddati qanday?,true,2026-08-04 00:00:00,2026-08-04 00:00:00
63,11,Tug'ilishni qayd etish muddati haqida ma'lumot bering,true,2026-08-04 00:00:00,2026-08-04 00:00:00
64,11,Tug'ilishni qayd etish muddati bo'yicha ma'lumot kerak,true,2026-08-04 00:00:00,2026-08-04 00:00:00
65,11,Menga tug'ilishni qayd etish muddati haqida ayting,true,2026-08-04 00:00:00,2026-08-04 00:00:00
66,11,"Iltimos, ayting: tug'ilishni qayd etish muddati qancha?",true,2026-08-04 00:00:00,2026-08-04 00:00:00
67,12,Ajrashish (nikohni bekor qilish) qanday amalga oshiriladi?,true,2026-08-04 00:00:00,2026-08-04 00:00:00
68,12,Ajrashish (nikohni bekor qilish) qanday bajariladi?,true,2026-08-04 00:00:00,2026-08-04 00:00:00
69,12,Ajrashish (nikohni bekor qilish) tartibi qanday?,true,2026-08-04 00:00:00,2026-08-04 00:00:00
70,12,Ajrashish (nikohni bekor qilish) qanday qilinadi?,true,2026-08-04 00:00:00,2026-08-04 00:00:00
71,12,Ajrashish (nikohni bekor qilish) qanaqa amalga oshiriladi?,true,2026-08-04 00:00:00,2026-08-04 00:00:00
72,12,Ajrashish (nikohni bekor qilish) qanday?,true,2026-08-04 00:00:00,2026-08-04 00:00:00
73,13,Ajrashish uchun FHDYOga qanday hujjatlar kerak?,true,2026-08-04 00:00:00,2026-08-04 00:00:00
74,13,Ajrashish uchun FHDYOga qanaqa hujjatlar kerak?,true,2026-08-04 00:00:00,2026-08-04 00:00:00
75,13,Ajrashish FHDYOga hujjatlar qanday?,true,2026-08-04 00:00:00,2026-08-04 00:00:00
76,13,Ajrashish FHDYOga hujjatlar haqida ma'lumot bering,true,2026-08-04 00:00:00,2026-08-04 00:00:00
77,13,Ajrashish FHDYOga hujjatlar bo'yicha ma'lumot kerak,true,2026-08-04 00:00:00,2026-08-04 00:00:00
78,13,Menga ajrashish fhdyoga hujjatlar haqida ayting,true,2026-08-04 00:00:00,2026-08-04 00:00:00
79,14,O'limni qayd etish tartibi qanday?,true,2026-08-04 00:00:00,2026-08-04 00:00:00
80,14,O'limni qayd etish qanday amalga oshiriladi?,true,2026-08-04 00:00:00,2026-08-04 00:00:00
81,14,O'limni qayd etish qanaqa tartibda bo'ladi?,true,2026-08-04 00:00:00,2026-08-04 00:00:00
82,14,O'limni qayd etish jarayoni qanday?,true,2026-08-04 00:00:00,2026-08-04 00:00:00
83,14,O'limni qayd etish tartibi qanaqa?,true,2026-08-04 00:00:00,2026-08-04 00:00:00
84,14,O'limni qayd etish qanday?,true,2026-08-04 00:00:00,2026-08-04 00:00:00
85,15,"Familiya, ism yoki ota ismini o'zgartirish tartibi qanday?",true,2026-08-04 00:00:00,2026-08-04 00:00:00
86,15,"Familiya, ism yoki ota ismini o'zgartirish qanday amalga oshiriladi?",true,2026-08-04 00:00:00,2026-08-04 00:00:00
87,15,"Familiya, ism yoki ota ismini o'zgartirish qanaqa tartibda bo'ladi?",true,2026-08-04 00:00:00,2026-08-04 00:00:00
88,15,"Familiya, ism yoki ota ismini o'zgartirish jarayoni qanday?",true,2026-08-04 00:00:00,2026-08-04 00:00:00
89,15,"Familiya, ism yoki ota ismini o'zgartirish tartibi qanaqa?",true,2026-08-04 00:00:00,2026-08-04 00:00:00
90,15,"Familiya, ism yoki ota ismini o'zgartirish qanday?",true,2026-08-04 00:00:00,2026-08-04 00:00:00
91,16,Guvohnoma yo'qolsa dublikat qanday olinadi?,true,2026-08-04 00:00:00,2026-08-04 00:00:00
92,16,Guvohnoma yo'qolsa dublikat qanday olsa bo'ladi?,true,2026-08-04 00:00:00,2026-08-04 00:00:00
93,16,Guvohnoma yo'qolsa dublikatni qanday olaman?,true,2026-08-04 00:00:00,2026-08-04 00:00:00
94,16,Guvohnoma yo'qolsa dublikat olish tartibi qanday?,true,2026-08-04 00:00:00,2026-08-04 00:00:00
95,16,Guvohnoma yo'qolsa dublikat qanaqa olinadi?,true,2026-08-04 00:00:00,2026-08-04 00:00:00
96,16,Guvohnoma yo'qolsa dublikat qanday?,true,2026-08-04 00:00:00,2026-08-04 00:00:00
97,17,Farzandlikka olishni rasmiylashtirish uchun nima kerak?,true,2026-08-04 00:00:00,2026-08-04 00:00:00
98,17,Farzandlikka olishni rasmiylashtirish uchun qanday hujjatlar kerak?,true,2026-08-04 00:00:00,2026-08-04 00:00:00
99,17,Farzandlikka olishni rasmiylashtirish uchun nimalar kerak?,true,2026-08-04 00:00:00,2026-08-04 00:00:00
100,17,Farzandlikka olishni rasmiylashtirishga nimalar talab qilinadi?,true,2026-08-04 00:00:00,2026-08-04 00:00:00
101,17,Farzandlikka olishni rasmiylashtirish qanday?,true,2026-08-04 00:00:00,2026-08-04 00:00:00
102,17,Farzandlikka olishni rasmiylashtirish haqida ma'lumot bering,true,2026-08-04 00:00:00,2026-08-04 00:00:00
103,18,Yashash joyi bo'yicha doimiy ro'yxatga olish (propiska) qanday amalga oshiriladi?,true,2026-08-04 00:00:00,2026-08-04 00:00:00
104,18,Yashash joyi bo'yicha doimiy ro'yxatga olish (propiska) qanday bajariladi?,true,2026-08-04 00:00:00,2026-08-04 00:00:00
105,18,Yashash joyi bo'yicha doimiy ro'yxatga olish (propiska) tartibi qanday?,true,2026-08-04 00:00:00,2026-08-04 00:00:00
106,18,Yashash joyi bo'yicha doimiy ro'yxatga olish (propiska) qanday qilinadi?,true,2026-08-04 00:00:00,2026-08-04 00:00:00
107,18,Yashash joyi bo'yicha doimiy ro'yxatga olish (propiska) qanaqa amalga oshiriladi?,true,2026-08-04 00:00:00,2026-08-04 00:00:00
108,18,Yashash joyi bo'yicha doimiy ro'yxatga olish (propiska) qanday?,true,2026-08-04 00:00:00,2026-08-04 00:00:00
109,19,Turgan joyi bo'yicha vaqtincha ro'yxatga olish tartibi qanday?,true,2026-08-04 00:00:00,2026-08-04 00:00:00
110,19,Turgan joyi bo'yicha vaqtincha ro'yxatga olish qanday amalga oshiriladi?,true,2026-08-04 00:00:00,2026-08-04 00:00:00
111,19,Turgan joyi bo'yicha vaqtincha ro'yxatga olish qanaqa tartibda bo'ladi?,true,2026-08-04 00:00:00,2026-08-04 00:00:00
112,19,Turgan joyi bo'yicha vaqtincha ro'yxatga olish jarayoni qanday?,true,2026-08-04 00:00:00,2026-08-04 00:00:00
113,19,Turgan joyi bo'yicha vaqtincha ro'yxatga olish tartibi qanaqa?,true,2026-08-04 00:00:00,2026-08-04 00:00:00
114,19,Turgan joyi bo'yicha vaqtincha ro'yxatga olish qanday?,true,2026-08-04 00:00:00,2026-08-04 00:00:00
115,20,Sudlanmaganlik haqida ma'lumotnoma qanday olinadi?,true,2026-08-04 00:00:00,2026-08-04 00:00:00
116,20,Sudlanmaganlik haqida ma'lumotnoma qanday olsa bo'ladi?,true,2026-08-04 00:00:00,2026-08-04 00:00:00
117,20,Sudlanmaganlik haqida ma'lumotnomani qanday olaman?,true,2026-08-04 00:00:00,2026-08-04 00:00:00
118,20,Sudlanmaganlik haqida ma'lumotnoma olish tartibi qanday?,true,2026-08-04 00:00:00,2026-08-04 00:00:00
119,20,Sudlanmaganlik haqida ma'lumotnoma qanaqa olinadi?,true,2026-08-04 00:00:00,2026-08-04 00:00:00
120,20,Sudlanmaganlik ma'lumotnoma qanday?,true,2026-08-04 00:00:00,2026-08-04 00:00:00
121,21,Arxivdagi tug'ilganlik/nikoh yozuvi nusxasini qanday olish mumkin?,true,2026-08-04 00:00:00,2026-08-04 00:00:00
122,21,Arxivdagi tug'ilganlik/nikoh yozuvi nusxasini qanday olsa bo'ladi?,true,2026-08-04 00:00:00,2026-08-04 00:00:00
123,21,Arxivdagi tug'ilganlik/nikoh yozuvi nusxasinini qayerdan olaman?,true,2026-08-04 00:00:00,2026-08-04 00:00:00
124,21,Arxivdagi tug'ilganlik/nikoh yozuvi nusxasini qanaqa olish mumkin?,true,2026-08-04 00:00:00,2026-08-04 00:00:00
125,21,Arxivdagi tug'ilganlik/nikoh yozuvi nusxasini olish qanday?,true,2026-08-04 00:00:00,2026-08-04 00:00:00
126,21,Arxivdagi tug'ilganlik/nikoh yozuvi nusxasini olish haqida ma'lumot bering,true,2026-08-04 00:00:00,2026-08-04 00:00:00
127,22,O'qish yoki ish joyidan ma'lumotnomani qanday olish mumkin?,true,2026-08-04 00:00:00,2026-08-04 00:00:00
128,22,O'qish yoki ish joyidan ma'lumotnomani qanday olsa bo'ladi?,true,2026-08-04 00:00:00,2026-08-04 00:00:00
129,22,O'qish yoki ish joyidan ma'lumotnomanini qayerdan olaman?,true,2026-08-04 00:00:00,2026-08-04 00:00:00
130,22,O'qish yoki ish joyidan ma'lumotnomani qanaqa olish mumkin?,true,2026-08-04 00:00:00,2026-08-04 00:00:00
131,22,O'qish yoki ish joyidan ma'lumotnomani olish qanday?,true,2026-08-04 00:00:00,2026-08-04 00:00:00
132,22,O'qish yoki ish joyidan ma'lumotnomani olish haqida ma'lumot bering,true,2026-08-04 00:00:00,2026-08-04 00:00:00
133,23,Haydovchilik guvohnomasini qanday rasmiylashtirish mumkin?,true,2026-08-04 00:00:00,2026-08-04 00:00:00
134,23,Haydovchilik guvohnomasini qanaqa rasmiylashtirish mumkin?,true,2026-08-04 00:00:00,2026-08-04 00:00:00
135,23,Haydovchilik guvohnomasini rasmiylashtirish qanday?,true,2026-08-04 00:00:00,2026-08-04 00:00:00
136,23,Haydovchilik guvohnomasini rasmiylashtirish haqida ma'lumot bering,true,2026-08-04 00:00:00,2026-08-04 00:00:00
137,23,Haydovchilik guvohnomasini rasmiylashtirish bo'yicha ma'lumot kerak,true,2026-08-04 00:00:00,2026-08-04 00:00:00
138,23,Menga haydovchilik guvohnomasini rasmiylashtirish haqida ayting,true,2026-08-04 00:00:00,2026-08-04 00:00:00
139,24,Transport vositasini ro'yxatdan o'tkazish tartibi qanday?,true,2026-08-04 00:00:00,2026-08-04 00:00:00
140,24,Transport vositasini ro'yxatdan o'tkazish qanday amalga oshiriladi?,true,2026-08-04 00:00:00,2026-08-04 00:00:00
141,24,Transport vositasini ro'yxatdan o'tkazish qanaqa tartibda bo'ladi?,true,2026-08-04 00:00:00,2026-08-04 00:00:00
142,24,Transport vositasini ro'yxatdan o'tkazish jarayoni qanday?,true,2026-08-04 00:00:00,2026-08-04 00:00:00
143,24,Transport vositasini ro'yxatdan o'tkazish tartibi qanaqa?,true,2026-08-04 00:00:00,2026-08-04 00:00:00
144,24,Transport vositasini ro'yxatdan o'tkazish qanday?,true,2026-08-04 00:00:00,2026-08-04 00:00:00
145,25,Nafaqa (pensiya) tayinlash uchun qayerga murojaat qilinadi?,true,2026-08-04 00:00:00,2026-08-04 00:00:00
146,25,Nafaqa (pensiya) tayinlash uchun qayerga murojaat qilaman?,true,2026-08-04 00:00:00,2026-08-04 00:00:00
147,25,Nafaqa (pensiya) tayinlash uchun bo'yicha qayerga borish kerak?,true,2026-08-04 00:00:00,2026-08-04 00:00:00
148,25,Nafaqa (pensiya) tayinlash uchun qayerdan hal qilinadi?,true,2026-08-04 00:00:00,2026-08-04 00:00:00
149,25,Nafaqa (pensiya) tayinlash murojaat qanday?,true,2026-08-04 00:00:00,2026-08-04 00:00:00
150,25,Nafaqa (pensiya) tayinlash murojaat haqida ma'lumot bering,true,2026-08-04 00:00:00,2026-08-04 00:00:00
151,26,Kam ta'minlangan oilalar uchun ijtimoiy yordam qanday olinadi?,true,2026-08-04 00:00:00,2026-08-04 00:00:00
152,26,Kam ta'minlangan oilalar uchun ijtimoiy yordam qanday olsa bo'ladi?,true,2026-08-04 00:00:00,2026-08-04 00:00:00
153,26,Kam ta'minlangan oilalar uchun ijtimoiy yordamni qanday olaman?,true,2026-08-04 00:00:00,2026-08-04 00:00:00
154,26,Kam ta'minlangan oilalar uchun ijtimoiy yordam olish tartibi qanday?,true,2026-08-04 00:00:00,2026-08-04 00:00:00
155,26,Kam ta'minlangan oilalar uchun ijtimoiy yordam qanaqa olinadi?,true,2026-08-04 00:00:00,2026-08-04 00:00:00
156,26,Kam ta'minlangan oilalar ijtimoiy yordam qanday?,true,2026-08-04 00:00:00,2026-08-04 00:00:00
157,27,Poliklinikaga yoki shifokorga qanday ro'yxatdan o'tiladi?,true,2026-08-04 00:00:00,2026-08-04 00:00:00
158,27,Poliklinikaga yoki shifokorga qanaqa ro'yxatdan o'tiladi?,true,2026-08-04 00:00:00,2026-08-04 00:00:00
159,27,Poliklinikaga yoki shifokorga ro'yxatdan o'tiladi qanday?,true,2026-08-04 00:00:00,2026-08-04 00:00:00
160,27,Poliklinikaga yoki shifokorga ro'yxatdan o'tiladi haqida ma'lumot bering,true,2026-08-04 00:00:00,2026-08-04 00:00:00
161,27,Poliklinikaga yoki shifokorga ro'yxatdan o'tiladi bo'yicha ma'lumot kerak,true,2026-08-04 00:00:00,2026-08-04 00:00:00
162,27,Menga poliklinikaga yoki shifokorga ro'yxatdan o'tiladi haqida ayting,true,2026-08-04 00:00:00,2026-08-04 00:00:00
163,28,Oliy ta'limga qabul (abituriyent) qanday tashkil etiladi?,true,2026-08-04 00:00:00,2026-08-04 00:00:00
164,28,Oliy ta'limga qabul (abituriyent) qanaqa tashkil etiladi?,true,2026-08-04 00:00:00,2026-08-04 00:00:00
165,28,Oliy ta'limga qabul (abituriyent) tashkil etiladi qanday?,true,2026-08-04 00:00:00,2026-08-04 00:00:00
166,28,Oliy ta'limga qabul (abituriyent) tashkil etiladi haqida ma'lumot bering,true,2026-08-04 00:00:00,2026-08-04 00:00:00
167,28,Oliy ta'limga qabul (abituriyent) tashkil etiladi bo'yicha ma'lumot kerak,true,2026-08-04 00:00:00,2026-08-04 00:00:00
168,28,Menga oliy ta'limga qabul (abituriyent) tashkil etiladi haqida ayting,true,2026-08-04 00:00:00,2026-08-04 00:00:00
169,29,Davlat xizmatlaridan onlayn qanday foydalaniladi?,true,2026-08-04 00:00:00,2026-08-04 00:00:00
170,29,Davlat xizmatlaridan onlayn qanaqa foydalaniladi?,true,2026-08-04 00:00:00,2026-08-04 00:00:00
171,29,Davlat xizmatlaridan onlayn foydalaniladi qanday?,true,2026-08-04 00:00:00,2026-08-04 00:00:00
172,29,Davlat xizmatlaridan onlayn foydalaniladi haqida ma'lumot bering,true,2026-08-04 00:00:00,2026-08-04 00:00:00
173,29,Davlat xizmatlaridan onlayn foydalaniladi bo'yicha ma'lumot kerak,true,2026-08-04 00:00:00,2026-08-04 00:00:00
174,29,Menga davlat xizmatlaridan onlayn foydalaniladi haqida ayting,true,2026-08-04 00:00:00,2026-08-04 00:00:00
175,30,Davlat xizmatlari markazi (DXM) qayerda joylashgan?,true,2026-08-04 00:00:00,2026-08-04 00:00:00
176,30,Davlat xizmatlari markazi (DXM) joylashgan qanday?,true,2026-08-04 00:00:00,2026-08-04 00:00:00
177,30,Davlat xizmatlari markazi (DXM) joylashgan haqida ma'lumot bering,true,2026-08-04 00:00:00,2026-08-04 00:00:00
178,30,Davlat xizmatlari markazi (DXM) joylashgan bo'yicha ma'lumot kerak,true,2026-08-04 00:00:00,2026-08-04 00:00:00
179,30,Menga davlat xizmatlari markazi (dxm) joylashgan haqida ayting,true,2026-08-04 00:00:00,2026-08-04 00:00:00
180,30,"Iltimos, ayting: davlat xizmatlari markazi (DXM) qayerda joylashgan?",true,2026-08-04 00:00:00,2026-08-04 00:00:00
181,31,Murojaat yoki shikoyatni qayerga topshirish mumkin?,true,2026-08-04 00:00:00,2026-08-04 00:00:00
182,31,Murojaat yoki shikoyatni topshirish qanday?,true,2026-08-04 00:00:00,2026-08-04 00:00:00
183,31,Murojaat yoki shikoyatni topshirish haqida ma'lumot bering,true,2026-08-04 00:00:00,2026-08-04 00:00:00
184,31,Murojaat yoki shikoyatni topshirish bo'yicha ma'lumot kerak,true,2026-08-04 00:00:00,2026-08-04 00:00:00
185,31,Menga murojaat yoki shikoyatni topshirish haqida ayting,true,2026-08-04 00:00:00,2026-08-04 00:00:00
186,31,"Iltimos, ayting: murojaat yoki shikoyatni qayerga topshirish mumkin?",true,2026-08-04 00:00:00,2026-08-04 00:00:00
187,32,Bazaviy hisoblash miqdori (BHM) hozir qancha?,true,2026-08-04 00:00:00,2026-08-04 00:00:00
188,32,Bazaviy hisoblash miqdori (BHM) hozir qanday?,true,2026-08-04 00:00:00,2026-08-04 00:00:00
189,32,Bazaviy hisoblash miqdori (BHM) hozir haqida ma'lumot bering,true,2026-08-04 00:00:00,2026-08-04 00:00:00
190,32,Bazaviy hisoblash miqdori (BHM) hozir bo'yicha ma'lumot kerak,true,2026-08-04 00:00:00,2026-08-04 00:00:00
191,32,Menga bazaviy hisoblash miqdori (bhm) hozir haqida ayting,true,2026-08-04 00:00:00,2026-08-04 00:00:00
192,32,"Iltimos, ayting: bazaviy hisoblash miqdori (BHM) hozir qancha?",true,2026-08-04 00:00:00,2026-08-04 00:00:00
193,33,Pasport yoki ID-karta yo'qolsa nima qilinadi?,true,2026-08-04 00:00:00,2026-08-04 00:00:00
194,33,Pasport yoki ID-karta yo'qolsa qanday?,true,2026-08-04 00:00:00,2026-08-04 00:00:00
195,33,Pasport yoki ID-karta yo'qolsa haqida ma'lumot bering,true,2026-08-04 00:00:00,2026-08-04 00:00:00
196,33,Pasport yoki ID-karta yo'qolsa bo'yicha ma'lumot kerak,true,2026-08-04 00:00:00,2026-08-04 00:00:00
197,33,Menga pasport yoki id-karta yo'qolsa haqida ayting,true,2026-08-04 00:00:00,2026-08-04 00:00:00
198,33,"Iltimos, ayting: pasport yoki ID-karta yo'qolsa nima qilinadi?",true,2026-08-04 00:00:00,2026-08-04 00:00:00
199,34,JSHSHIR (shaxsiy identifikatsiya raqami) nima?,true,2026-08-04 00:00:00,2026-08-04 00:00:00
200,34,JSHSHIR (shaxsiy identifikatsiya raqami) qanday?,true,2026-08-04 00:00:00,2026-08-04 00:00:00
201,34,JSHSHIR (shaxsiy identifikatsiya raqami) haqida ma'lumot bering,true,2026-08-04 00:00:00,2026-08-04 00:00:00
202,34,JSHSHIR (shaxsiy identifikatsiya raqami) bo'yicha ma'lumot kerak,true,2026-08-04 00:00:00,2026-08-04 00:00:00
203,34,Menga jshshir (shaxsiy identifikatsiya raqami) haqida ayting,true,2026-08-04 00:00:00,2026-08-04 00:00:00
204,34,"Iltimos, ayting: jSHSHIR (shaxsiy identifikatsiya raqami) nima?",true,2026-08-04 00:00:00,2026-08-04 00:00:00
205,35,16 yoshga to'lganda pasport (ID-karta) olish uchun nima kerak?,true,2026-08-04 00:00:00,2026-08-04 00:00:00
206,35,16 yoshga to'lganda pasport (ID-karta) olish uchun qanday hujjatlar kerak?,true,2026-08-04 00:00:00,2026-08-04 00:00:00
207,35,16 yoshga to'lganda pasport (ID-karta) olish uchun nimalar kerak?,true,2026-08-04 00:00:00,2026-08-04 00:00:00
208,35,16 yoshga to'lganda pasport (ID-karta) olishga nimalar talab qilinadi?,true,2026-08-04 00:00:00,2026-08-04 00:00:00
209,35,16 yoshga to'lganda pasport (ID-karta) olish qanday?,true,2026-08-04 00:00:00,2026-08-04 00:00:00
210,35,16 yoshga to'lganda pasport (ID-karta) olish haqida ma'lumot bering,true,2026-08-04 00:00:00,2026-08-04 00:00:00
211,36,Nikoh guvohnomasi yo'qolsa dublikat qanday olinadi?,true,2026-08-04 00:00:00,2026-08-04 00:00:00
212,36,Nikoh guvohnomasi yo'qolsa dublikat qanday olsa bo'ladi?,true,2026-08-04 00:00:00,2026-08-04 00:00:00
213,36,Nikoh guvohnomasi yo'qolsa dublikatni qanday olaman?,true,2026-08-04 00:00:00,2026-08-04 00:00:00
214,36,Nikoh guvohnomasi yo'qolsa dublikat olish tartibi qanday?,true,2026-08-04 00:00:00,2026-08-04 00:00:00
215,36,Nikoh guvohnomasi yo'qolsa dublikat qanaqa olinadi?,true,2026-08-04 00:00:00,2026-08-04 00:00:00
216,36,Nikoh guvohnomasi yo'qolsa dublikat qanday?,true,2026-08-04 00:00:00,2026-08-04 00:00:00
217,37,Otalikni belgilash (aniqlash) tartibi qanday?,true,2026-08-04 00:00:00,2026-08-04 00:00:00
218,37,Otalikni belgilash (aniqlash) qanday amalga oshiriladi?,true,2026-08-04 00:00:00,2026-08-04 00:00:00
219,37,Otalikni belgilash (aniqlash) qanaqa tartibda bo'ladi?,true,2026-08-04 00:00:00,2026-08-04 00:00:00
220,37,Otalikni belgilash (aniqlash) jarayoni qanday?,true,2026-08-04 00:00:00,2026-08-04 00:00:00
221,37,Otalikni belgilash (aniqlash) tartibi qanaqa?,true,2026-08-04 00:00:00,2026-08-04 00:00:00
222,37,Otalikni belgilash (aniqlash) qanday?,true,2026-08-04 00:00:00,2026-08-04 00:00:00
223,38,Chet el fuqarosi bilan nikoh qanday qayd etiladi?,true,2026-08-04 00:00:00,2026-08-04 00:00:00
224,38,Chet el fuqarosi bilan nikoh qanaqa qayd etiladi?,true,2026-08-04 00:00:00,2026-08-04 00:00:00
225,38,Chet el fuqarosi nikoh qayd etiladi qanday?,true,2026-08-04 00:00:00,2026-08-04 00:00:00
226,38,Chet el fuqarosi nikoh qayd etiladi haqida ma'lumot bering,true,2026-08-04 00:00:00,2026-08-04 00:00:00
227,38,Chet el fuqarosi nikoh qayd etiladi bo'yicha ma'lumot kerak,true,2026-08-04 00:00:00,2026-08-04 00:00:00
228,38,Menga chet el fuqarosi nikoh qayd etiladi haqida ayting,true,2026-08-04 00:00:00,2026-08-04 00:00:00
229,39,Chaqaloqqa ism qo'yishda cheklovlar bormi?,true,2026-08-04 00:00:00,2026-08-04 00:00:00
230,39,Chaqaloqqa ism qo'yishda cheklovlar qanday?,true,2026-08-04 00:00:00,2026-08-04 00:00:00
231,39,Chaqaloqqa ism qo'yishda cheklovlar haqida ma'lumot bering,true,2026-08-04 00:00:00,2026-08-04 00:00:00
232,39,Chaqaloqqa ism qo'yishda cheklovlar bo'yicha ma'lumot kerak,true,2026-08-04 00:00:00,2026-08-04 00:00:00
233,39,Menga chaqaloqqa ism qo'yishda cheklovlar haqida ayting,true,2026-08-04 00:00:00,2026-08-04 00:00:00
234,39,"Iltimos, ayting: chaqaloqqa ism qo'yishda cheklovlar bormi?",true,2026-08-04 00:00:00,2026-08-04 00:00:00
235,40,Xorijga chiqishda ID-karta yetarlimi yoki pasport kerakmi?,true,2026-08-04 00:00:00,2026-08-04 00:00:00
236,40,Xorijga chiqishda ID-karta yetarlimi yoki pasport qanday?,true,2026-08-04 00:00:00,2026-08-04 00:00:00
237,40,Xorijga chiqishda ID-karta yetarlimi yoki pasport haqida ma'lumot bering,true,2026-08-04 00:00:00,2026-08-04 00:00:00
238,40,Xorijga chiqishda ID-karta yetarlimi yoki pasport bo'yicha ma'lumot kerak,true,2026-08-04 00:00:00,2026-08-04 00:00:00
239,40,Menga xorijga chiqishda id-karta yetarlimi yoki pasport haqida ayting,true,2026-08-04 00:00:00,2026-08-04 00:00:00
240,40,"Iltimos, ayting: xorijga chiqishda ID-karta yetarlimi yoki pasport kerakmi?",true,2026-08-04 00:00:00,2026-08-04 00:00:00
241,41,Chet el fuqarosini yashash joyida ro'yxatga olish (mehmon qilish) tartibi qanday?,true,2026-08-04 00:00:00,2026-08-04 00:00:00
242,41,Chet el fuqarosini yashash joyida ro'yxatga olish (mehmon qilish) qanday amalga oshiriladi?,true,2026-08-04 00:00:00,2026-08-04 00:00:00
243,41,Chet el fuqarosini yashash joyida ro'yxatga olish (mehmon qilish) qanaqa tartibda bo'ladi?,true,2026-08-04 00:00:00,2026-08-04 00:00:00
244,41,Chet el fuqarosini yashash joyida ro'yxatga olish (mehmon qilish) jarayoni qanday?,true,2026-08-04 00:00:00,2026-08-04 00:00:00
245,41,Chet el fuqarosini yashash joyida ro'yxatga olish (mehmon qilish) tartibi qanaqa?,true,2026-08-04 00:00:00,2026-08-04 00:00:00
246,41,Chet el fuqarosini yashash joyida ro'yxatga olish (mehmon qilish) qanday?,true,2026-08-04 00:00:00,2026-08-04 00:00:00
247,42,Chet elliklar uchun doimiy yashash guvohnomasi qanday olinadi?,true,2026-08-04 00:00:00,2026-08-04 00:00:00
248,42,Chet elliklar uchun doimiy yashash guvohnomasi qanday olsa bo'ladi?,true,2026-08-04 00:00:00,2026-08-04 00:00:00
249,42,Chet elliklar uchun doimiy yashash guvohnomasini qanday olaman?,true,2026-08-04 00:00:00,2026-08-04 00:00:00
250,42,Chet elliklar uchun doimiy yashash guvohnomasi olish tartibi qanday?,true,2026-08-04 00:00:00,2026-08-04 00:00:00
251,42,Chet elliklar uchun doimiy yashash guvohnomasi qanaqa olinadi?,true,2026-08-04 00:00:00,2026-08-04 00:00:00
252,42,Chet elliklar doimiy yashash guvohnomasi qanday?,true,2026-08-04 00:00:00,2026-08-04 00:00:00
253,43,Merosga bo'lgan huquq to'g'risidagi guvohnoma qanday olinadi?,true,2026-08-04 00:00:00,2026-08-04 00:00:00
254,43,Merosga bo'lgan huquq to'g'risidagi guvohnoma qanday olsa bo'ladi?,true,2026-08-04 00:00:00,2026-08-04 00:00:00
255,43,Merosga bo'lgan huquq to'g'risidagi guvohnomani qanday olaman?,true,2026-08-04 00:00:00,2026-08-04 00:00:00
256,43,Merosga bo'lgan huquq to'g'risidagi guvohnoma olish tartibi qanday?,true,2026-08-04 00:00:00,2026-08-04 00:00:00
257,43,Merosga bo'lgan huquq to'g'risidagi guvohnoma qanaqa olinadi?,true,2026-08-04 00:00:00,2026-08-04 00:00:00
258,43,Merosga bo'lgan huquq to'g'risidagi guvohnoma qanday?,true,2026-08-04 00:00:00,2026-08-04 00:00:00
259,44,Meros ishini rasmiylashtirish uchun qanday hujjatlar kerak?,true,2026-08-04 00:00:00,2026-08-04 00:00:00
260,44,Meros ishini rasmiylashtirish uchun qanaqa hujjatlar kerak?,true,2026-08-04 00:00:00,2026-08-04 00:00:00
261,44,Meros ishini rasmiylashtirish hujjatlar qanday?,true,2026-08-04 00:00:00,2026-08-04 00:00:00
262,44,Meros ishini rasmiylashtirish hujjatlar haqida ma'lumot bering,true,2026-08-04 00:00:00,2026-08-04 00:00:00
263,44,Meros ishini rasmiylashtirish hujjatlar bo'yicha ma'lumot kerak,true,2026-08-04 00:00:00,2026-08-04 00:00:00
264,44,Menga meros ishini rasmiylashtirish hujjatlar haqida ayting,true,2026-08-04 00:00:00,2026-08-04 00:00:00
265,45,Ishonchnoma (ishonch xati) qanday rasmiylashtiriladi?,true,2026-08-04 00:00:00,2026-08-04 00:00:00
266,45,Ishonchnoma (ishonch xati)ni rasmiylashtirish tartibi qanday?,true,2026-08-04 00:00:00,2026-08-04 00:00:00
267,45,Ishonchnoma (ishonch xati) qanday rasmiylashtirsa bo'ladi?,true,2026-08-04 00:00:00,2026-08-04 00:00:00
268,45,Ishonchnoma (ishonch xati) qanday amalga oshiriladi?,true,2026-08-04 00:00:00,2026-08-04 00:00:00
269,45,Ishonchnoma (ishonch xati) qanaqa rasmiylashtiriladi?,true,2026-08-04 00:00:00,2026-08-04 00:00:00
270,45,Ishonchnoma (ishonch xati) qanday?,true,2026-08-04 00:00:00,2026-08-04 00:00:00
271,46,Notarial hujjat yo'qolsa nusxasi (dublikat) qanday olinadi?,true,2026-08-04 00:00:00,2026-08-04 00:00:00
272,46,Notarial hujjat yo'qolsa nusxasi (dublikat) qanday olsa bo'ladi?,true,2026-08-04 00:00:00,2026-08-04 00:00:00
273,46,Notarial hujjat yo'qolsa nusxasi (dublikat)ni qanday olaman?,true,2026-08-04 00:00:00,2026-08-04 00:00:00
274,46,Notarial hujjat yo'qolsa nusxasi (dublikat) olish tartibi qanday?,true,2026-08-04 00:00:00,2026-08-04 00:00:00
275,46,Notarial hujjat yo'qolsa nusxasi (dublikat) qanaqa olinadi?,true,2026-08-04 00:00:00,2026-08-04 00:00:00
276,46,Notarial hujjat yo'qolsa nusxasi (dublikat) qanday?,true,2026-08-04 00:00:00,2026-08-04 00:00:00
277,47,Notariusning harakatidan norozi bo'lsam qayerga murojaat qilaman?,true,2026-08-04 00:00:00,2026-08-04 00:00:00
278,47,Notariusning harakatidan norozi bo'lsam murojaat qilaman qanday?,true,2026-08-04 00:00:00,2026-08-04 00:00:00
279,47,Notariusning harakatidan norozi bo'lsam murojaat qilaman haqida ma'lumot bering,true,2026-08-04 00:00:00,2026-08-04 00:00:00
280,47,Notariusning harakatidan norozi bo'lsam murojaat qilaman bo'yicha ma'lumot kerak,true,2026-08-04 00:00:00,2026-08-04 00:00:00
281,47,Menga notariusning harakatidan norozi bo'lsam murojaat qilaman haqida ayting,true,2026-08-04 00:00:00,2026-08-04 00:00:00
282,47,"Iltimos, ayting: notariusning harakatidan norozi bo'lsam qayerga murojaat qilaman?",true,2026-08-04 00:00:00,2026-08-04 00:00:00
283,48,Uy-joyga (ko'chmas mulkka) bo'lgan huquqni davlat ro'yxatidan qanday o'tkaziladi?,true,2026-08-04 00:00:00,2026-08-04 00:00:00
284,48,Uy-joyga (ko'chmas mulkka) bo'lgan huquqni davlat ro'yxatidan qanaqa o'tkaziladi?,true,2026-08-04 00:00:00,2026-08-04 00:00:00
285,48,Uy-joyga (ko'chmas mulkka) bo'lgan huquqni davlat ro'yxatidan qanday?,true,2026-08-04 00:00:00,2026-08-04 00:00:00
286,48,Uy-joyga (ko'chmas mulkka) bo'lgan huquqni davlat ro'yxatidan haqida ma'lumot bering,true,2026-08-04 00:00:00,2026-08-04 00:00:00
287,48,Uy-joyga (ko'chmas mulkka) bo'lgan huquqni davlat ro'yxatidan bo'yicha ma'lumot kerak,true,2026-08-04 00:00:00,2026-08-04 00:00:00
288,48,Menga uy-joyga (ko'chmas mulkka) bo'lgan huquqni davlat ro'yxatidan haqida ayting,true,2026-08-04 00:00:00,2026-08-04 00:00:00
289,49,Ko'chmas mulk bo'yicha kadastr ko'chirmasi (ma'lumotnoma) qanday olinadi?,true,2026-08-04 00:00:00,2026-08-04 00:00:00
290,49,Ko'chmas mulk bo'yicha kadastr ko'chirmasi (ma'lumotnoma) qanday olsa bo'ladi?,true,2026-08-04 00:00:00,2026-08-04 00:00:00
291,49,Ko'chmas mulk bo'yicha kadastr ko'chirmasi (ma'lumotnoma)ni qanday olaman?,true,2026-08-04 00:00:00,2026-08-04 00:00:00
292,49,Ko'chmas mulk bo'yicha kadastr ko'chirmasi (ma'lumotnoma) olish tartibi qanday?,true,2026-08-04 00:00:00,2026-08-04 00:00:00
293,49,Ko'chmas mulk bo'yicha kadastr ko'chirmasi (ma'lumotnoma) qanaqa olinadi?,true,2026-08-04 00:00:00,2026-08-04 00:00:00
294,49,Ko'chmas mulk bo'yicha kadastr ko'chirmasi (ma'lumotnoma) qanday?,true,2026-08-04 00:00:00,2026-08-04 00:00:00
295,50,Uy oldi-sotdisi (shartnoma) qanday rasmiylashtiriladi?,true,2026-08-04 00:00:00,2026-08-04 00:00:00
296,50,Uy oldi-sotdisi (shartnoma)ni rasmiylashtirish tartibi qanday?,true,2026-08-04 00:00:00,2026-08-04 00:00:00
297,50,Uy oldi-sotdisi (shartnoma) qanday rasmiylashtirsa bo'ladi?,true,2026-08-04 00:00:00,2026-08-04 00:00:00
298,50,Uy oldi-sotdisi (shartnoma) qanday amalga oshiriladi?,true,2026-08-04 00:00:00,2026-08-04 00:00:00
299,50,Uy oldi-sotdisi (shartnoma) qanaqa rasmiylashtiriladi?,true,2026-08-04 00:00:00,2026-08-04 00:00:00
300,50,Uy oldi-sotdisi (shartnoma) qanday?,true,2026-08-04 00:00:00,2026-08-04 00:00:00
301,51,Ko'chmas mulkka qo'yilgan taqiqni (arest/garov) qanday tekshirish yoki olib tashlash mumkin?,true,2026-08-04 00:00:00,2026-08-04 00:00:00
302,51,Ko'chmas mulkka qo'yilgan taqiqni (arest/garov) qanaqa tekshirish yoki olib tashlash mumkin?,true,2026-08-04 00:00:00,2026-08-04 00:00:00
303,51,Ko'chmas mulkka qo'yilgan taqiqni (arest/garov) tekshirish yoki olib tashlash qanday?,true,2026-08-04 00:00:00,2026-08-04 00:00:00
304,51,Ko'chmas mulkka qo'yilgan taqiqni (arest/garov) tekshirish yoki olib tashlash haqida ma'lumot bering,true,2026-08-04 00:00:00,2026-08-04 00:00:00
305,51,Ko'chmas mulkka qo'yilgan taqiqni (arest/garov) tekshirish yoki olib tashlash bo'yicha ma'lumot kerak,true,2026-08-04 00:00:00,2026-08-04 00:00:00
306,51,Menga ko'chmas mulkka qo'yilgan taqiqni (arest/garov) tekshirish yoki olib tashlash haqida ayting,true,2026-08-04 00:00:00,2026-08-04 00:00:00
307,52,Kadastr pasporti qanday shakllantiriladi?,true,2026-08-04 00:00:00,2026-08-04 00:00:00
308,52,Kadastr pasporti qanaqa shakllantiriladi?,true,2026-08-04 00:00:00,2026-08-04 00:00:00
309,52,Kadastr pasporti shakllantiriladi qanday?,true,2026-08-04 00:00:00,2026-08-04 00:00:00
310,52,Kadastr pasporti shakllantiriladi haqida ma'lumot bering,true,2026-08-04 00:00:00,2026-08-04 00:00:00
311,52,Kadastr pasporti shakllantiriladi bo'yicha ma'lumot kerak,true,2026-08-04 00:00:00,2026-08-04 00:00:00
312,52,Menga kadastr pasporti shakllantiriladi haqida ayting,true,2026-08-04 00:00:00,2026-08-04 00:00:00
313,53,Avtomobil oldi-sotdi shartnomasini rasmiylashtirish tartibi qanday?,true,2026-08-04 00:00:00,2026-08-04 00:00:00
314,53,Avtomobil oldi-sotdi shartnomasini rasmiylashtirish qanday amalga oshiriladi?,true,2026-08-04 00:00:00,2026-08-04 00:00:00
315,53,Avtomobil oldi-sotdi shartnomasini rasmiylashtirish qanaqa tartibda bo'ladi?,true,2026-08-04 00:00:00,2026-08-04 00:00:00
316,53,Avtomobil oldi-sotdi shartnomasini rasmiylashtirish jarayoni qanday?,true,2026-08-04 00:00:00,2026-08-04 00:00:00
317,53,Avtomobil oldi-sotdi shartnomasini rasmiylashtirish tartibi qanaqa?,true,2026-08-04 00:00:00,2026-08-04 00:00:00
318,53,Avtomobil oldi-sotdi shartnomasini rasmiylashtirish qanday?,true,2026-08-04 00:00:00,2026-08-04 00:00:00
319,54,Haydovchilik guvohnomasi muddati tugasa yoki yo'qolsa nima qilinadi?,true,2026-08-04 00:00:00,2026-08-04 00:00:00
320,54,Haydovchilik guvohnomasi muddati tugasa yoki yo'qolsa qanday?,true,2026-08-04 00:00:00,2026-08-04 00:00:00
321,54,Haydovchilik guvohnomasi muddati tugasa yoki yo'qolsa haqida ma'lumot bering,true,2026-08-04 00:00:00,2026-08-04 00:00:00
322,54,Haydovchilik guvohnomasi muddati tugasa yoki yo'qolsa bo'yicha ma'lumot kerak,true,2026-08-04 00:00:00,2026-08-04 00:00:00
323,54,Menga haydovchilik guvohnomasi muddati tugasa yoki yo'qolsa haqida ayting,true,2026-08-04 00:00:00,2026-08-04 00:00:00
324,54,"Iltimos, ayting: haydovchilik guvohnomasi muddati tugasa yoki yo'qolsa nima qilinadi?",true,2026-08-04 00:00:00,2026-08-04 00:00:00
325,55,Davlat raqam belgisini (avtoraqam) olish yoki almashtirish qanday?,true,2026-08-04 00:00:00,2026-08-04 00:00:00
326,55,Davlat raqam belgisini (avtoraqam) olish yoki almashtirish qanaqa?,true,2026-08-04 00:00:00,2026-08-04 00:00:00
327,55,Davlat raqam belgisini (avtoraqam) olish yoki almashtirish haqida ma'lumot bering,true,2026-08-04 00:00:00,2026-08-04 00:00:00
328,55,Davlat raqam belgisini (avtoraqam) olish yoki almashtirish bo'yicha ma'lumot kerak,true,2026-08-04 00:00:00,2026-08-04 00:00:00
329,55,Menga davlat raqam belgisini (avtoraqam) olish yoki almashtirish haqida ayting,true,2026-08-04 00:00:00,2026-08-04 00:00:00
330,55,"Iltimos, ayting: davlat raqam belgisini (avtoraqam) olish yoki almashtirish qanday?",true,2026-08-04 00:00:00,2026-08-04 00:00:00
331,56,Yakka tartibdagi tadbirkor (YaTT) soliqlarni qanday to'laydi?,true,2026-08-04 00:00:00,2026-08-04 00:00:00
332,56,Yakka tartibdagi tadbirkor (YaTT) soliqlarni qanaqa to'laydi?,true,2026-08-04 00:00:00,2026-08-04 00:00:00
333,56,Yakka tartibdagi tadbirkor (YaTT) soliqlarni to'laydi qanday?,true,2026-08-04 00:00:00,2026-08-04 00:00:00
334,56,Yakka tartibdagi tadbirkor (YaTT) soliqlarni to'laydi haqida ma'lumot bering,true,2026-08-04 00:00:00,2026-08-04 00:00:00
335,56,Yakka tartibdagi tadbirkor (YaTT) soliqlarni to'laydi bo'yicha ma'lumot kerak,true,2026-08-04 00:00:00,2026-08-04 00:00:00
336,56,Menga yakka tartibdagi tadbirkor (yatt) soliqlarni to'laydi haqida ayting,true,2026-08-04 00:00:00,2026-08-04 00:00:00
337,57,Soliq qarzini yoki hisobini qanday tekshirish mumkin?,true,2026-08-04 00:00:00,2026-08-04 00:00:00
338,57,Soliq qarzini yoki hisobini qanaqa tekshirish mumkin?,true,2026-08-04 00:00:00,2026-08-04 00:00:00
339,57,Soliq qarzini yoki hisobini tekshirish qanday?,true,2026-08-04 00:00:00,2026-08-04 00:00:00
340,57,Soliq qarzini yoki hisobini tekshirish haqida ma'lumot bering,true,2026-08-04 00:00:00,2026-08-04 00:00:00
341,57,Soliq qarzini yoki hisobini tekshirish bo'yicha ma'lumot kerak,true,2026-08-04 00:00:00,2026-08-04 00:00:00
342,57,Menga soliq qarzini yoki hisobini tekshirish haqida ayting,true,2026-08-04 00:00:00,2026-08-04 00:00:00
343,58,STIR (soliq to'lovchining identifikatsiya raqami) nima?,true,2026-08-04 00:00:00,2026-08-04 00:00:00
344,58,STIR (soliq to'lovchining identifikatsiya raqami) qanday?,true,2026-08-04 00:00:00,2026-08-04 00:00:00
345,58,STIR (soliq to'lovchining identifikatsiya raqami) haqida ma'lumot bering,true,2026-08-04 00:00:00,2026-08-04 00:00:00
346,58,STIR (soliq to'lovchining identifikatsiya raqami) bo'yicha ma'lumot kerak,true,2026-08-04 00:00:00,2026-08-04 00:00:00
347,58,Menga stir (soliq to'lovchining identifikatsiya raqami) haqida ayting,true,2026-08-04 00:00:00,2026-08-04 00:00:00
348,58,"Iltimos, ayting: sTIR (soliq to'lovchining identifikatsiya raqami) nima?",true,2026-08-04 00:00:00,2026-08-04 00:00:00
349,59,Yuridik shaxsni (MChJ) davlat ro'yxatidan qanday o'tkazish mumkin?,true,2026-08-04 00:00:00,2026-08-04 00:00:00
350,59,Yuridik shaxsni (MChJ) davlat ro'yxatidan qanaqa o'tkazish mumkin?,true,2026-08-04 00:00:00,2026-08-04 00:00:00
351,59,Yuridik shaxsni (MChJ) davlat ro'yxatidan o'tkazish qanday?,true,2026-08-04 00:00:00,2026-08-04 00:00:00
352,59,Yuridik shaxsni (MChJ) davlat ro'yxatidan o'tkazish haqida ma'lumot bering,true,2026-08-04 00:00:00,2026-08-04 00:00:00
353,59,Yuridik shaxsni (MChJ) davlat ro'yxatidan o'tkazish bo'yicha ma'lumot kerak,true,2026-08-04 00:00:00,2026-08-04 00:00:00
354,59,Menga yuridik shaxsni (mchj) davlat ro'yxatidan o'tkazish haqida ayting,true,2026-08-04 00:00:00,2026-08-04 00:00:00
355,60,Biznesni ro'yxatdan o'tkazish qancha vaqt va boj oladi?,true,2026-08-04 00:00:00,2026-08-04 00:00:00
356,60,Biznesni ro'yxatdan o'tkazish vaqt boj oladi qanday?,true,2026-08-04 00:00:00,2026-08-04 00:00:00
357,60,Biznesni ro'yxatdan o'tkazish vaqt boj oladi haqida ma'lumot bering,true,2026-08-04 00:00:00,2026-08-04 00:00:00
358,60,Biznesni ro'yxatdan o'tkazish vaqt boj oladi bo'yicha ma'lumot kerak,true,2026-08-04 00:00:00,2026-08-04 00:00:00
359,60,Menga biznesni ro'yxatdan o'tkazish vaqt boj oladi haqida ayting,true,2026-08-04 00:00:00,2026-08-04 00:00:00
360,60,"Iltimos, ayting: biznesni ro'yxatdan o'tkazish qancha vaqt va boj oladi?",true,2026-08-04 00:00:00,2026-08-04 00:00:00
361,61,Firma nomini oldindan band qilish (rezervlash) kerakmi?,true,2026-08-04 00:00:00,2026-08-04 00:00:00
362,61,Firma nomini oldindan band qilish (rezervlash) qanday?,true,2026-08-04 00:00:00,2026-08-04 00:00:00
363,61,Firma nomini oldindan band qilish (rezervlash) haqida ma'lumot bering,true,2026-08-04 00:00:00,2026-08-04 00:00:00
364,61,Firma nomini oldindan band qilish (rezervlash) bo'yicha ma'lumot kerak,true,2026-08-04 00:00:00,2026-08-04 00:00:00
365,61,Menga firma nomini oldindan band qilish (rezervlash) haqida ayting,true,2026-08-04 00:00:00,2026-08-04 00:00:00
366,61,"Iltimos, ayting: firma nomini oldindan band qilish (rezervlash) kerakmi?",true,2026-08-04 00:00:00,2026-08-04 00:00:00
367,62,Ro'yxatdan o'tmasdan tadbirkorlik qilish mumkinmi?,true,2026-08-04 00:00:00,2026-08-04 00:00:00
368,62,Ro'yxatdan o'tmasdan tadbirkorlik qilish mumkin bo'ladimi?,true,2026-08-04 00:00:00,2026-08-04 00:00:00
369,62,Ro'yxatdan o'tmasdan tadbirkorlik qilishga ruxsat beriladimi?,true,2026-08-04 00:00:00,2026-08-04 00:00:00
370,62,Ro'yxatdan o'tmasdan tadbirkorlik qilish imkoni bormi?,true,2026-08-04 00:00:00,2026-08-04 00:00:00
371,62,Ro'yxatdan o'tmasdan tadbirkorlik qilish qanday?,true,2026-08-04 00:00:00,2026-08-04 00:00:00
372,62,Ro'yxatdan o'tmasdan tadbirkorlik qilish haqida ma'lumot bering,true,2026-08-04 00:00:00,2026-08-04 00:00:00
373,63,Hujjatga apostil qanday qo'yiladi?,true,2026-08-04 00:00:00,2026-08-04 00:00:00
374,63,Hujjatga apostil qanaqa qo'yiladi?,true,2026-08-04 00:00:00,2026-08-04 00:00:00
375,63,Hujjatga apostil qo'yiladi qanday?,true,2026-08-04 00:00:00,2026-08-04 00:00:00
376,63,Hujjatga apostil qo'yiladi haqida ma'lumot bering,true,2026-08-04 00:00:00,2026-08-04 00:00:00
377,63,Hujjatga apostil qo'yiladi bo'yicha ma'lumot kerak,true,2026-08-04 00:00:00,2026-08-04 00:00:00
378,63,Menga hujjatga apostil qo'yiladi haqida ayting,true,2026-08-04 00:00:00,2026-08-04 00:00:00
379,64,Chet elda tug'ilgan bolaning tug'ilganligini qanday qayd ettirish mumkin?,true,2026-08-04 00:00:00,2026-08-04 00:00:00
380,64,Chet elda tug'ilgan bolaning tug'ilganligini qanaqa qayd ettirish mumkin?,true,2026-08-04 00:00:00,2026-08-04 00:00:00
381,64,Chet elda tug'ilgan bolaning tug'ilganligini qayd ettirish qanday?,true,2026-08-04 00:00:00,2026-08-04 00:00:00
382,64,Chet elda tug'ilgan bolaning tug'ilganligini qayd ettirish haqida ma'lumot bering,true,2026-08-04 00:00:00,2026-08-04 00:00:00
383,64,Chet elda tug'ilgan bolaning tug'ilganligini qayd ettirish bo'yicha ma'lumot kerak,true,2026-08-04 00:00:00,2026-08-04 00:00:00
384,64,Menga chet elda tug'ilgan bolaning tug'ilganligini qayd ettirish haqida ayting,true,2026-08-04 00:00:00,2026-08-04 00:00:00
385,65,Chet elda qonuniy ishlash (mehnat migratsiyasi) uchun qayerga murojaat qilinadi?,true,2026-08-04 00:00:00,2026-08-04 00:00:00
386,65,Chet elda qonuniy ishlash (mehnat migratsiyasi) uchun qayerga murojaat qilaman?,true,2026-08-04 00:00:00,2026-08-04 00:00:00
387,65,Chet elda qonuniy ishlash (mehnat migratsiyasi) uchun bo'yicha qayerga borish kerak?,true,2026-08-04 00:00:00,2026-08-04 00:00:00
388,65,Chet elda qonuniy ishlash (mehnat migratsiyasi) uchun qayerdan hal qilinadi?,true,2026-08-04 00:00:00,2026-08-04 00:00:00
389,65,Chet elda qonuniy ishlash (mehnat migratsiyasi) murojaat qanday?,true,2026-08-04 00:00:00,2026-08-04 00:00:00
390,65,Chet elda qonuniy ishlash (mehnat migratsiyasi) murojaat haqida ma'lumot bering,true,2026-08-04 00:00:00,2026-08-04 00:00:00
391,66,Nogironligi bo'lgan shaxslar uchun nafaqa yoki imtiyozlar qanday rasmiylashtiriladi?,true,2026-08-04 00:00:00,2026-08-04 00:00:00
392,66,Nogironligi bo'lgan shaxslar uchun nafaqa yoki imtiyozlarni rasmiylashtirish tartibi qanday?,true,2026-08-04 00:00:00,2026-08-04 00:00:00
393,66,Nogironligi bo'lgan shaxslar uchun nafaqa yoki imtiyozlar qanday rasmiylashtirsa bo'ladi?,true,2026-08-04 00:00:00,2026-08-04 00:00:00
394,66,Nogironligi bo'lgan shaxslar uchun nafaqa yoki imtiyozlar qanday amalga oshiriladi?,true,2026-08-04 00:00:00,2026-08-04 00:00:00
395,66,Nogironligi bo'lgan shaxslar uchun nafaqa yoki imtiyozlar qanaqa rasmiylashtiriladi?,true,2026-08-04 00:00:00,2026-08-04 00:00:00
396,66,Nogironligi bo'lgan shaxslar nafaqa yoki imtiyozlar qanday?,true,2026-08-04 00:00:00,2026-08-04 00:00:00
397,67,Bolalarga oid nafaqalar qanday tayinlanadi?,true,2026-08-04 00:00:00,2026-08-04 00:00:00
398,67,Bolalarga oid nafaqalar qanaqa tayinlanadi?,true,2026-08-04 00:00:00,2026-08-04 00:00:00
399,67,Bolalarga oid nafaqalar tayinlanadi qanday?,true,2026-08-04 00:00:00,2026-08-04 00:00:00
400,67,Bolalarga oid nafaqalar tayinlanadi haqida ma'lumot bering,true,2026-08-04 00:00:00,2026-08-04 00:00:00
401,67,Bolalarga oid nafaqalar tayinlanadi bo'yicha ma'lumot kerak,true,2026-08-04 00:00:00,2026-08-04 00:00:00
402,67,Menga bolalarga oid nafaqalar tayinlanadi haqida ayting,true,2026-08-04 00:00:00,2026-08-04 00:00:00
403,68,Ishsizlik holatida qanday yordam olish mumkin?,true,2026-08-04 00:00:00,2026-08-04 00:00:00
404,68,Ishsizlik holatida qanaqa yordam olish mumkin?,true,2026-08-04 00:00:00,2026-08-04 00:00:00
405,68,Ishsizlik holatida yordam olish qanday?,true,2026-08-04 00:00:00,2026-08-04 00:00:00
406,68,Ishsizlik holatida yordam olish haqida ma'lumot bering,true,2026-08-04 00:00:00,2026-08-04 00:00:00
407,68,Ishsizlik holatida yordam olish bo'yicha ma'lumot kerak,true,2026-08-04 00:00:00,2026-08-04 00:00:00
408,68,Menga ishsizlik holatida yordam olish haqida ayting,true,2026-08-04 00:00:00,2026-08-04 00:00:00
409,27,Poliklinikaga biriktirilgan shifokorni qanday o'zgartirish mumkin?,true,2026-08-04 00:00:00,2026-08-04 00:00:00
410,27,Poliklinikaga biriktirilgan shifokorni qanaqa o'zgartirish mumkin?,true,2026-08-04 00:00:00,2026-08-04 00:00:00
411,27,Poliklinikaga biriktirilgan shifokorni o'zgartirish qanday?,true,2026-08-04 00:00:00,2026-08-04 00:00:00
412,27,Poliklinikaga biriktirilgan shifokorni o'zgartirish haqida ma'lumot bering,true,2026-08-04 00:00:00,2026-08-04 00:00:00
413,27,Poliklinikaga biriktirilgan shifokorni o'zgartirish bo'yicha ma'lumot kerak,true,2026-08-04 00:00:00,2026-08-04 00:00:00
414,27,Menga poliklinikaga biriktirilgan shifokorni o'zgartirish haqida ayting,true,2026-08-04 00:00:00,2026-08-04 00:00:00
415,69,Tibbiy xizmat bo'yicha shikoyat qayerga bildiriladi?,true,2026-08-04 00:00:00,2026-08-04 00:00:00
416,69,Tibbiy xizmat bo'yicha shikoyat bildiriladi qanday?,true,2026-08-04 00:00:00,2026-08-04 00:00:00
417,69,Tibbiy xizmat bo'yicha shikoyat bildiriladi haqida ma'lumot bering,true,2026-08-04 00:00:00,2026-08-04 00:00:00
418,69,Tibbiy xizmat bo'yicha shikoyat bildiriladi bo'yicha ma'lumot kerak,true,2026-08-04 00:00:00,2026-08-04 00:00:00
419,69,Menga tibbiy xizmat bo'yicha shikoyat bildiriladi haqida ayting,true,2026-08-04 00:00:00,2026-08-04 00:00:00
420,69,"Iltimos, ayting: tibbiy xizmat bo'yicha shikoyat qayerga bildiriladi?",true,2026-08-04 00:00:00,2026-08-04 00:00:00
421,70,Bolani maktab yoki bog'chaga qanday biriktirish (navbatga qo'yish) mumkin?,true,2026-08-04 00:00:00,2026-08-04 00:00:00
422,70,Bolani maktab yoki bog'chaga qanaqa biriktirish (navbatga qo'yish) mumkin?,true,2026-08-04 00:00:00,2026-08-04 00:00:00
423,70,Bolani maktab yoki bog'chaga biriktirish (navbatga qo'yish) qanday?,true,2026-08-04 00:00:00,2026-08-04 00:00:00
424,70,Bolani maktab yoki bog'chaga biriktirish (navbatga qo'yish) haqida ma'lumot bering,true,2026-08-04 00:00:00,2026-08-04 00:00:00
425,70,Bolani maktab yoki bog'chaga biriktirish (navbatga qo'yish) bo'yicha ma'lumot kerak,true,2026-08-04 00:00:00,2026-08-04 00:00:00
426,70,Menga bolani maktab yoki bog'chaga biriktirish (navbatga qo'yish) haqida ayting,true,2026-08-04 00:00:00,2026-08-04 00:00:00
427,71,Chet el diplomi yoki ta'lim hujjatini tan oldirish (nostrifikatsiya) qanday amalga oshiriladi?,true,2026-08-04 00:00:00,2026-08-04 00:00:00
428,71,Chet el diplomi yoki ta'lim hujjatini tan oldirish (nostrifikatsiya) qanday bajariladi?,true,2026-08-04 00:00:00,2026-08-04 00:00:00
429,71,Chet el diplomi yoki ta'lim hujjatini tan oldirish (nostrifikatsiya) tartibi qanday?,true,2026-08-04 00:00:00,2026-08-04 00:00:00
430,71,Chet el diplomi yoki ta'lim hujjatini tan oldirish (nostrifikatsiya) qanday qilinadi?,true,2026-08-04 00:00:00,2026-08-04 00:00:00
431,71,Chet el diplomi yoki ta'lim hujjatini tan oldirish (nostrifikatsiya) qanaqa amalga oshiriladi?,true,2026-08-04 00:00:00,2026-08-04 00:00:00
432,71,Chet el diplomi yoki ta'lim hujjatini tan oldirish (nostrifikatsiya) qanday?,true,2026-08-04 00:00:00,2026-08-04 00:00:00
433,72,my.gov.uz portaliga qanday ro'yxatdan o'tiladi yoki kiriladi?,true,2026-08-04 00:00:00,2026-08-04 00:00:00
434,72,my.gov.uz portaliga qanaqa ro'yxatdan o'tiladi yoki kiriladi?,true,2026-08-04 00:00:00,2026-08-04 00:00:00
435,72,my.gov.uz portaliga ro'yxatdan o'tiladi yoki kiriladi qanday?,true,2026-08-04 00:00:00,2026-08-04 00:00:00
436,72,my.gov.uz portaliga ro'yxatdan o'tiladi yoki kiriladi haqida ma'lumot bering,true,2026-08-04 00:00:00,2026-08-04 00:00:00
437,72,my.gov.uz portaliga ro'yxatdan o'tiladi yoki kiriladi bo'yicha ma'lumot kerak,true,2026-08-04 00:00:00,2026-08-04 00:00:00
438,72,Menga my.gov.uz portaliga ro'yxatdan o'tiladi yoki kiriladi haqida ayting,true,2026-08-04 00:00:00,2026-08-04 00:00:00
439,73,Elektron raqamli imzo (ERI) qanday olinadi?,true,2026-08-04 00:00:00,2026-08-04 00:00:00
440,73,Elektron raqamli imzo (ERI) qanday olsa bo'ladi?,true,2026-08-04 00:00:00,2026-08-04 00:00:00
441,73,Elektron raqamli imzo (ERI)ni qanday olaman?,true,2026-08-04 00:00:00,2026-08-04 00:00:00
442,73,Elektron raqamli imzo (ERI) olish tartibi qanday?,true,2026-08-04 00:00:00,2026-08-04 00:00:00
443,73,Elektron raqamli imzo (ERI) qanaqa olinadi?,true,2026-08-04 00:00:00,2026-08-04 00:00:00
444,73,Elektron raqamli imzo (ERI) qanday?,true,2026-08-04 00:00:00,2026-08-04 00:00:00
445,74,Davlat bojini qanday onlayn to'lash mumkin?,true,2026-08-04 00:00:00,2026-08-04 00:00:00
446,74,Davlat bojini qanaqa onlayn to'lash mumkin?,true,2026-08-04 00:00:00,2026-08-04 00:00:00
447,74,Davlat bojini onlayn to'lash qanday?,true,2026-08-04 00:00:00,2026-08-04 00:00:00
448,74,Davlat bojini onlayn to'lash haqida ma'lumot bering,true,2026-08-04 00:00:00,2026-08-04 00:00:00
449,74,Davlat bojini onlayn to'lash bo'yicha ma'lumot kerak,true,2026-08-04 00:00:00,2026-08-04 00:00:00
450,74,Menga davlat bojini onlayn to'lash haqida ayting,true,2026-08-04 00:00:00,2026-08-04 00:00:00
451,75,Ariza (davlat xizmati) holatini qanday kuzatish mumkin?,true,2026-08-04 00:00:00,2026-08-04 00:00:00
452,75,Ariza (davlat xizmati) holatini qanaqa kuzatish mumkin?,true,2026-08-04 00:00:00,2026-08-04 00:00:00
453,75,Ariza (davlat xizmati) holatini kuzatish qanday?,true,2026-08-04 00:00:00,2026-08-04 00:00:00
454,75,Ariza (davlat xizmati) holatini kuzatish haqida ma'lumot bering,true,2026-08-04 00:00:00,2026-08-04 00:00:00
455,75,Ariza (davlat xizmati) holatini kuzatish bo'yicha ma'lumot kerak,true,2026-08-04 00:00:00,2026-08-04 00:00:00
456,75,Menga ariza (davlat xizmati) holatini kuzatish haqida ayting,true,2026-08-04 00:00:00,2026-08-04 00:00:00
457,76,Davlat xizmati sifatidan norozi bo'lsam qayerga murojaat qilaman?,true,2026-08-04 00:00:00,2026-08-04 00:00:00
458,76,Davlat xizmati sifatidan norozi bo'lsam murojaat qilaman qanday?,true,2026-08-04 00:00:00,2026-08-04 00:00:00
459,76,Davlat xizmati sifatidan norozi bo'lsam murojaat qilaman haqida ma'lumot bering,true,2026-08-04 00:00:00,2026-08-04 00:00:00
460,76,Davlat xizmati sifatidan norozi bo'lsam murojaat qilaman bo'yicha ma'lumot kerak,true,2026-08-04 00:00:00,2026-08-04 00:00:00
461,76,Menga davlat xizmati sifatidan norozi bo'lsam murojaat qilaman haqida ayting,true,2026-08-04 00:00:00,2026-08-04 00:00:00
462,76,"Iltimos, ayting: davlat xizmati sifatidan norozi bo'lsam qayerga murojaat qilaman?",true,2026-08-04 00:00:00,2026-08-04 00:00:00
463,77,Kredit tarixini (ma'lumotini) qanday tekshirish mumkin?,true,2026-08-04 00:00:00,2026-08-04 00:00:00
464,77,Kredit tarixini (ma'lumotini) qanaqa tekshirish mumkin?,true,2026-08-04 00:00:00,2026-08-04 00:00:00
465,77,Kredit tarixini (ma'lumotini) tekshirish qanday?,true,2026-08-04 00:00:00,2026-08-04 00:00:00
466,77,Kredit tarixini (ma'lumotini) tekshirish haqida ma'lumot bering,true,2026-08-04 00:00:00,2026-08-04 00:00:00
467,77,Kredit tarixini (ma'lumotini) tekshirish bo'yicha ma'lumot kerak,true,2026-08-04 00:00:00,2026-08-04 00:00:00
468,77,Menga kredit tarixini (ma'lumotini) tekshirish haqida ayting,true,2026-08-04 00:00:00,2026-08-04 00:00:00
469,78,Harbiy hisobga olish (chaqiruv) bo'yicha qayerga murojaat qilinadi?,true,2026-08-04 00:00:00,2026-08-04 00:00:00
470,78,Harbiy hisobga olish (chaqiruv) bo'yicha qayerga murojaat qilaman?,true,2026-08-04 00:00:00,2026-08-04 00:00:00
471,78,Harbiy hisobga olish (chaqiruv) bo'yicha bo'yicha qayerga borish kerak?,true,2026-08-04 00:00:00,2026-08-04 00:00:00
472,78,Harbiy hisobga olish (chaqiruv) bo'yicha qayerdan hal qilinadi?,true,2026-08-04 00:00:00,2026-08-04 00:00:00
473,78,Harbiy hisobga olish (chaqiruv) bo'yicha murojaat qanday?,true,2026-08-04 00:00:00,2026-08-04 00:00:00
474,78,Harbiy hisobga olish (chaqiruv) bo'yicha murojaat haqida ma'lumot bering,true,2026-08-04 00:00:00,2026-08-04 00:00:00
475,79,"Kommunal to'lovlar (gaz, suv, elektr) bo'yicha shikoyat qayerga bildiriladi?",true,2026-08-04 00:00:00,2026-08-04 00:00:00
476,79,"Kommunal to'lovlar (gaz, suv, elektr) bo'yicha shikoyat bildiriladi qanday?",true,2026-08-04 00:00:00,2026-08-04 00:00:00
477,79,"Kommunal to'lovlar (gaz, suv, elektr) bo'yicha shikoyat bildiriladi haqida ma'lumot bering",true,2026-08-04 00:00:00,2026-08-04 00:00:00
478,79,"Kommunal to'lovlar (gaz, suv, elektr) bo'yicha shikoyat bildiriladi bo'yicha ma'lumot kerak",true,2026-08-04 00:00:00,2026-08-04 00:00:00
479,79,"Menga kommunal to'lovlar (gaz, suv, elektr) bo'yicha shikoyat bildiriladi haqida ayting",true,2026-08-04 00:00:00,2026-08-04 00:00:00
480,79,"Iltimos, ayting: kommunal to'lovlar (gaz, suv, elektr) bo'yicha shikoyat qayerga bildiriladi?",true,2026-08-04 00:00:00,2026-08-04 00:00:00
481,80,Pochta jo'natmasini qanday kuzatish mumkin?,true,2026-08-04 00:00:00,2026-08-04 00:00:00
482,80,Pochta jo'natmasini qanaqa kuzatish mumkin?,true,2026-08-04 00:00:00,2026-08-04 00:00:00
483,80,Pochta jo'natmasini kuzatish qanday?,true,2026-08-04 00:00:00,2026-08-04 00:00:00
484,80,Pochta jo'natmasini kuzatish haqida ma'lumot bering,true,2026-08-04 00:00:00,2026-08-04 00:00:00
485,80,Pochta jo'natmasini kuzatish bo'yicha ma'lumot kerak,true,2026-08-04 00:00:00,2026-08-04 00:00:00
486,80,Menga pochta jo'natmasini kuzatish haqida ayting,true,2026-08-04 00:00:00,2026-08-04 00:00:00
487,81,Fuqaro murojaatiga qonun bo'yicha necha kunda javob beriladi?,true,2026-08-04 00:00:00,2026-08-04 00:00:00
488,81,Fuqaro murojaatiga qonun bo'yicha kunda javob qanday?,true,2026-08-04 00:00:00,2026-08-04 00:00:00
489,81,Fuqaro murojaatiga qonun bo'yicha kunda javob haqida ma'lumot bering,true,2026-08-04 00:00:00,2026-08-04 00:00:00
490,81,Fuqaro murojaatiga qonun bo'yicha kunda javob bo'yicha ma'lumot kerak,true,2026-08-04 00:00:00,2026-08-04 00:00:00
491,81,Menga fuqaro murojaatiga qonun bo'yicha kunda javob haqida ayting,true,2026-08-04 00:00:00,2026-08-04 00:00:00
492,81,"Iltimos, ayting: fuqaro murojaatiga qonun bo'yicha necha kunda javob beriladi?",true,2026-08-04 00:00:00,2026-08-04 00:00:00
493,82,ID-kartaga qanday ma'lumotlar yoziladi?,true,2026-08-04 00:00:00,2026-08-04 00:00:00
494,82,ID-kartaga qanaqa ma'lumotlar yoziladi?,true,2026-08-04 00:00:00,2026-08-04 00:00:00
495,82,ID-kartaga ma'lumotlar qanday?,true,2026-08-04 00:00:00,2026-08-04 00:00:00
496,82,ID-kartaga ma'lumotlar haqida ma'lumot bering,true,2026-08-04 00:00:00,2026-08-04 00:00:00
497,82,ID-kartaga ma'lumotlar bo'yicha ma'lumot kerak,true,2026-08-04 00:00:00,2026-08-04 00:00:00
498,82,Menga id-kartaga ma'lumotlar haqida ayting,true,2026-08-04 00:00:00,2026-08-04 00:00:00
499,83,Yangi tug'ilgan chaqaloqqa ID-karta olish shartmi?,true,2026-08-04 00:00:00,2026-08-04 00:00:00
500,83,Yangi tug'ilgan chaqaloqqa ID-karta olish qanday?,true,2026-08-04 00:00:00,2026-08-04 00:00:00
501,83,Yangi tug'ilgan chaqaloqqa ID-karta olish haqida ma'lumot bering,true,2026-08-04 00:00:00,2026-08-04 00:00:00
502,83,Yangi tug'ilgan chaqaloqqa ID-karta olish bo'yicha ma'lumot kerak,true,2026-08-04 00:00:00,2026-08-04 00:00:00
503,83,Menga yangi tug'ilgan chaqaloqqa id-karta olish haqida ayting,true,2026-08-04 00:00:00,2026-08-04 00:00:00
504,83,"Iltimos, ayting: yangi tug'ilgan chaqaloqqa ID-karta olish shartmi?",true,2026-08-04 00:00:00,2026-08-04 00:00:00
505,84,Ism yoki familiya o'zgargach ID-kartani almashtirish kerakmi?,true,2026-08-04 00:00:00,2026-08-04 00:00:00
506,84,Ism yoki familiya o'zgargach ID-kartani almashtirish qanday?,true,2026-08-04 00:00:00,2026-08-04 00:00:00
507,84,Ism yoki familiya o'zgargach ID-kartani almashtirish haqida ma'lumot bering,true,2026-08-04 00:00:00,2026-08-04 00:00:00
508,84,Ism yoki familiya o'zgargach ID-kartani almashtirish bo'yicha ma'lumot kerak,true,2026-08-04 00:00:00,2026-08-04 00:00:00
509,84,Menga ism yoki familiya o'zgargach id-kartani almashtirish haqida ayting,true,2026-08-04 00:00:00,2026-08-04 00:00:00
510,84,"Iltimos, ayting: ism yoki familiya o'zgargach ID-kartani almashtirish kerakmi?",true,2026-08-04 00:00:00,2026-08-04 00:00:00
511,85,ID-karta va biometrik pasport o'rtasidagi farq nima?,true,2026-08-04 00:00:00,2026-08-04 00:00:00
512,85,ID-karta biometrik pasport o'rtasidagi farq qanday?,true,2026-08-04 00:00:00,2026-08-04 00:00:00
513,85,ID-karta biometrik pasport o'rtasidagi farq haqida ma'lumot bering,true,2026-08-04 00:00:00,2026-08-04 00:00:00
514,85,ID-karta biometrik pasport o'rtasidagi farq bo'yicha ma'lumot kerak,true,2026-08-04 00:00:00,2026-08-04 00:00:00
515,85,Menga id-karta biometrik pasport o'rtasidagi farq haqida ayting,true,2026-08-04 00:00:00,2026-08-04 00:00:00
516,85,"Iltimos, ayting: iD-karta va biometrik pasport o'rtasidagi farq nima?",true,2026-08-04 00:00:00,2026-08-04 00:00:00
517,86,Turar joyni o'zgartirganda ID-kartani almashtirish kerakmi?,true,2026-08-04 00:00:00,2026-08-04 00:00:00
518,86,Turar joyni o'zgartirganda ID-kartani almashtirish qanday?,true,2026-08-04 00:00:00,2026-08-04 00:00:00
519,86,Turar joyni o'zgartirganda ID-kartani almashtirish haqida ma'lumot bering,true,2026-08-04 00:00:00,2026-08-04 00:00:00
520,86,Turar joyni o'zgartirganda ID-kartani almashtirish bo'yicha ma'lumot kerak,true,2026-08-04 00:00:00,2026-08-04 00:00:00
521,86,Menga turar joyni o'zgartirganda id-kartani almashtirish haqida ayting,true,2026-08-04 00:00:00,2026-08-04 00:00:00
522,86,"Iltimos, ayting: turar joyni o'zgartirganda ID-kartani almashtirish kerakmi?",true,2026-08-04 00:00:00,2026-08-04 00:00:00
523,87,Chet elda yashovchi fuqaro pasport/ID-kartani qanday almashtiradi?,true,2026-08-04 00:00:00,2026-08-04 00:00:00
524,87,Chet elda yashovchi fuqaro pasport/ID-kartani qanaqa almashtiradi?,true,2026-08-04 00:00:00,2026-08-04 00:00:00
525,87,Chet elda yashovchi fuqaro pasport/ID-kartani almashtiradi qanday?,true,2026-08-04 00:00:00,2026-08-04 00:00:00
526,87,Chet elda yashovchi fuqaro pasport/ID-kartani almashtiradi haqida ma'lumot bering,true,2026-08-04 00:00:00,2026-08-04 00:00:00
527,87,Chet elda yashovchi fuqaro pasport/ID-kartani almashtiradi bo'yicha ma'lumot kerak,true,2026-08-04 00:00:00,2026-08-04 00:00:00
528,87,Menga chet elda yashovchi fuqaro pasport/id-kartani almashtiradi haqida ayting,true,2026-08-04 00:00:00,2026-08-04 00:00:00
529,88,O'lim guvohnomasini olish uchun qanday hujjatlar kerak?,true,2026-08-04 00:00:00,2026-08-04 00:00:00
530,88,O'lim guvohnomasini olish uchun qanaqa hujjatlar kerak?,true,2026-08-04 00:00:00,2026-08-04 00:00:00
531,88,O'lim guvohnomasini olish hujjatlar qanday?,true,2026-08-04 00:00:00,2026-08-04 00:00:00
532,88,O'lim guvohnomasini olish hujjatlar haqida ma'lumot bering,true,2026-08-04 00:00:00,2026-08-04 00:00:00
533,88,O'lim guvohnomasini olish hujjatlar bo'yicha ma'lumot kerak,true,2026-08-04 00:00:00,2026-08-04 00:00:00
534,88,Menga o'lim guvohnomasini olish hujjatlar haqida ayting,true,2026-08-04 00:00:00,2026-08-04 00:00:00
535,89,FHDYO yozuvidagi xato qanday tuzatiladi?,true,2026-08-04 00:00:00,2026-08-04 00:00:00
536,89,FHDYO yozuvidagi xato qanaqa tuzatiladi?,true,2026-08-04 00:00:00,2026-08-04 00:00:00
537,89,FHDYO yozuvidagi xato tuzatiladi qanday?,true,2026-08-04 00:00:00,2026-08-04 00:00:00
538,89,FHDYO yozuvidagi xato tuzatiladi haqida ma'lumot bering,true,2026-08-04 00:00:00,2026-08-04 00:00:00
539,89,FHDYO yozuvidagi xato tuzatiladi bo'yicha ma'lumot kerak,true,2026-08-04 00:00:00,2026-08-04 00:00:00
540,89,Menga fhdyo yozuvidagi xato tuzatiladi haqida ayting,true,2026-08-04 00:00:00,2026-08-04 00:00:00
541,90,Nikohni qayd etishning bir oylik muddatini o'zgartirish mumkinmi?,true,2026-08-04 00:00:00,2026-08-04 00:00:00
542,90,Nikohni qayd etishning bir oylik muddatini o'zgartirish mumkin bo'ladimi?,true,2026-08-04 00:00:00,2026-08-04 00:00:00
543,90,Nikohni qayd etishning bir oylik muddatini o'zgartirishga ruxsat beriladimi?,true,2026-08-04 00:00:00,2026-08-04 00:00:00
544,90,Nikohni qayd etishning bir oylik muddatini o'zgartirish imkoni bormi?,true,2026-08-04 00:00:00,2026-08-04 00:00:00
545,90,Nikohni qayd etishning bir oylik muddatini o'zgartirish qanday?,true,2026-08-04 00:00:00,2026-08-04 00:00:00
546,90,Nikohni qayd etishning bir oylik muddatini o'zgartirish haqida ma'lumot bering,true,2026-08-04 00:00:00,2026-08-04 00:00:00
547,91,Turmush o'rtoqlardan biri chet elda bo'lsa ajrashish qanday amalga oshiriladi?,true,2026-08-04 00:00:00,2026-08-04 00:00:00
548,91,Turmush o'rtoqlardan biri chet elda bo'lsa ajrashish qanday bajariladi?,true,2026-08-04 00:00:00,2026-08-04 00:00:00
549,91,Turmush o'rtoqlardan biri chet elda bo'lsa ajrashish tartibi qanday?,true,2026-08-04 00:00:00,2026-08-04 00:00:00
550,91,Turmush o'rtoqlardan biri chet elda bo'lsa ajrashish qanday qilinadi?,true,2026-08-04 00:00:00,2026-08-04 00:00:00
551,91,Turmush o'rtoqlardan biri chet elda bo'lsa ajrashish qanaqa amalga oshiriladi?,true,2026-08-04 00:00:00,2026-08-04 00:00:00
552,91,Turmush o'rtoqlardan biri chet elda bo'lsa ajrashish qanday?,true,2026-08-04 00:00:00,2026-08-04 00:00:00
553,92,Bola familiyasini milliy an'anaga ko'ra bobo ismidan olish mumkinmi?,true,2026-08-04 00:00:00,2026-08-04 00:00:00
554,92,Bola familiyasini milliy an'anaga ko'ra bobo ismidan olish mumkin bo'ladimi?,true,2026-08-04 00:00:00,2026-08-04 00:00:00
555,92,Bola familiyasini milliy an'anaga ko'ra bobo ismidan olishga ruxsat beriladimi?,true,2026-08-04 00:00:00,2026-08-04 00:00:00
556,92,Bola familiyasini milliy an'anaga ko'ra bobo ismidan olish imkoni bormi?,true,2026-08-04 00:00:00,2026-08-04 00:00:00
557,92,Bola familiyasini milliy an'anaga ko'ra bobo ismidan olish qanday?,true,2026-08-04 00:00:00,2026-08-04 00:00:00
558,92,Bola familiyasini milliy an'anaga ko'ra bobo ismidan olish haqida ma'lumot bering,true,2026-08-04 00:00:00,2026-08-04 00:00:00
559,93,Er-xotinning umumiy mol-mulki qanday bo'linadi?,true,2026-08-04 00:00:00,2026-08-04 00:00:00
560,93,Er-xotinning umumiy mol-mulki qanaqa bo'linadi?,true,2026-08-04 00:00:00,2026-08-04 00:00:00
561,93,Er-xotinning umumiy mol-mulki bo'linadi qanday?,true,2026-08-04 00:00:00,2026-08-04 00:00:00
562,93,Er-xotinning umumiy mol-mulki bo'linadi haqida ma'lumot bering,true,2026-08-04 00:00:00,2026-08-04 00:00:00
563,93,Er-xotinning umumiy mol-mulki bo'linadi bo'yicha ma'lumot kerak,true,2026-08-04 00:00:00,2026-08-04 00:00:00
564,93,Menga er-xotinning umumiy mol-mulki bo'linadi haqida ayting,true,2026-08-04 00:00:00,2026-08-04 00:00:00
565,94,Xorijga chiqishga qo'yilgan taqiqni qanday tekshirish va bekor qilish mumkin?,true,2026-08-04 00:00:00,2026-08-04 00:00:00
566,94,Xorijga chiqishga qo'yilgan taqiqni qanaqa tekshirish va bekor qilish mumkin?,true,2026-08-04 00:00:00,2026-08-04 00:00:00
567,94,Xorijga chiqishga qo'yilgan taqiqni tekshirish bekor qilish qanday?,true,2026-08-04 00:00:00,2026-08-04 00:00:00
568,94,Xorijga chiqishga qo'yilgan taqiqni tekshirish bekor qilish haqida ma'lumot bering,true,2026-08-04 00:00:00,2026-08-04 00:00:00
569,94,Xorijga chiqishga qo'yilgan taqiqni tekshirish bekor qilish bo'yicha ma'lumot kerak,true,2026-08-04 00:00:00,2026-08-04 00:00:00
570,94,Menga xorijga chiqishga qo'yilgan taqiqni tekshirish bekor qilish haqida ayting,true,2026-08-04 00:00:00,2026-08-04 00:00:00
571,95,O'zbekiston fuqaroligini olish tartibi qanday?,true,2026-08-04 00:00:00,2026-08-04 00:00:00
572,95,O'zbekiston fuqaroligini olish qanday amalga oshiriladi?,true,2026-08-04 00:00:00,2026-08-04 00:00:00
573,95,O'zbekiston fuqaroligini olish qanaqa tartibda bo'ladi?,true,2026-08-04 00:00:00,2026-08-04 00:00:00
574,95,O'zbekiston fuqaroligini olish jarayoni qanday?,true,2026-08-04 00:00:00,2026-08-04 00:00:00
575,95,O'zbekiston fuqaroligini olish tartibi qanaqa?,true,2026-08-04 00:00:00,2026-08-04 00:00:00
576,95,O'zbekiston fuqaroligini olish qanday?,true,2026-08-04 00:00:00,2026-08-04 00:00:00
577,96,Fuqarolikdan chiqish tartibi qanday?,true,2026-08-04 00:00:00,2026-08-04 00:00:00
578,96,Fuqarolikdan chiqish qanday amalga oshiriladi?,true,2026-08-04 00:00:00,2026-08-04 00:00:00
579,96,Fuqarolikdan chiqish qanaqa tartibda bo'ladi?,true,2026-08-04 00:00:00,2026-08-04 00:00:00
580,96,Fuqarolikdan chiqish jarayoni qanday?,true,2026-08-04 00:00:00,2026-08-04 00:00:00
581,96,Fuqarolikdan chiqish tartibi qanaqa?,true,2026-08-04 00:00:00,2026-08-04 00:00:00
582,96,Fuqarolikdan chiqish qanday?,true,2026-08-04 00:00:00,2026-08-04 00:00:00
583,97,Bolani xorijga olib chiqishda ikkinchi ota-onaning roziligi kerakmi?,true,2026-08-04 00:00:00,2026-08-04 00:00:00
584,97,Bolani xorijga olib chiqishda ikkinchi ota-onaning roziligi qanday?,true,2026-08-04 00:00:00,2026-08-04 00:00:00
585,97,Bolani xorijga olib chiqishda ikkinchi ota-onaning roziligi haqida ma'lumot bering,true,2026-08-04 00:00:00,2026-08-04 00:00:00
586,97,Bolani xorijga olib chiqishda ikkinchi ota-onaning roziligi bo'yicha ma'lumot kerak,true,2026-08-04 00:00:00,2026-08-04 00:00:00
587,97,Menga bolani xorijga olib chiqishda ikkinchi ota-onaning roziligi haqida ayting,true,2026-08-04 00:00:00,2026-08-04 00:00:00
588,97,"Iltimos, ayting: bolani xorijga olib chiqishda ikkinchi ota-onaning roziligi kerakmi?",true,2026-08-04 00:00:00,2026-08-04 00:00:00
589,98,Xorijdagi O'zbekiston fuqarosi konsullik hisobiga qanday turadi?,true,2026-08-04 00:00:00,2026-08-04 00:00:00
590,98,Xorijdagi O'zbekiston fuqarosi konsullik hisobiga qanaqa turadi?,true,2026-08-04 00:00:00,2026-08-04 00:00:00
591,98,Xorijdagi O'zbekiston fuqarosi konsullik hisobiga turadi qanday?,true,2026-08-04 00:00:00,2026-08-04 00:00:00
592,98,Xorijdagi O'zbekiston fuqarosi konsullik hisobiga turadi haqida ma'lumot bering,true,2026-08-04 00:00:00,2026-08-04 00:00:00
593,98,Xorijdagi O'zbekiston fuqarosi konsullik hisobiga turadi bo'yicha ma'lumot kerak,true,2026-08-04 00:00:00,2026-08-04 00:00:00
594,98,Menga xorijdagi o'zbekiston fuqarosi konsullik hisobiga turadi haqida ayting,true,2026-08-04 00:00:00,2026-08-04 00:00:00
595,99,Vasiyatnoma qanday rasmiylashtiriladi?,true,2026-08-04 00:00:00,2026-08-04 00:00:00
596,99,Vasiyatnomani rasmiylashtirish tartibi qanday?,true,2026-08-04 00:00:00,2026-08-04 00:00:00
597,99,Vasiyatnoma qanday rasmiylashtirsa bo'ladi?,true,2026-08-04 00:00:00,2026-08-04 00:00:00
598,99,Vasiyatnoma qanday amalga oshiriladi?,true,2026-08-04 00:00:00,2026-08-04 00:00:00
599,99,Vasiyatnoma qanaqa rasmiylashtiriladi?,true,2026-08-04 00:00:00,2026-08-04 00:00:00
600,99,"Iltimos, ayting: vasiyatnoma qanday rasmiylashtiriladi?",true,2026-08-04 00:00:00,2026-08-04 00:00:00
601,100,Ko'chmas mulkni hadya (sovg'a) shartnomasi qanday tuziladi?,true,2026-08-04 00:00:00,2026-08-04 00:00:00
602,100,Ko'chmas mulkni hadya (sovg'a) shartnomasi qanaqa tuziladi?,true,2026-08-04 00:00:00,2026-08-04 00:00:00
603,100,Ko'chmas mulkni hadya (sovg'a) shartnomasi tuziladi qanday?,true,2026-08-04 00:00:00,2026-08-04 00:00:00
604,100,Ko'chmas mulkni hadya (sovg'a) shartnomasi tuziladi haqida ma'lumot bering,true,2026-08-04 00:00:00,2026-08-04 00:00:00
605,100,Ko'chmas mulkni hadya (sovg'a) shartnomasi tuziladi bo'yicha ma'lumot kerak,true,2026-08-04 00:00:00,2026-08-04 00:00:00
606,100,Menga ko'chmas mulkni hadya (sovg'a) shartnomasi tuziladi haqida ayting,true,2026-08-04 00:00:00,2026-08-04 00:00:00
607,101,Ipoteka (garov) shartnomasi qanday rasmiylashtiriladi?,true,2026-08-04 00:00:00,2026-08-04 00:00:00
608,101,Ipoteka (garov) shartnomasini rasmiylashtirish tartibi qanday?,true,2026-08-04 00:00:00,2026-08-04 00:00:00
609,101,Ipoteka (garov) shartnomasi qanday rasmiylashtirsa bo'ladi?,true,2026-08-04 00:00:00,2026-08-04 00:00:00
610,101,Ipoteka (garov) shartnomasi qanday amalga oshiriladi?,true,2026-08-04 00:00:00,2026-08-04 00:00:00
611,101,Ipoteka (garov) shartnomasi qanaqa rasmiylashtiriladi?,true,2026-08-04 00:00:00,2026-08-04 00:00:00
612,101,Ipoteka (garov) shartnomasi qanday?,true,2026-08-04 00:00:00,2026-08-04 00:00:00
613,102,Merosdan voz kechish qanday rasmiylashtiriladi?,true,2026-08-04 00:00:00,2026-08-04 00:00:00
614,102,Merosdan voz kechishni rasmiylashtirish tartibi qanday?,true,2026-08-04 00:00:00,2026-08-04 00:00:00
615,102,Merosdan voz kechish qanday rasmiylashtirsa bo'ladi?,true,2026-08-04 00:00:00,2026-08-04 00:00:00
616,102,Merosdan voz kechish qanday amalga oshiriladi?,true,2026-08-04 00:00:00,2026-08-04 00:00:00
617,102,Merosdan voz kechish qanaqa rasmiylashtiriladi?,true,2026-08-04 00:00:00,2026-08-04 00:00:00
618,102,Merosdan voz kechish qanday?,true,2026-08-04 00:00:00,2026-08-04 00:00:00
619,103,Notarius hujjat tarjimasini yoki nusxasini tasdiqlaydimi?,true,2026-08-04 00:00:00,2026-08-04 00:00:00
620,103,Notarius hujjat tarjimasini yoki nusxasini tasdiqlaydimi qanday?,true,2026-08-04 00:00:00,2026-08-04 00:00:00
621,103,Notarius hujjat tarjimasini yoki nusxasini tasdiqlaydimi haqida ma'lumot bering,true,2026-08-04 00:00:00,2026-08-04 00:00:00
622,103,Notarius hujjat tarjimasini yoki nusxasini tasdiqlaydimi bo'yicha ma'lumot kerak,true,2026-08-04 00:00:00,2026-08-04 00:00:00
623,103,Menga notarius hujjat tarjimasini yoki nusxasini tasdiqlaydimi haqida ayting,true,2026-08-04 00:00:00,2026-08-04 00:00:00
624,103,"Iltimos, ayting: notarius hujjat tarjimasini yoki nusxasini tasdiqlaydimi?",true,2026-08-04 00:00:00,2026-08-04 00:00:00
625,104,Yer uchastkasini xususiylashtirish tartibi qanday?,true,2026-08-04 00:00:00,2026-08-04 00:00:00
626,104,Yer uchastkasini xususiylashtirish qanday amalga oshiriladi?,true,2026-08-04 00:00:00,2026-08-04 00:00:00
627,104,Yer uchastkasini xususiylashtirish qanaqa tartibda bo'ladi?,true,2026-08-04 00:00:00,2026-08-04 00:00:00
628,104,Yer uchastkasini xususiylashtirish jarayoni qanday?,true,2026-08-04 00:00:00,2026-08-04 00:00:00
629,104,Yer uchastkasini xususiylashtirish tartibi qanaqa?,true,2026-08-04 00:00:00,2026-08-04 00:00:00
630,104,Yer uchastkasini xususiylashtirish qanday?,true,2026-08-04 00:00:00,2026-08-04 00:00:00
631,105,Uy-joyni qayta qurish yoki rekonstruksiya uchun ruxsatnoma qanday olinadi?,true,2026-08-04 00:00:00,2026-08-04 00:00:00
632,105,Uy-joyni qayta qurish yoki rekonstruksiya uchun ruxsatnoma qanday olsa bo'ladi?,true,2026-08-04 00:00:00,2026-08-04 00:00:00
633,105,Uy-joyni qayta qurish yoki rekonstruksiya uchun ruxsatnomani qanday olaman?,true,2026-08-04 00:00:00,2026-08-04 00:00:00
634,105,Uy-joyni qayta qurish yoki rekonstruksiya uchun ruxsatnoma olish tartibi qanday?,true,2026-08-04 00:00:00,2026-08-04 00:00:00
635,105,Uy-joyni qayta qurish yoki rekonstruksiya uchun ruxsatnoma qanaqa olinadi?,true,2026-08-04 00:00:00,2026-08-04 00:00:00
636,105,Uy-joyni qayta qurish yoki rekonstruksiya ruxsatnoma qanday?,true,2026-08-04 00:00:00,2026-08-04 00:00:00
637,106,Ko'chmas mulk ma'lumotidagi xatoni qanday tuzatish mumkin?,true,2026-08-04 00:00:00,2026-08-04 00:00:00
638,106,Ko'chmas mulk ma'lumotidagi xatoni qanaqa tuzatish mumkin?,true,2026-08-04 00:00:00,2026-08-04 00:00:00
639,106,Ko'chmas mulk ma'lumotidagi xatoni tuzatish qanday?,true,2026-08-04 00:00:00,2026-08-04 00:00:00
640,106,Ko'chmas mulk ma'lumotidagi xatoni tuzatish haqida ma'lumot bering,true,2026-08-04 00:00:00,2026-08-04 00:00:00
641,106,Ko'chmas mulk ma'lumotidagi xatoni tuzatish bo'yicha ma'lumot kerak,true,2026-08-04 00:00:00,2026-08-04 00:00:00
642,106,Menga ko'chmas mulk ma'lumotidagi xatoni tuzatish haqida ayting,true,2026-08-04 00:00:00,2026-08-04 00:00:00
643,107,Bino yoki xonadonni ijaraga berish shartnomasini ro'yxatdan o'tkazish kerakmi?,true,2026-08-04 00:00:00,2026-08-04 00:00:00
644,107,Bino yoki xonadonni ijaraga berish shartnomasini ro'yxatdan o'tkazish qanday?,true,2026-08-04 00:00:00,2026-08-04 00:00:00
645,107,Bino yoki xonadonni ijaraga berish shartnomasini ro'yxatdan o'tkazish haqida ma'lumot bering,true,2026-08-04 00:00:00,2026-08-04 00:00:00
646,107,Bino yoki xonadonni ijaraga berish shartnomasini ro'yxatdan o'tkazish bo'yicha ma'lumot kerak,true,2026-08-04 00:00:00,2026-08-04 00:00:00
647,107,Menga bino yoki xonadonni ijaraga berish shartnomasini ro'yxatdan o'tkazish haqida ayting,true,2026-08-04 00:00:00,2026-08-04 00:00:00
648,107,"Iltimos, ayting: bino yoki xonadonni ijaraga berish shartnomasini ro'yxatdan o'tkazish kerakmi?",true,2026-08-04 00:00:00,2026-08-04 00:00:00
649,108,Qurilishi tugagan obyektni foydalanishga qanday topshiriladi?,true,2026-08-04 00:00:00,2026-08-04 00:00:00
650,108,Qurilishi tugagan obyektni foydalanishga qanaqa topshiriladi?,true,2026-08-04 00:00:00,2026-08-04 00:00:00
651,108,Qurilishi tugagan obyektni foydalanishga topshiriladi qanday?,true,2026-08-04 00:00:00,2026-08-04 00:00:00
652,108,Qurilishi tugagan obyektni foydalanishga topshiriladi haqida ma'lumot bering,true,2026-08-04 00:00:00,2026-08-04 00:00:00
653,108,Qurilishi tugagan obyektni foydalanishga topshiriladi bo'yicha ma'lumot kerak,true,2026-08-04 00:00:00,2026-08-04 00:00:00
654,108,Menga qurilishi tugagan obyektni foydalanishga topshiriladi haqida ayting,true,2026-08-04 00:00:00,2026-08-04 00:00:00
655,109,Haydovchilik guvohnomasi qancha muddatga beriladi?,true,2026-08-04 00:00:00,2026-08-04 00:00:00
656,109,Haydovchilik guvohnomasi muddatga qanday?,true,2026-08-04 00:00:00,2026-08-04 00:00:00
657,109,Haydovchilik guvohnomasi muddatga haqida ma'lumot bering,true,2026-08-04 00:00:00,2026-08-04 00:00:00
658,109,Haydovchilik guvohnomasi muddatga bo'yicha ma'lumot kerak,true,2026-08-04 00:00:00,2026-08-04 00:00:00
659,109,Menga haydovchilik guvohnomasi muddatga haqida ayting,true,2026-08-04 00:00:00,2026-08-04 00:00:00
660,109,"Iltimos, ayting: haydovchilik guvohnomasi qancha muddatga beriladi?",true,2026-08-04 00:00:00,2026-08-04 00:00:00
661,110,B toifasidagi haydovchilik guvohnomasini olish uchun yosh chegarasi qancha?,true,2026-08-04 00:00:00,2026-08-04 00:00:00
662,110,B toifasidagi haydovchilik guvohnomasini olish yosh chegarasi qanday?,true,2026-08-04 00:00:00,2026-08-04 00:00:00
663,110,B toifasidagi haydovchilik guvohnomasini olish yosh chegarasi haqida ma'lumot bering,true,2026-08-04 00:00:00,2026-08-04 00:00:00
664,110,B toifasidagi haydovchilik guvohnomasini olish yosh chegarasi bo'yicha ma'lumot kerak,true,2026-08-04 00:00:00,2026-08-04 00:00:00
665,110,Menga b toifasidagi haydovchilik guvohnomasini olish yosh chegarasi haqida ayting,true,2026-08-04 00:00:00,2026-08-04 00:00:00
666,110,"Iltimos, ayting: b toifasidagi haydovchilik guvohnomasini olish uchun yosh chegarasi qancha?",true,2026-08-04 00:00:00,2026-08-04 00:00:00
667,111,Moped yoki skuter uchun qanday guvohnoma kerak?,true,2026-08-04 00:00:00,2026-08-04 00:00:00
668,111,Moped yoki skuter uchun qanaqa guvohnoma kerak?,true,2026-08-04 00:00:00,2026-08-04 00:00:00
669,111,Moped yoki skuter guvohnoma qanday?,true,2026-08-04 00:00:00,2026-08-04 00:00:00
670,111,Moped yoki skuter guvohnoma haqida ma'lumot bering,true,2026-08-04 00:00:00,2026-08-04 00:00:00
671,111,Moped yoki skuter guvohnoma bo'yicha ma'lumot kerak,true,2026-08-04 00:00:00,2026-08-04 00:00:00
672,111,Menga moped yoki skuter guvohnoma haqida ayting,true,2026-08-04 00:00:00,2026-08-04 00:00:00
673,112,Haydovchilik imtihoni qanday topshiriladi?,true,2026-08-04 00:00:00,2026-08-04 00:00:00
674,112,Haydovchilik imtihoni qanaqa topshiriladi?,true,2026-08-04 00:00:00,2026-08-04 00:00:00
675,112,Haydovchilik imtihoni topshiriladi qanday?,true,2026-08-04 00:00:00,2026-08-04 00:00:00
676,112,Haydovchilik imtihoni topshiriladi haqida ma'lumot bering,true,2026-08-04 00:00:00,2026-08-04 00:00:00
677,112,Haydovchilik imtihoni topshiriladi bo'yicha ma'lumot kerak,true,2026-08-04 00:00:00,2026-08-04 00:00:00
678,112,Menga haydovchilik imtihoni topshiriladi haqida ayting,true,2026-08-04 00:00:00,2026-08-04 00:00:00
679,113,Nazariy imtihonda nechta savolga to'g'ri javob berish kerak?,true,2026-08-04 00:00:00,2026-08-04 00:00:00
680,113,Nazariy imtihonda nechta savolga to'g'ri javob berish qanday?,true,2026-08-04 00:00:00,2026-08-04 00:00:00
681,113,Nazariy imtihonda nechta savolga to'g'ri javob berish haqida ma'lumot bering,true,2026-08-04 00:00:00,2026-08-04 00:00:00
682,113,Nazariy imtihonda nechta savolga to'g'ri javob berish bo'yicha ma'lumot kerak,true,2026-08-04 00:00:00,2026-08-04 00:00:00
683,113,Menga nazariy imtihonda nechta savolga to'g'ri javob berish haqida ayting,true,2026-08-04 00:00:00,2026-08-04 00:00:00
684,113,"Iltimos, ayting: nazariy imtihonda nechta savolga to'g'ri javob berish kerak?",true,2026-08-04 00:00:00,2026-08-04 00:00:00
685,114,Chet el haydovchilik guvohnomasini O'zbekistonda almashtirish mumkinmi?,true,2026-08-04 00:00:00,2026-08-04 00:00:00
686,114,Chet el haydovchilik guvohnomasini O'zbekistonda almashtirish mumkin bo'ladimi?,true,2026-08-04 00:00:00,2026-08-04 00:00:00
687,114,Chet el haydovchilik guvohnomasini O'zbekistonda almashtirishga ruxsat beriladimi?,true,2026-08-04 00:00:00,2026-08-04 00:00:00
688,114,Chet el haydovchilik guvohnomasini O'zbekistonda almashtirish imkoni bormi?,true,2026-08-04 00:00:00,2026-08-04 00:00:00
689,114,Chet el haydovchilik guvohnomasini O'zbekistonda almashtirish qanday?,true,2026-08-04 00:00:00,2026-08-04 00:00:00
690,114,Chet el haydovchilik guvohnomasini O'zbekistonda almashtirish haqida ma'lumot bering,true,2026-08-04 00:00:00,2026-08-04 00:00:00
691,115,Yo'l harakati jarimasini qanday tekshirish va to'lash mumkin?,true,2026-08-04 00:00:00,2026-08-04 00:00:00
692,115,Yo'l harakati jarimasini qanaqa tekshirish va to'lash mumkin?,true,2026-08-04 00:00:00,2026-08-04 00:00:00
693,115,Yo'l harakati jarimasini tekshirish to'lash qanday?,true,2026-08-04 00:00:00,2026-08-04 00:00:00
694,115,Yo'l harakati jarimasini tekshirish to'lash haqida ma'lumot bering,true,2026-08-04 00:00:00,2026-08-04 00:00:00
695,115,Yo'l harakati jarimasini tekshirish to'lash bo'yicha ma'lumot kerak,true,2026-08-04 00:00:00,2026-08-04 00:00:00
696,115,Menga yo'l harakati jarimasini tekshirish to'lash haqida ayting,true,2026-08-04 00:00:00,2026-08-04 00:00:00
697,116,Jismoniy shaxs daromad solig'ini qanday deklaratsiya qiladi?,true,2026-08-04 00:00:00,2026-08-04 00:00:00
698,116,Jismoniy shaxs daromad solig'ini qanaqa deklaratsiya qiladi?,true,2026-08-04 00:00:00,2026-08-04 00:00:00
699,116,Jismoniy shaxs daromad solig'ini deklaratsiya qiladi qanday?,true,2026-08-04 00:00:00,2026-08-04 00:00:00
700,116,Jismoniy shaxs daromad solig'ini deklaratsiya qiladi haqida ma'lumot bering,true,2026-08-04 00:00:00,2026-08-04 00:00:00
701,116,Jismoniy shaxs daromad solig'ini deklaratsiya qiladi bo'yicha ma'lumot kerak,true,2026-08-04 00:00:00,2026-08-04 00:00:00
702,116,Menga jismoniy shaxs daromad solig'ini deklaratsiya qiladi haqida ayting,true,2026-08-04 00:00:00,2026-08-04 00:00:00
703,117,"Mol-mulk (uy, yer) solig'i qanday hisoblanadi va to'lanadi?",true,2026-08-04 00:00:00,2026-08-04 00:00:00
704,117,"Mol-mulk (uy, yer) solig'i qanaqa hisoblanadi va to'lanadi?",true,2026-08-04 00:00:00,2026-08-04 00:00:00
705,117,"Mol-mulk (uy, yer) solig'i hisoblanadi to'lanadi qanday?",true,2026-08-04 00:00:00,2026-08-04 00:00:00
706,117,"Mol-mulk (uy, yer) solig'i hisoblanadi to'lanadi haqida ma'lumot bering",true,2026-08-04 00:00:00,2026-08-04 00:00:00
707,117,"Mol-mulk (uy, yer) solig'i hisoblanadi to'lanadi bo'yicha ma'lumot kerak",true,2026-08-04 00:00:00,2026-08-04 00:00:00
708,117,"Menga mol-mulk (uy, yer) solig'i hisoblanadi to'lanadi haqida ayting",true,2026-08-04 00:00:00,2026-08-04 00:00:00
709,118,Soliq imtiyozlari kimlarga beriladi?,true,2026-08-04 00:00:00,2026-08-04 00:00:00
710,118,Soliq imtiyozlari kimlarga qanday?,true,2026-08-04 00:00:00,2026-08-04 00:00:00
711,118,Soliq imtiyozlari kimlarga haqida ma'lumot bering,true,2026-08-04 00:00:00,2026-08-04 00:00:00
712,118,Soliq imtiyozlari kimlarga bo'yicha ma'lumot kerak,true,2026-08-04 00:00:00,2026-08-04 00:00:00
713,118,Menga soliq imtiyozlari kimlarga haqida ayting,true,2026-08-04 00:00:00,2026-08-04 00:00:00
714,118,"Iltimos, ayting: soliq imtiyozlari kimlarga beriladi?",true,2026-08-04 00:00:00,2026-08-04 00:00:00
715,119,Soliq organiga shikoyat yoki murojaatni qayerga topshiraman?,true,2026-08-04 00:00:00,2026-08-04 00:00:00
716,119,Soliq organiga shikoyat yoki murojaatni topshiraman qanday?,true,2026-08-04 00:00:00,2026-08-04 00:00:00
717,119,Soliq organiga shikoyat yoki murojaatni topshiraman haqida ma'lumot bering,true,2026-08-04 00:00:00,2026-08-04 00:00:00
718,119,Soliq organiga shikoyat yoki murojaatni topshiraman bo'yicha ma'lumot kerak,true,2026-08-04 00:00:00,2026-08-04 00:00:00
719,119,Menga soliq organiga shikoyat yoki murojaatni topshiraman haqida ayting,true,2026-08-04 00:00:00,2026-08-04 00:00:00
720,119,"Iltimos, ayting: soliq organiga shikoyat yoki murojaatni qayerga topshiraman?",true,2026-08-04 00:00:00,2026-08-04 00:00:00
721,120,Yakka tartibdagi tadbirkor (YaTT) qanday ro'yxatdan o'tadi?,true,2026-08-04 00:00:00,2026-08-04 00:00:00
722,120,Yakka tartibdagi tadbirkor (YaTT) qanaqa ro'yxatdan o'tadi?,true,2026-08-04 00:00:00,2026-08-04 00:00:00
723,120,Yakka tartibdagi tadbirkor (YaTT) ro'yxatdan o'tadi qanday?,true,2026-08-04 00:00:00,2026-08-04 00:00:00
724,120,Yakka tartibdagi tadbirkor (YaTT) ro'yxatdan o'tadi haqida ma'lumot bering,true,2026-08-04 00:00:00,2026-08-04 00:00:00
725,120,Yakka tartibdagi tadbirkor (YaTT) ro'yxatdan o'tadi bo'yicha ma'lumot kerak,true,2026-08-04 00:00:00,2026-08-04 00:00:00
726,120,Menga yakka tartibdagi tadbirkor (yatt) ro'yxatdan o'tadi haqida ayting,true,2026-08-04 00:00:00,2026-08-04 00:00:00
727,121,Litsenziya yoki ruxsat berish hujjati qanday olinadi?,true,2026-08-04 00:00:00,2026-08-04 00:00:00
728,121,Litsenziya yoki ruxsat berish hujjati qanday olsa bo'ladi?,true,2026-08-04 00:00:00,2026-08-04 00:00:00
729,121,Litsenziya yoki ruxsat berish hujjatini qanday olaman?,true,2026-08-04 00:00:00,2026-08-04 00:00:00
730,121,Litsenziya yoki ruxsat berish hujjati olish tartibi qanday?,true,2026-08-04 00:00:00,2026-08-04 00:00:00
731,121,Litsenziya yoki ruxsat berish hujjati qanaqa olinadi?,true,2026-08-04 00:00:00,2026-08-04 00:00:00
732,121,Litsenziya yoki ruxsat berish hujjati qanday?,true,2026-08-04 00:00:00,2026-08-04 00:00:00
733,122,Tadbirkorlik faoliyatini tugatish (yopish) tartibi qanday?,true,2026-08-04 00:00:00,2026-08-04 00:00:00
734,122,Tadbirkorlik faoliyatini tugatish (yopish) qanday amalga oshiriladi?,true,2026-08-04 00:00:00,2026-08-04 00:00:00
735,122,Tadbirkorlik faoliyatini tugatish (yopish) qanaqa tartibda bo'ladi?,true,2026-08-04 00:00:00,2026-08-04 00:00:00
736,122,Tadbirkorlik faoliyatini tugatish (yopish) jarayoni qanday?,true,2026-08-04 00:00:00,2026-08-04 00:00:00
737,122,Tadbirkorlik faoliyatini tugatish (yopish) tartibi qanaqa?,true,2026-08-04 00:00:00,2026-08-04 00:00:00
738,122,Tadbirkorlik faoliyatini tugatish (yopish) qanday?,true,2026-08-04 00:00:00,2026-08-04 00:00:00
739,123,Mehnat shartnomasi qanday rasmiylashtiriladi?,true,2026-08-04 00:00:00,2026-08-04 00:00:00
740,123,Mehnat shartnomasini rasmiylashtirish tartibi qanday?,true,2026-08-04 00:00:00,2026-08-04 00:00:00
741,123,Mehnat shartnomasi qanday rasmiylashtirsa bo'ladi?,true,2026-08-04 00:00:00,2026-08-04 00:00:00
742,123,Mehnat shartnomasi qanday amalga oshiriladi?,true,2026-08-04 00:00:00,2026-08-04 00:00:00
743,123,Mehnat shartnomasi qanaqa rasmiylashtiriladi?,true,2026-08-04 00:00:00,2026-08-04 00:00:00
744,123,Mehnat shartnomasi qanday?,true,2026-08-04 00:00:00,2026-08-04 00:00:00
745,124,Ishdan bo'shatilganda qanday to'lovlar beriladi?,true,2026-08-04 00:00:00,2026-08-04 00:00:00
746,124,Ishdan bo'shatilganda qanaqa to'lovlar beriladi?,true,2026-08-04 00:00:00,2026-08-04 00:00:00
747,124,Ishdan bo'shatilganda to'lovlar qanday?,true,2026-08-04 00:00:00,2026-08-04 00:00:00
748,124,Ishdan bo'shatilganda to'lovlar haqida ma'lumot bering,true,2026-08-04 00:00:00,2026-08-04 00:00:00
749,124,Ishdan bo'shatilganda to'lovlar bo'yicha ma'lumot kerak,true,2026-08-04 00:00:00,2026-08-04 00:00:00
750,124,Menga ishdan bo'shatilganda to'lovlar haqida ayting,true,2026-08-04 00:00:00,2026-08-04 00:00:00
751,125,Mehnat daftarchasi endi ham kerakmi?,true,2026-08-04 00:00:00,2026-08-04 00:00:00
752,125,Mehnat daftarchasi endi ham qanday?,true,2026-08-04 00:00:00,2026-08-04 00:00:00
753,125,Mehnat daftarchasi endi ham haqida ma'lumot bering,true,2026-08-04 00:00:00,2026-08-04 00:00:00
754,125,Mehnat daftarchasi endi ham bo'yicha ma'lumot kerak,true,2026-08-04 00:00:00,2026-08-04 00:00:00
755,125,Menga mehnat daftarchasi endi ham haqida ayting,true,2026-08-04 00:00:00,2026-08-04 00:00:00
756,125,"Iltimos, ayting: mehnat daftarchasi endi ham kerakmi?",true,2026-08-04 00:00:00,2026-08-04 00:00:00
757,126,Ish haqi kechiktirilsa yoki berilmasa qayerga murojaat qilinadi?,true,2026-08-04 00:00:00,2026-08-04 00:00:00
758,126,Ish haqi kechiktirilsa yoki berilmasa qayerga murojaat qilaman?,true,2026-08-04 00:00:00,2026-08-04 00:00:00
759,126,Ish haqi kechiktirilsa yoki berilmasa bo'yicha qayerga borish kerak?,true,2026-08-04 00:00:00,2026-08-04 00:00:00
760,126,Ish haqi kechiktirilsa yoki berilmasa qayerdan hal qilinadi?,true,2026-08-04 00:00:00,2026-08-04 00:00:00
761,126,Ish haqi kechiktirilsa yoki berilmasa murojaat qanday?,true,2026-08-04 00:00:00,2026-08-04 00:00:00
762,126,Ish haqi kechiktirilsa yoki berilmasa murojaat haqida ma'lumot bering,true,2026-08-04 00:00:00,2026-08-04 00:00:00
763,127,Mehnat nizolari qayerda ko'riladi?,true,2026-08-04 00:00:00,2026-08-04 00:00:00
764,127,Mehnat nizolari ko'riladi qanday?,true,2026-08-04 00:00:00,2026-08-04 00:00:00
765,127,Mehnat nizolari ko'riladi haqida ma'lumot bering,true,2026-08-04 00:00:00,2026-08-04 00:00:00
766,127,Mehnat nizolari ko'riladi bo'yicha ma'lumot kerak,true,2026-08-04 00:00:00,2026-08-04 00:00:00
767,127,Menga mehnat nizolari ko'riladi haqida ayting,true,2026-08-04 00:00:00,2026-08-04 00:00:00
768,127,"Iltimos, ayting: mehnat nizolari qayerda ko'riladi?",true,2026-08-04 00:00:00,2026-08-04 00:00:00
769,128,Yoshga doir pensiyaga chiqish yoshi va staji qancha?,true,2026-08-04 00:00:00,2026-08-04 00:00:00
770,128,Yoshga doir pensiyaga chiqish yoshi staji qanday?,true,2026-08-04 00:00:00,2026-08-04 00:00:00
771,128,Yoshga doir pensiyaga chiqish yoshi staji haqida ma'lumot bering,true,2026-08-04 00:00:00,2026-08-04 00:00:00
772,128,Yoshga doir pensiyaga chiqish yoshi staji bo'yicha ma'lumot kerak,true,2026-08-04 00:00:00,2026-08-04 00:00:00
773,128,Menga yoshga doir pensiyaga chiqish yoshi staji haqida ayting,true,2026-08-04 00:00:00,2026-08-04 00:00:00
774,128,"Iltimos, ayting: yoshga doir pensiyaga chiqish yoshi va staji qancha?",true,2026-08-04 00:00:00,2026-08-04 00:00:00
775,129,Pensiya endi arizasiz (proaktiv) tayinlanadimi?,true,2026-08-04 00:00:00,2026-08-04 00:00:00
776,129,Pensiya endi arizasiz (proaktiv) tayinlanadimi qanday?,true,2026-08-04 00:00:00,2026-08-04 00:00:00
777,129,Pensiya endi arizasiz (proaktiv) tayinlanadimi haqida ma'lumot bering,true,2026-08-04 00:00:00,2026-08-04 00:00:00
778,129,Pensiya endi arizasiz (proaktiv) tayinlanadimi bo'yicha ma'lumot kerak,true,2026-08-04 00:00:00,2026-08-04 00:00:00
779,129,Menga pensiya endi arizasiz (proaktiv) tayinlanadimi haqida ayting,true,2026-08-04 00:00:00,2026-08-04 00:00:00
780,129,"Iltimos, ayting: pensiya endi arizasiz (proaktiv) tayinlanadimi?",true,2026-08-04 00:00:00,2026-08-04 00:00:00
781,130,Ish staji umuman yetmasa qanday nafaqa beriladi?,true,2026-08-04 00:00:00,2026-08-04 00:00:00
782,130,Ish staji umuman yetmasa qanaqa nafaqa beriladi?,true,2026-08-04 00:00:00,2026-08-04 00:00:00
783,130,Ish staji umuman yetmasa nafaqa qanday?,true,2026-08-04 00:00:00,2026-08-04 00:00:00
784,130,Ish staji umuman yetmasa nafaqa haqida ma'lumot bering,true,2026-08-04 00:00:00,2026-08-04 00:00:00
785,130,Ish staji umuman yetmasa nafaqa bo'yicha ma'lumot kerak,true,2026-08-04 00:00:00,2026-08-04 00:00:00
786,130,Menga ish staji umuman yetmasa nafaqa haqida ayting,true,2026-08-04 00:00:00,2026-08-04 00:00:00
787,131,Nogironlik pensiyasi qanday tayinlanadi?,true,2026-08-04 00:00:00,2026-08-04 00:00:00
788,131,Nogironlik pensiyasi qanaqa tayinlanadi?,true,2026-08-04 00:00:00,2026-08-04 00:00:00
789,131,Nogironlik pensiyasi tayinlanadi qanday?,true,2026-08-04 00:00:00,2026-08-04 00:00:00
790,131,Nogironlik pensiyasi tayinlanadi haqida ma'lumot bering,true,2026-08-04 00:00:00,2026-08-04 00:00:00
791,131,Nogironlik pensiyasi tayinlanadi bo'yicha ma'lumot kerak,true,2026-08-04 00:00:00,2026-08-04 00:00:00
792,131,Menga nogironlik pensiyasi tayinlanadi haqida ayting,true,2026-08-04 00:00:00,2026-08-04 00:00:00
793,132,Boquvchisini yo'qotganlik pensiyasi kimga beriladi?,true,2026-08-04 00:00:00,2026-08-04 00:00:00
794,132,Boquvchisini yo'qotganlik pensiyasi qanday?,true,2026-08-04 00:00:00,2026-08-04 00:00:00
795,132,Boquvchisini yo'qotganlik pensiyasi haqida ma'lumot bering,true,2026-08-04 00:00:00,2026-08-04 00:00:00
796,132,Boquvchisini yo'qotganlik pensiyasi bo'yicha ma'lumot kerak,true,2026-08-04 00:00:00,2026-08-04 00:00:00
797,132,Menga boquvchisini yo'qotganlik pensiyasi haqida ayting,true,2026-08-04 00:00:00,2026-08-04 00:00:00
798,132,"Iltimos, ayting: boquvchisini yo'qotganlik pensiyasi kimga beriladi?",true,2026-08-04 00:00:00,2026-08-04 00:00:00
799,133,Pensiyani qanday olish mumkin — naqd yoki kartaga?,true,2026-08-04 00:00:00,2026-08-04 00:00:00
800,133,Pensiyani qanaqa olish mumkin — naqd yoki kartaga?,true,2026-08-04 00:00:00,2026-08-04 00:00:00
801,133,Pensiyani olish — naqd yoki kartaga qanday?,true,2026-08-04 00:00:00,2026-08-04 00:00:00
802,133,Pensiyani olish — naqd yoki kartaga haqida ma'lumot bering,true,2026-08-04 00:00:00,2026-08-04 00:00:00
803,133,Pensiyani olish — naqd yoki kartaga bo'yicha ma'lumot kerak,true,2026-08-04 00:00:00,2026-08-04 00:00:00
804,133,Menga pensiyani olish — naqd yoki kartaga haqida ayting,true,2026-08-04 00:00:00,2026-08-04 00:00:00
805,134,Muddatidan oldin pensiyaga chiqish mumkinmi?,true,2026-08-04 00:00:00,2026-08-04 00:00:00
806,134,Muddatidan oldin pensiyaga chiqish mumkin bo'ladimi?,true,2026-08-04 00:00:00,2026-08-04 00:00:00
807,134,Muddatidan oldin pensiyaga chiqishga ruxsat beriladimi?,true,2026-08-04 00:00:00,2026-08-04 00:00:00
808,134,Muddatidan oldin pensiyaga chiqish imkoni bormi?,true,2026-08-04 00:00:00,2026-08-04 00:00:00
809,134,Muddatidan oldin pensiyaga chiqish qanday?,true,2026-08-04 00:00:00,2026-08-04 00:00:00
810,134,Muddatidan oldin pensiyaga chiqish haqida ma'lumot bering,true,2026-08-04 00:00:00,2026-08-04 00:00:00
811,135,Ko'p bolali yoki kam ta'minlangan oilalar uchun qanday yordam bor?,true,2026-08-04 00:00:00,2026-08-04 00:00:00
812,135,Ko'p bolali yoki kam ta'minlangan oilalar uchun qanaqa yordam bor?,true,2026-08-04 00:00:00,2026-08-04 00:00:00
813,135,Ko'p bolali yoki kam ta'minlangan oilalar yordam qanday?,true,2026-08-04 00:00:00,2026-08-04 00:00:00
814,135,Ko'p bolali yoki kam ta'minlangan oilalar yordam haqida ma'lumot bering,true,2026-08-04 00:00:00,2026-08-04 00:00:00
815,135,Ko'p bolali yoki kam ta'minlangan oilalar yordam bo'yicha ma'lumot kerak,true,2026-08-04 00:00:00,2026-08-04 00:00:00
816,135,Menga ko'p bolali yoki kam ta'minlangan oilalar yordam haqida ayting,true,2026-08-04 00:00:00,2026-08-04 00:00:00
817,136,Birlamchi va tez tibbiy yordam qanday olinadi?,true,2026-08-04 00:00:00,2026-08-04 00:00:00
818,136,Birlamchi va tez tibbiy yordam qanday olsa bo'ladi?,true,2026-08-04 00:00:00,2026-08-04 00:00:00
819,136,Birlamchi va tez tibbiy yordamni qanday olaman?,true,2026-08-04 00:00:00,2026-08-04 00:00:00
820,136,Birlamchi va tez tibbiy yordam olish tartibi qanday?,true,2026-08-04 00:00:00,2026-08-04 00:00:00
821,136,Birlamchi va tez tibbiy yordam qanaqa olinadi?,true,2026-08-04 00:00:00,2026-08-04 00:00:00
822,136,Birlamchi tez tibbiy yordam qanday?,true,2026-08-04 00:00:00,2026-08-04 00:00:00
823,137,Tibbiy ma'lumotnoma (spravka) qanday olinadi?,true,2026-08-04 00:00:00,2026-08-04 00:00:00
824,137,Tibbiy ma'lumotnoma (spravka) qanday olsa bo'ladi?,true,2026-08-04 00:00:00,2026-08-04 00:00:00
825,137,Tibbiy ma'lumotnoma (spravka)ni qanday olaman?,true,2026-08-04 00:00:00,2026-08-04 00:00:00
826,137,Tibbiy ma'lumotnoma (spravka) olish tartibi qanday?,true,2026-08-04 00:00:00,2026-08-04 00:00:00
827,137,Tibbiy ma'lumotnoma (spravka) qanaqa olinadi?,true,2026-08-04 00:00:00,2026-08-04 00:00:00
828,137,Tibbiy ma'lumotnoma (spravka) qanday?,true,2026-08-04 00:00:00,2026-08-04 00:00:00
829,138,Bolalarni emlash (vaksinatsiya) taqvimini qayerdan bilish mumkin?,true,2026-08-04 00:00:00,2026-08-04 00:00:00
830,138,Bolalarni emlash (vaksinatsiya) taqvimini bilish qanday?,true,2026-08-04 00:00:00,2026-08-04 00:00:00
831,138,Bolalarni emlash (vaksinatsiya) taqvimini bilish haqida ma'lumot bering,true,2026-08-04 00:00:00,2026-08-04 00:00:00
832,138,Bolalarni emlash (vaksinatsiya) taqvimini bilish bo'yicha ma'lumot kerak,true,2026-08-04 00:00:00,2026-08-04 00:00:00
833,138,Menga bolalarni emlash (vaksinatsiya) taqvimini bilish haqida ayting,true,2026-08-04 00:00:00,2026-08-04 00:00:00
834,138,"Iltimos, ayting: bolalarni emlash (vaksinatsiya) taqvimini qayerdan bilish mumkin?",true,2026-08-04 00:00:00,2026-08-04 00:00:00
835,139,Dori-darmon bo'yicha imtiyoz yoki retsept qanday rasmiylashtiriladi?,true,2026-08-04 00:00:00,2026-08-04 00:00:00
836,139,Dori-darmon bo'yicha imtiyoz yoki retseptni rasmiylashtirish tartibi qanday?,true,2026-08-04 00:00:00,2026-08-04 00:00:00
837,139,Dori-darmon bo'yicha imtiyoz yoki retsept qanday rasmiylashtirsa bo'ladi?,true,2026-08-04 00:00:00,2026-08-04 00:00:00
838,139,Dori-darmon bo'yicha imtiyoz yoki retsept qanday amalga oshiriladi?,true,2026-08-04 00:00:00,2026-08-04 00:00:00
839,139,Dori-darmon bo'yicha imtiyoz yoki retsept qanaqa rasmiylashtiriladi?,true,2026-08-04 00:00:00,2026-08-04 00:00:00
840,139,Dori-darmon bo'yicha imtiyoz yoki retsept qanday?,true,2026-08-04 00:00:00,2026-08-04 00:00:00
841,140,Bolani birinchi sinfga qanday yozdirish mumkin?,true,2026-08-04 00:00:00,2026-08-04 00:00:00
842,140,Bolani birinchi sinfga qanaqa yozdirish mumkin?,true,2026-08-04 00:00:00,2026-08-04 00:00:00
843,140,Bolani birinchi sinfga yozdirish qanday?,true,2026-08-04 00:00:00,2026-08-04 00:00:00
844,140,Bolani birinchi sinfga yozdirish haqida ma'lumot bering,true,2026-08-04 00:00:00,2026-08-04 00:00:00
845,140,Bolani birinchi sinfga yozdirish bo'yicha ma'lumot kerak,true,2026-08-04 00:00:00,2026-08-04 00:00:00
846,140,Menga bolani birinchi sinfga yozdirish haqida ayting,true,2026-08-04 00:00:00,2026-08-04 00:00:00
847,141,Bolani boshqa maktabga ko'chirish (o'tkazish) tartibi qanday?,true,2026-08-04 00:00:00,2026-08-04 00:00:00
848,141,Bolani boshqa maktabga ko'chirish (o'tkazish) qanday amalga oshiriladi?,true,2026-08-04 00:00:00,2026-08-04 00:00:00
849,141,Bolani boshqa maktabga ko'chirish (o'tkazish) qanaqa tartibda bo'ladi?,true,2026-08-04 00:00:00,2026-08-04 00:00:00
850,141,Bolani boshqa maktabga ko'chirish (o'tkazish) jarayoni qanday?,true,2026-08-04 00:00:00,2026-08-04 00:00:00
851,141,Bolani boshqa maktabga ko'chirish (o'tkazish) tartibi qanaqa?,true,2026-08-04 00:00:00,2026-08-04 00:00:00
852,141,Bolani boshqa maktabga ko'chirish (o'tkazish) qanday?,true,2026-08-04 00:00:00,2026-08-04 00:00:00
853,142,Attestat yoki diplom dublikatini qanday olish mumkin?,true,2026-08-04 00:00:00,2026-08-04 00:00:00
854,142,Attestat yoki diplom dublikatini qanday olsa bo'ladi?,true,2026-08-04 00:00:00,2026-08-04 00:00:00
855,142,Attestat yoki diplom dublikatinini qayerdan olaman?,true,2026-08-04 00:00:00,2026-08-04 00:00:00
856,142,Attestat yoki diplom dublikatini qanaqa olish mumkin?,true,2026-08-04 00:00:00,2026-08-04 00:00:00
857,142,Attestat yoki diplom dublikatini olish qanday?,true,2026-08-04 00:00:00,2026-08-04 00:00:00
858,142,Attestat yoki diplom dublikatini olish haqida ma'lumot bering,true,2026-08-04 00:00:00,2026-08-04 00:00:00
859,143,Talaba turar joyi (yotoqxona) qanday beriladi?,true,2026-08-04 00:00:00,2026-08-04 00:00:00
860,143,Talaba turar joyi (yotoqxona) qanaqa beriladi?,true,2026-08-04 00:00:00,2026-08-04 00:00:00
861,143,Talaba turar joyi (yotoqxona) qanday?,true,2026-08-04 00:00:00,2026-08-04 00:00:00
862,143,Talaba turar joyi (yotoqxona) haqida ma'lumot bering,true,2026-08-04 00:00:00,2026-08-04 00:00:00
863,143,Talaba turar joyi (yotoqxona) bo'yicha ma'lumot kerak,true,2026-08-04 00:00:00,2026-08-04 00:00:00
864,143,Menga talaba turar joyi (yotoqxona) haqida ayting,true,2026-08-04 00:00:00,2026-08-04 00:00:00
865,144,O'qish joyidan ma'lumotnomani qanday olish mumkin?,true,2026-08-04 00:00:00,2026-08-04 00:00:00
866,144,O'qish joyidan ma'lumotnomani qanday olsa bo'ladi?,true,2026-08-04 00:00:00,2026-08-04 00:00:00
867,144,O'qish joyidan ma'lumotnomanini qayerdan olaman?,true,2026-08-04 00:00:00,2026-08-04 00:00:00
868,144,O'qish joyidan ma'lumotnomani qanaqa olish mumkin?,true,2026-08-04 00:00:00,2026-08-04 00:00:00
869,144,O'qish joyidan ma'lumotnomani olish qanday?,true,2026-08-04 00:00:00,2026-08-04 00:00:00
870,144,O'qish joyidan ma'lumotnomani olish haqida ma'lumot bering,true,2026-08-04 00:00:00,2026-08-04 00:00:00
871,145,Harbiy xizmatga chaqiruv yoshi va tartibi qanday?,true,2026-08-04 00:00:00,2026-08-04 00:00:00
872,145,Harbiy xizmatga chaqiruv yoshi va qanday amalga oshiriladi?,true,2026-08-04 00:00:00,2026-08-04 00:00:00
873,145,Harbiy xizmatga chaqiruv yoshi va qanaqa tartibda bo'ladi?,true,2026-08-04 00:00:00,2026-08-04 00:00:00
874,145,Harbiy xizmatga chaqiruv yoshi va jarayoni qanday?,true,2026-08-04 00:00:00,2026-08-04 00:00:00
875,145,Harbiy xizmatga chaqiruv yoshi va tartibi qanaqa?,true,2026-08-04 00:00:00,2026-08-04 00:00:00
876,145,Harbiy xizmatga chaqiruv yoshi qanday?,true,2026-08-04 00:00:00,2026-08-04 00:00:00
877,146,Muddatli xizmatdan kechiktirish (otsrochka) kimlarga beriladi?,true,2026-08-04 00:00:00,2026-08-04 00:00:00
878,146,Muddatli xizmatdan kechiktirish (otsrochka) kimlarga qanday?,true,2026-08-04 00:00:00,2026-08-04 00:00:00
879,146,Muddatli xizmatdan kechiktirish (otsrochka) kimlarga haqida ma'lumot bering,true,2026-08-04 00:00:00,2026-08-04 00:00:00
880,146,Muddatli xizmatdan kechiktirish (otsrochka) kimlarga bo'yicha ma'lumot kerak,true,2026-08-04 00:00:00,2026-08-04 00:00:00
881,146,Menga muddatli xizmatdan kechiktirish (otsrochka) kimlarga haqida ayting,true,2026-08-04 00:00:00,2026-08-04 00:00:00
882,146,"Iltimos, ayting: muddatli xizmatdan kechiktirish (otsrochka) kimlarga beriladi?",true,2026-08-04 00:00:00,2026-08-04 00:00:00
883,147,Harbiy bilet yoki ro'yxat guvohnomasi yo'qolsa qanday tiklanadi?,true,2026-08-04 00:00:00,2026-08-04 00:00:00
884,147,Harbiy bilet yoki ro'yxat guvohnomasi yo'qolsa qanaqa tiklanadi?,true,2026-08-04 00:00:00,2026-08-04 00:00:00
885,147,Harbiy bilet yoki ro'yxat guvohnomasi yo'qolsa tiklanadi qanday?,true,2026-08-04 00:00:00,2026-08-04 00:00:00
886,147,Harbiy bilet yoki ro'yxat guvohnomasi yo'qolsa tiklanadi haqida ma'lumot bering,true,2026-08-04 00:00:00,2026-08-04 00:00:00
887,147,Harbiy bilet yoki ro'yxat guvohnomasi yo'qolsa tiklanadi bo'yicha ma'lumot kerak,true,2026-08-04 00:00:00,2026-08-04 00:00:00
888,147,Menga harbiy bilet yoki ro'yxat guvohnomasi yo'qolsa tiklanadi haqida ayting,true,2026-08-04 00:00:00,2026-08-04 00:00:00
889,148,Harbiy ro'yxatga olish guvohnomasi qachon rasmiylashtiriladi?,true,2026-08-04 00:00:00,2026-08-04 00:00:00
890,148,Harbiy ro'yxatga olish guvohnomasi qachon qanday?,true,2026-08-04 00:00:00,2026-08-04 00:00:00
891,148,Harbiy ro'yxatga olish guvohnomasi qachon haqida ma'lumot bering,true,2026-08-04 00:00:00,2026-08-04 00:00:00
892,148,Harbiy ro'yxatga olish guvohnomasi qachon bo'yicha ma'lumot kerak,true,2026-08-04 00:00:00,2026-08-04 00:00:00
893,148,Menga harbiy ro'yxatga olish guvohnomasi qachon haqida ayting,true,2026-08-04 00:00:00,2026-08-04 00:00:00
894,148,"Iltimos, ayting: harbiy ro'yxatga olish guvohnomasi qachon rasmiylashtiriladi?",true,2026-08-04 00:00:00,2026-08-04 00:00:00
895,149,Kommunal to'lovlarni qanday onlayn to'lash mumkin?,true,2026-08-04 00:00:00,2026-08-04 00:00:00
896,149,Kommunal to'lovlarni qanaqa onlayn to'lash mumkin?,true,2026-08-04 00:00:00,2026-08-04 00:00:00
897,149,Kommunal to'lovlarni onlayn to'lash qanday?,true,2026-08-04 00:00:00,2026-08-04 00:00:00
898,149,Kommunal to'lovlarni onlayn to'lash haqida ma'lumot bering,true,2026-08-04 00:00:00,2026-08-04 00:00:00
899,149,Kommunal to'lovlarni onlayn to'lash bo'yicha ma'lumot kerak,true,2026-08-04 00:00:00,2026-08-04 00:00:00
900,149,Menga kommunal to'lovlarni onlayn to'lash haqida ayting,true,2026-08-04 00:00:00,2026-08-04 00:00:00
901,150,Hisoblagichni (schyotchik) o'rnatish yoki almashtirish uchun qayerga murojaat qilinadi?,true,2026-08-04 00:00:00,2026-08-04 00:00:00
902,150,Hisoblagichni (schyotchik) o'rnatish yoki almashtirish uchun qayerga murojaat qilaman?,true,2026-08-04 00:00:00,2026-08-04 00:00:00
903,150,Hisoblagichni (schyotchik) o'rnatish yoki almashtirish uchun bo'yicha qayerga borish kerak?,true,2026-08-04 00:00:00,2026-08-04 00:00:00
904,150,Hisoblagichni (schyotchik) o'rnatish yoki almashtirish uchun qayerdan hal qilinadi?,true,2026-08-04 00:00:00,2026-08-04 00:00:00
905,150,Hisoblagichni (schyotchik) o'rnatish yoki almashtirish murojaat qanday?,true,2026-08-04 00:00:00,2026-08-04 00:00:00
906,150,Hisoblagichni (schyotchik) o'rnatish yoki almashtirish murojaat haqida ma'lumot bering,true,2026-08-04 00:00:00,2026-08-04 00:00:00
907,151,"Elektr, gaz yoki suv uzilishida qayerga qo'ng'iroq qilinadi?",true,2026-08-04 00:00:00,2026-08-04 00:00:00
908,151,"Elektr, gaz yoki suv uzilishida qo'ng'iroq qanday?",true,2026-08-04 00:00:00,2026-08-04 00:00:00
909,151,"Elektr, gaz yoki suv uzilishida qo'ng'iroq haqida ma'lumot bering",true,2026-08-04 00:00:00,2026-08-04 00:00:00
910,151,"Elektr, gaz yoki suv uzilishida qo'ng'iroq bo'yicha ma'lumot kerak",true,2026-08-04 00:00:00,2026-08-04 00:00:00
911,151,"Menga elektr, gaz yoki suv uzilishida qo'ng'iroq haqida ayting",true,2026-08-04 00:00:00,2026-08-04 00:00:00
912,151,"Iltimos, ayting: elektr, gaz yoki suv uzilishida qayerga qo'ng'iroq qilinadi?",true,2026-08-04 00:00:00,2026-08-04 00:00:00
913,152,Ko'p kvartirali uy boshqaruvi masalalari qayerga hal qilinadi?,true,2026-08-04 00:00:00,2026-08-04 00:00:00
914,152,Ko'p kvartirali uy boshqaruvi masalalari qanday?,true,2026-08-04 00:00:00,2026-08-04 00:00:00
915,152,Ko'p kvartirali uy boshqaruvi masalalari haqida ma'lumot bering,true,2026-08-04 00:00:00,2026-08-04 00:00:00
916,152,Ko'p kvartirali uy boshqaruvi masalalari bo'yicha ma'lumot kerak,true,2026-08-04 00:00:00,2026-08-04 00:00:00
917,152,Menga ko'p kvartirali uy boshqaruvi masalalari haqida ayting,true,2026-08-04 00:00:00,2026-08-04 00:00:00
918,152,"Iltimos, ayting: ko'p kvartirali uy boshqaruvi masalalari qayerga hal qilinadi?",true,2026-08-04 00:00:00,2026-08-04 00:00:00
919,153,Sudga da'vo arizasi qanday topshiriladi?,true,2026-08-04 00:00:00,2026-08-04 00:00:00
920,153,Sudga da'vo arizasi qanaqa topshiriladi?,true,2026-08-04 00:00:00,2026-08-04 00:00:00
921,153,Sudga da'vo arizasi topshiriladi qanday?,true,2026-08-04 00:00:00,2026-08-04 00:00:00
922,153,Sudga da'vo arizasi topshiriladi haqida ma'lumot bering,true,2026-08-04 00:00:00,2026-08-04 00:00:00
923,153,Sudga da'vo arizasi topshiriladi bo'yicha ma'lumot kerak,true,2026-08-04 00:00:00,2026-08-04 00:00:00
924,153,Menga sudga da'vo arizasi topshiriladi haqida ayting,true,2026-08-04 00:00:00,2026-08-04 00:00:00
925,154,Bepul (davlat kafolatlagan) yuridik yordam qanday olinadi?,true,2026-08-04 00:00:00,2026-08-04 00:00:00
926,154,Bepul (davlat kafolatlagan) yuridik yordam qanday olsa bo'ladi?,true,2026-08-04 00:00:00,2026-08-04 00:00:00
927,154,Bepul (davlat kafolatlagan) yuridik yordamni qanday olaman?,true,2026-08-04 00:00:00,2026-08-04 00:00:00
928,154,Bepul (davlat kafolatlagan) yuridik yordam olish tartibi qanday?,true,2026-08-04 00:00:00,2026-08-04 00:00:00
929,154,Bepul (davlat kafolatlagan) yuridik yordam qanaqa olinadi?,true,2026-08-04 00:00:00,2026-08-04 00:00:00
930,154,Bepul (davlat kafolatlagan) yuridik yordam qanday?,true,2026-08-04 00:00:00,2026-08-04 00:00:00
931,155,Sud qarorining ijrosi (undiruv) qayerda amalga oshiriladi?,true,2026-08-04 00:00:00,2026-08-04 00:00:00
932,155,Sud qarorining ijrosi (undiruv) qanday?,true,2026-08-04 00:00:00,2026-08-04 00:00:00
933,155,Sud qarorining ijrosi (undiruv) haqida ma'lumot bering,true,2026-08-04 00:00:00,2026-08-04 00:00:00
934,155,Sud qarorining ijrosi (undiruv) bo'yicha ma'lumot kerak,true,2026-08-04 00:00:00,2026-08-04 00:00:00
935,155,Menga sud qarorining ijrosi (undiruv) haqida ayting,true,2026-08-04 00:00:00,2026-08-04 00:00:00
936,155,"Iltimos, ayting: sud qarorining ijrosi (undiruv) qayerda amalga oshiriladi?",true,2026-08-04 00:00:00,2026-08-04 00:00:00
937,156,Ma'muriy jarimaga qanday e'tiroz bildiriladi?,true,2026-08-04 00:00:00,2026-08-04 00:00:00
938,156,Ma'muriy jarimaga qanaqa e'tiroz bildiriladi?,true,2026-08-04 00:00:00,2026-08-04 00:00:00
939,156,Ma'muriy jarimaga e'tiroz bildiriladi qanday?,true,2026-08-04 00:00:00,2026-08-04 00:00:00
940,156,Ma'muriy jarimaga e'tiroz bildiriladi haqida ma'lumot bering,true,2026-08-04 00:00:00,2026-08-04 00:00:00
941,156,Ma'muriy jarimaga e'tiroz bildiriladi bo'yicha ma'lumot kerak,true,2026-08-04 00:00:00,2026-08-04 00:00:00
942,156,Menga ma'muriy jarimaga e'tiroz bildiriladi haqida ayting,true,2026-08-04 00:00:00,2026-08-04 00:00:00
943,157,Iste'molchi huquqlari buzilsa qayerga murojaat qilinadi?,true,2026-08-04 00:00:00,2026-08-04 00:00:00
944,157,Iste'molchi huquqlari buzilsa qayerga murojaat qilaman?,true,2026-08-04 00:00:00,2026-08-04 00:00:00
945,157,Iste'molchi huquqlari buzilsa bo'yicha qayerga borish kerak?,true,2026-08-04 00:00:00,2026-08-04 00:00:00
946,157,Iste'molchi huquqlari buzilsa qayerdan hal qilinadi?,true,2026-08-04 00:00:00,2026-08-04 00:00:00
947,157,Iste'molchi huquqlari buzilsa murojaat qanday?,true,2026-08-04 00:00:00,2026-08-04 00:00:00
948,157,Iste'molchi huquqlari buzilsa murojaat haqida ma'lumot bering,true,2026-08-04 00:00:00,2026-08-04 00:00:00
949,158,Mahalla (fuqarolar yig'ini) qanday masalalarda yordam beradi?,true,2026-08-04 00:00:00,2026-08-04 00:00:00
950,158,Mahalla (fuqarolar yig'ini) qanaqa masalalarda yordam beradi?,true,2026-08-04 00:00:00,2026-08-04 00:00:00
951,158,Mahalla (fuqarolar yig'ini) masalalarda yordam beradi qanday?,true,2026-08-04 00:00:00,2026-08-04 00:00:00
952,158,Mahalla (fuqarolar yig'ini) masalalarda yordam beradi haqida ma'lumot bering,true,2026-08-04 00:00:00,2026-08-04 00:00:00
953,158,Mahalla (fuqarolar yig'ini) masalalarda yordam beradi bo'yicha ma'lumot kerak,true,2026-08-04 00:00:00,2026-08-04 00:00:00
954,158,Menga mahalla (fuqarolar yig'ini) masalalarda yordam beradi haqida ayting,true,2026-08-04 00:00:00,2026-08-04 00:00:00
955,159,Oila tarkibi yoki yashash joyi haqidagi ma'lumotnoma qanday olinadi?,true,2026-08-04 00:00:00,2026-08-04 00:00:00
956,159,Oila tarkibi yoki yashash joyi haqidagi ma'lumotnoma qanday olsa bo'ladi?,true,2026-08-04 00:00:00,2026-08-04 00:00:00
957,159,Oila tarkibi yoki yashash joyi haqidagi ma'lumotnomani qanday olaman?,true,2026-08-04 00:00:00,2026-08-04 00:00:00
958,159,Oila tarkibi yoki yashash joyi haqidagi ma'lumotnoma olish tartibi qanday?,true,2026-08-04 00:00:00,2026-08-04 00:00:00
959,159,Oila tarkibi yoki yashash joyi haqidagi ma'lumotnoma qanaqa olinadi?,true,2026-08-04 00:00:00,2026-08-04 00:00:00
960,159,Oila tarkibi yoki yashash joyi haqidagi ma'lumotnoma qanday?,true,2026-08-04 00:00:00,2026-08-04 00:00:00
961,160,"""Yagona darcha"" (bir darcha) tamoyili nima?",true,2026-08-04 00:00:00,2026-08-04 00:00:00
962,160,"""Yagona darcha"" (bir darcha) tamoyili qanday?",true,2026-08-04 00:00:00,2026-08-04 00:00:00
963,160,"""Yagona darcha"" (bir darcha) tamoyili haqida ma'lumot bering",true,2026-08-04 00:00:00,2026-08-04 00:00:00
964,160,"""Yagona darcha"" (bir darcha) tamoyili bo'yicha ma'lumot kerak",true,2026-08-04 00:00:00,2026-08-04 00:00:00
965,160,"Menga ""yagona darcha"" (bir darcha) tamoyili haqida ayting",true,2026-08-04 00:00:00,2026-08-04 00:00:00
966,160,"Iltimos, ayting: ""Yagona darcha"" (bir darcha) tamoyili nima?",true,2026-08-04 00:00:00,2026-08-04 00:00:00
967,161,Xizmat uchun to'langan boj qaytariladimi?,true,2026-08-04 00:00:00,2026-08-04 00:00:00
968,161,Xizmat to'langan boj qaytariladimi qanday?,true,2026-08-04 00:00:00,2026-08-04 00:00:00
969,161,Xizmat to'langan boj qaytariladimi haqida ma'lumot bering,true,2026-08-04 00:00:00,2026-08-04 00:00:00
970,161,Xizmat to'langan boj qaytariladimi bo'yicha ma'lumot kerak,true,2026-08-04 00:00:00,2026-08-04 00:00:00
971,161,Menga xizmat to'langan boj qaytariladimi haqida ayting,true,2026-08-04 00:00:00,2026-08-04 00:00:00
972,161,"Iltimos, ayting: xizmat uchun to'langan boj qaytariladimi?",true,2026-08-04 00:00:00,2026-08-04 00:00:00
973,162,Shaxsiy ma'lumotlar himoyasi bo'yicha qayerga murojaat qilaman?,true,2026-08-04 00:00:00,2026-08-04 00:00:00
974,162,Shaxsiy ma'lumotlar himoyasi bo'yicha murojaat qilaman qanday?,true,2026-08-04 00:00:00,2026-08-04 00:00:00
975,162,Shaxsiy ma'lumotlar himoyasi bo'yicha murojaat qilaman haqida ma'lumot bering,true,2026-08-04 00:00:00,2026-08-04 00:00:00
976,162,Shaxsiy ma'lumotlar himoyasi bo'yicha murojaat qilaman bo'yicha ma'lumot kerak,true,2026-08-04 00:00:00,2026-08-04 00:00:00
977,162,Menga shaxsiy ma'lumotlar himoyasi bo'yicha murojaat qilaman haqida ayting,true,2026-08-04 00:00:00,2026-08-04 00:00:00
978,162,"Iltimos, ayting: shaxsiy ma'lumotlar himoyasi bo'yicha qayerga murojaat qilaman?",true,2026-08-04 00:00:00,2026-08-04 00:00:00
979,163,Korrupsiya yoki pora holatini qayerga xabar berish mumkin?,true,2026-08-04 00:00:00,2026-08-04 00:00:00
980,163,Korrupsiya yoki pora holatini xabar berish qanday?,true,2026-08-04 00:00:00,2026-08-04 00:00:00
981,163,Korrupsiya yoki pora holatini xabar berish haqida ma'lumot bering,true,2026-08-04 00:00:00,2026-08-04 00:00:00
982,163,Korrupsiya yoki pora holatini xabar berish bo'yicha ma'lumot kerak,true,2026-08-04 00:00:00,2026-08-04 00:00:00
983,163,Menga korrupsiya yoki pora holatini xabar berish haqida ayting,true,2026-08-04 00:00:00,2026-08-04 00:00:00
984,163,"Iltimos, ayting: korrupsiya yoki pora holatini qayerga xabar berish mumkin?",true,2026-08-04 00:00:00,2026-08-04 00:00:00
985,164,Favqulodda vaziyatda qaysi raqamlarga qo'ng'iroq qilinadi?,true,2026-08-04 00:00:00,2026-08-04 00:00:00
986,164,Favqulodda vaziyatda raqamlarga qo'ng'iroq qanday?,true,2026-08-04 00:00:00,2026-08-04 00:00:00
987,164,Favqulodda vaziyatda raqamlarga qo'ng'iroq haqida ma'lumot bering,true,2026-08-04 00:00:00,2026-08-04 00:00:00
988,164,Favqulodda vaziyatda raqamlarga qo'ng'iroq bo'yicha ma'lumot kerak,true,2026-08-04 00:00:00,2026-08-04 00:00:00
989,164,Menga favqulodda vaziyatda raqamlarga qo'ng'iroq haqida ayting,true,2026-08-04 00:00:00,2026-08-04 00:00:00
990,164,"Iltimos, ayting: favqulodda vaziyatda qaysi raqamlarga qo'ng'iroq qilinadi?",true,2026-08-04 00:00:00,2026-08-04 00:00:00
991,165,Yo'qolgan hujjat yoki buyum bo'yicha qayerga murojaat qilinadi?,true,2026-08-04 00:00:00,2026-08-04 00:00:00
992,165,Yo'qolgan hujjat yoki buyum bo'yicha qayerga murojaat qilaman?,true,2026-08-04 00:00:00,2026-08-04 00:00:00
993,165,Yo'qolgan hujjat yoki buyum bo'yicha bo'yicha qayerga borish kerak?,true,2026-08-04 00:00:00,2026-08-04 00:00:00
994,165,Yo'qolgan hujjat yoki buyum bo'yicha qayerdan hal qilinadi?,true,2026-08-04 00:00:00,2026-08-04 00:00:00
995,165,Yo'qolgan hujjat yoki buyum bo'yicha murojaat qanday?,true,2026-08-04 00:00:00,2026-08-04 00:00:00
996,165,Yo'qolgan hujjat yoki buyum bo'yicha murojaat haqida ma'lumot bering,true,2026-08-04 00:00:00,2026-08-04 00:00:00
997,166,Chaqaloq tug'ilgach qanday hujjatlar ketma-ket rasmiylashtiriladi?,true,2026-08-04 00:00:00,2026-08-04 00:00:00
998,166,Chaqaloq tug'ilgach qanaqa hujjatlar ketma-ket rasmiylashtiriladi?,true,2026-08-04 00:00:00,2026-08-04 00:00:00
999,166,Chaqaloq tug'ilgach hujjatlar ketma-ket qanday?,true,2026-08-04 00:00:00,2026-08-04 00:00:00
1000,166,Chaqaloq tug'ilgach hujjatlar ketma-ket haqida ma'lumot bering,true,2026-08-04 00:00:00,2026-08-04 00:00:00
1001,166,Chaqaloq tug'ilgach hujjatlar ketma-ket bo'yicha ma'lumot kerak,true,2026-08-04 00:00:00,2026-08-04 00:00:00
1002,166,Menga chaqaloq tug'ilgach hujjatlar ketma-ket haqida ayting,true,2026-08-04 00:00:00,2026-08-04 00:00:00
1003,167,Davlat xizmati rad etilsa nima qilinadi?,true,2026-08-04 00:00:00,2026-08-04 00:00:00
1004,167,Davlat xizmati rad etilsa qanday?,true,2026-08-04 00:00:00,2026-08-04 00:00:00
1005,167,Davlat xizmati rad etilsa haqida ma'lumot bering,true,2026-08-04 00:00:00,2026-08-04 00:00:00
1006,167,Davlat xizmati rad etilsa bo'yicha ma'lumot kerak,true,2026-08-04 00:00:00,2026-08-04 00:00:00
1007,167,Menga davlat xizmati rad etilsa haqida ayting,true,2026-08-04 00:00:00,2026-08-04 00:00:00
1008,167,"Iltimos, ayting: davlat xizmati rad etilsa nima qilinadi?",true,2026-08-04 00:00:00,2026-08-04 00:00:00
1009,168,Aliment (bola ta'minoti) qanday undiriladi?,true,2026-08-04 00:00:00,2026-08-04 00:00:00
1010,168,Aliment (bola ta'minoti) qanaqa undiriladi?,true,2026-08-04 00:00:00,2026-08-04 00:00:00
1011,168,Aliment (bola ta'minoti) undiriladi qanday?,true,2026-08-04 00:00:00,2026-08-04 00:00:00
1012,168,Aliment (bola ta'minoti) undiriladi haqida ma'lumot bering,true,2026-08-04 00:00:00,2026-08-04 00:00:00
1013,168,Aliment (bola ta'minoti) undiriladi bo'yicha ma'lumot kerak,true,2026-08-04 00:00:00,2026-08-04 00:00:00
1014,168,Menga aliment (bola ta'minoti) undiriladi haqida ayting,true,2026-08-04 00:00:00,2026-08-04 00:00:00
1015,169,Aliment to'lamaslik uchun xorijga chiqishga taqiq qo'yiladimi?,true,2026-08-04 00:00:00,2026-08-04 00:00:00
1016,169,Aliment to'lamaslik xorijga chiqishga taqiq qo'yiladimi qanday?,true,2026-08-04 00:00:00,2026-08-04 00:00:00
1017,169,Aliment to'lamaslik xorijga chiqishga taqiq qo'yiladimi haqida ma'lumot bering,true,2026-08-04 00:00:00,2026-08-04 00:00:00
1018,169,Aliment to'lamaslik xorijga chiqishga taqiq qo'yiladimi bo'yicha ma'lumot kerak,true,2026-08-04 00:00:00,2026-08-04 00:00:00
1019,169,Menga aliment to'lamaslik xorijga chiqishga taqiq qo'yiladimi haqida ayting,true,2026-08-04 00:00:00,2026-08-04 00:00:00
1020,169,"Iltimos, ayting: aliment to'lamaslik uchun xorijga chiqishga taqiq qo'yiladimi?",true,2026-08-04 00:00:00,2026-08-04 00:00:00
1021,170,Vasiylik yoki homiylik qanday rasmiylashtiriladi?,true,2026-08-04 00:00:00,2026-08-04 00:00:00
1022,170,Vasiylik yoki homiylikni rasmiylashtirish tartibi qanday?,true,2026-08-04 00:00:00,2026-08-04 00:00:00
1023,170,Vasiylik yoki homiylik qanday rasmiylashtirsa bo'ladi?,true,2026-08-04 00:00:00,2026-08-04 00:00:00
1024,170,Vasiylik yoki homiylik qanday amalga oshiriladi?,true,2026-08-04 00:00:00,2026-08-04 00:00:00
1025,170,Vasiylik yoki homiylik qanaqa rasmiylashtiriladi?,true,2026-08-04 00:00:00,2026-08-04 00:00:00
1026,170,Vasiylik yoki homiylik qanday?,true,2026-08-04 00:00:00,2026-08-04 00:00:00
1027,171,Bankrot bo'lgan yoki qarzli fuqaro qanday yordam oladi?,true,2026-08-04 00:00:00,2026-08-04 00:00:00
1028,171,Bankrot bo'lgan yoki qarzli fuqaro qanaqa yordam oladi?,true,2026-08-04 00:00:00,2026-08-04 00:00:00
1029,171,Bankrot bo'lgan yoki qarzli fuqaro yordam oladi qanday?,true,2026-08-04 00:00:00,2026-08-04 00:00:00
1030,171,Bankrot bo'lgan yoki qarzli fuqaro yordam oladi haqida ma'lumot bering,true,2026-08-04 00:00:00,2026-08-04 00:00:00
1031,171,Bankrot bo'lgan yoki qarzli fuqaro yordam oladi bo'yicha ma'lumot kerak,true,2026-08-04 00:00:00,2026-08-04 00:00:00
1032,171,Menga bankrot bo'lgan yoki qarzli fuqaro yordam oladi haqida ayting,true,2026-08-04 00:00:00,2026-08-04 00:00:00
1033,172,Bank kartasi yo'qolsa yoki firibgarlik bo'lsa nima qilinadi?,true,2026-08-04 00:00:00,2026-08-04 00:00:00
1034,172,Bank kartasi yo'qolsa yoki firibgarlik bo'lsa qanday?,true,2026-08-04 00:00:00,2026-08-04 00:00:00
1035,172,Bank kartasi yo'qolsa yoki firibgarlik bo'lsa haqida ma'lumot bering,true,2026-08-04 00:00:00,2026-08-04 00:00:00
1036,172,Bank kartasi yo'qolsa yoki firibgarlik bo'lsa bo'yicha ma'lumot kerak,true,2026-08-04 00:00:00,2026-08-04 00:00:00
1037,172,Menga bank kartasi yo'qolsa yoki firibgarlik bo'lsa haqida ayting,true,2026-08-04 00:00:00,2026-08-04 00:00:00
1038,172,"Iltimos, ayting: bank kartasi yo'qolsa yoki firibgarlik bo'lsa nima qilinadi?",true,2026-08-04 00:00:00,2026-08-04 00:00:00
1039,173,Onlayn firibgarlik (kiber jinoyat)ni qayerga xabar qilinadi?,true,2026-08-04 00:00:00,2026-08-04 00:00:00
1040,173,Onlayn firibgarlik (kiber jinoyat)ni xabar qanday?,true,2026-08-04 00:00:00,2026-08-04 00:00:00
1041,173,Onlayn firibgarlik (kiber jinoyat)ni xabar haqida ma'lumot bering,true,2026-08-04 00:00:00,2026-08-04 00:00:00
1042,173,Onlayn firibgarlik (kiber jinoyat)ni xabar bo'yicha ma'lumot kerak,true,2026-08-04 00:00:00,2026-08-04 00:00:00
1043,173,Menga onlayn firibgarlik (kiber jinoyat)ni xabar haqida ayting,true,2026-08-04 00:00:00,2026-08-04 00:00:00
1044,173,"Iltimos, ayting: onlayn firibgarlik (kiber jinoyat)ni qayerga xabar qilinadi?",true,2026-08-04 00:00:00,2026-08-04 00:00:00
1045,174,Ismni voyaga yetgach mustaqil o'zgartirish mumkinmi?,true,2026-08-04 00:00:00,2026-08-04 00:00:00
1046,174,Ismni voyaga yetgach mustaqil o'zgartirish mumkin bo'ladimi?,true,2026-08-04 00:00:00,2026-08-04 00:00:00
1047,174,Ismni voyaga yetgach mustaqil o'zgartirishga ruxsat beriladimi?,true,2026-08-04 00:00:00,2026-08-04 00:00:00
1048,174,Ismni voyaga yetgach mustaqil o'zgartirish imkoni bormi?,true,2026-08-04 00:00:00,2026-08-04 00:00:00
1049,174,Ismni voyaga yetgach mustaqil o'zgartirish qanday?,true,2026-08-04 00:00:00,2026-08-04 00:00:00
1050,174,Ismni voyaga yetgach mustaqil o'zgartirish haqida ma'lumot bering,true,2026-08-04 00:00:00,2026-08-04 00:00:00
1051,175,Ikki marta ro'yxatga olingan (dublikat) yozuv bo'lsa nima qilinadi?,true,2026-08-04 00:00:00,2026-08-04 00:00:00
1052,175,Ikki marta ro'yxatga olingan (dublikat) yozuv bo'lsa qanday?,true,2026-08-04 00:00:00,2026-08-04 00:00:00
1053,175,Ikki marta ro'yxatga olingan (dublikat) yozuv bo'lsa haqida ma'lumot bering,true,2026-08-04 00:00:00,2026-08-04 00:00:00
1054,175,Ikki marta ro'yxatga olingan (dublikat) yozuv bo'lsa bo'yicha ma'lumot kerak,true,2026-08-04 00:00:00,2026-08-04 00:00:00
1055,175,Menga ikki marta ro'yxatga olingan (dublikat) yozuv bo'lsa haqida ayting,true,2026-08-04 00:00:00,2026-08-04 00:00:00
1056,175,"Iltimos, ayting: ikki marta ro'yxatga olingan (dublikat) yozuv bo'lsa nima qilinadi?",true,2026-08-04 00:00:00,2026-08-04 00:00:00
1057,176,Uy sotib olishda qanday tekshiruvlar qilish kerak?,true,2026-08-04 00:00:00,2026-08-04 00:00:00
1058,176,Uy sotib olishda qanaqa tekshiruvlar qilish kerak?,true,2026-08-04 00:00:00,2026-08-04 00:00:00
1059,176,Uy sotib olishda tekshiruvlar qilish qanday?,true,2026-08-04 00:00:00,2026-08-04 00:00:00
1060,176,Uy sotib olishda tekshiruvlar qilish haqida ma'lumot bering,true,2026-08-04 00:00:00,2026-08-04 00:00:00
1061,176,Uy sotib olishda tekshiruvlar qilish bo'yicha ma'lumot kerak,true,2026-08-04 00:00:00,2026-08-04 00:00:00
1062,176,Menga uy sotib olishda tekshiruvlar qilish haqida ayting,true,2026-08-04 00:00:00,2026-08-04 00:00:00
1063,177,Transport vositasini hisobdan chiqarish (utilizatsiya) tartibi qanday?,true,2026-08-04 00:00:00,2026-08-04 00:00:00
1064,177,Transport vositasini hisobdan chiqarish (utilizatsiya) qanday amalga oshiriladi?,true,2026-08-04 00:00:00,2026-08-04 00:00:00
1065,177,Transport vositasini hisobdan chiqarish (utilizatsiya) qanaqa tartibda bo'ladi?,true,2026-08-04 00:00:00,2026-08-04 00:00:00
1066,177,Transport vositasini hisobdan chiqarish (utilizatsiya) jarayoni qanday?,true,2026-08-04 00:00:00,2026-08-04 00:00:00
1067,177,Transport vositasini hisobdan chiqarish (utilizatsiya) tartibi qanaqa?,true,2026-08-04 00:00:00,2026-08-04 00:00:00
1068,177,Transport vositasini hisobdan chiqarish (utilizatsiya) qanday?,true,2026-08-04 00:00:00,2026-08-04 00:00:00
1069,178,Soliq to'lovchi sifatida hisobga qo'yilish (ro'yxatga olish) qanday?,true,2026-08-04 00:00:00,2026-08-04 00:00:00
1070,178,Soliq to'lovchi sifatida hisobga qo'yilish (ro'yxatga olish) qanaqa?,true,2026-08-04 00:00:00,2026-08-04 00:00:00
1071,178,Soliq to'lovchi sifatida hisobga qo'yilish (ro'yxatga olish) haqida ma'lumot bering,true,2026-08-04 00:00:00,2026-08-04 00:00:00
1072,178,Soliq to'lovchi sifatida hisobga qo'yilish (ro'yxatga olish) bo'yicha ma'lumot kerak,true,2026-08-04 00:00:00,2026-08-04 00:00:00
1073,178,Menga soliq to'lovchi sifatida hisobga qo'yilish (ro'yxatga olish) haqida ayting,true,2026-08-04 00:00:00,2026-08-04 00:00:00
1074,178,"Iltimos, ayting: soliq to'lovchi sifatida hisobga qo'yilish (ro'yxatga olish) qanday?",true,2026-08-04 00:00:00,2026-08-04 00:00:00
1075,179,Bandlikka ko'maklashish markazi qanday yordam beradi?,true,2026-08-04 00:00:00,2026-08-04 00:00:00
1076,179,Bandlikka ko'maklashish markazi qanaqa yordam beradi?,true,2026-08-04 00:00:00,2026-08-04 00:00:00
1077,179,Bandlikka ko'maklashish markazi yordam beradi qanday?,true,2026-08-04 00:00:00,2026-08-04 00:00:00
1078,179,Bandlikka ko'maklashish markazi yordam beradi haqida ma'lumot bering,true,2026-08-04 00:00:00,2026-08-04 00:00:00
1079,179,Bandlikka ko'maklashish markazi yordam beradi bo'yicha ma'lumot kerak,true,2026-08-04 00:00:00,2026-08-04 00:00:00
1080,179,Menga bandlikka ko'maklashish markazi yordam beradi haqida ayting,true,2026-08-04 00:00:00,2026-08-04 00:00:00
1081,180,Chet el fuqarosiga mehnatga ruxsatnoma (patent) qanday beriladi?,true,2026-08-04 00:00:00,2026-08-04 00:00:00
1082,180,Chet el fuqarosiga mehnatga ruxsatnoma (patent) qanaqa beriladi?,true,2026-08-04 00:00:00,2026-08-04 00:00:00
1083,180,Chet el fuqarosiga mehnatga ruxsatnoma (patent) qanday?,true,2026-08-04 00:00:00,2026-08-04 00:00:00
1084,180,Chet el fuqarosiga mehnatga ruxsatnoma (patent) haqida ma'lumot bering,true,2026-08-04 00:00:00,2026-08-04 00:00:00
1085,180,Chet el fuqarosiga mehnatga ruxsatnoma (patent) bo'yicha ma'lumot kerak,true,2026-08-04 00:00:00,2026-08-04 00:00:00
1086,180,Menga chet el fuqarosiga mehnatga ruxsatnoma (patent) haqida ayting,true,2026-08-04 00:00:00,2026-08-04 00:00:00
1087,181,Davlat xizmatlari haqidagi to'liq ma'lumotni qayerdan topaman?,true,2026-08-04 00:00:00,2026-08-04 00:00:00
1088,181,Davlat xizmatlari haqidagi to'liq ma'lumotni topaman qanday?,true,2026-08-04 00:00:00,2026-08-04 00:00:00
1089,181,Davlat xizmatlari haqidagi to'liq ma'lumotni topaman haqida ma'lumot bering,true,2026-08-04 00:00:00,2026-08-04 00:00:00
1090,181,Davlat xizmatlari haqidagi to'liq ma'lumotni topaman bo'yicha ma'lumot kerak,true,2026-08-04 00:00:00,2026-08-04 00:00:00
1091,181,Menga davlat xizmatlari haqidagi to'liq ma'lumotni topaman haqida ayting,true,2026-08-04 00:00:00,2026-08-04 00:00:00
1092,181,"Iltimos, ayting: davlat xizmatlari haqidagi to'liq ma'lumotni qayerdan topaman?",true,2026-08-04 00:00:00,2026-08-04 00:00:00
1093,182,ID-kartadagi fotosuratni qachon yangilash kerak bo'ladi?,true,2026-08-04 00:00:00,2026-08-04 00:00:00
1094,182,ID-kartadagi fotosuratni qachon yangilash qanday?,true,2026-08-04 00:00:00,2026-08-04 00:00:00
1095,182,ID-kartadagi fotosuratni qachon yangilash haqida ma'lumot bering,true,2026-08-04 00:00:00,2026-08-04 00:00:00
1096,182,ID-kartadagi fotosuratni qachon yangilash bo'yicha ma'lumot kerak,true,2026-08-04 00:00:00,2026-08-04 00:00:00
1097,182,Menga id-kartadagi fotosuratni qachon yangilash haqida ayting,true,2026-08-04 00:00:00,2026-08-04 00:00:00
1098,182,"Iltimos, ayting: iD-kartadagi fotosuratni qachon yangilash kerak bo'ladi?",true,2026-08-04 00:00:00,2026-08-04 00:00:00
1099,183,ID-karta chipidagi ma'lumotlarni qayerda o'qitish mumkin?,true,2026-08-04 00:00:00,2026-08-04 00:00:00
1100,183,ID-karta chipidagi ma'lumotlarni o'qitish qanday?,true,2026-08-04 00:00:00,2026-08-04 00:00:00
1101,183,ID-karta chipidagi ma'lumotlarni o'qitish haqida ma'lumot bering,true,2026-08-04 00:00:00,2026-08-04 00:00:00
1102,183,ID-karta chipidagi ma'lumotlarni o'qitish bo'yicha ma'lumot kerak,true,2026-08-04 00:00:00,2026-08-04 00:00:00
1103,183,Menga id-karta chipidagi ma'lumotlarni o'qitish haqida ayting,true,2026-08-04 00:00:00,2026-08-04 00:00:00
1104,183,"Iltimos, ayting: iD-karta chipidagi ma'lumotlarni qayerda o'qitish mumkin?",true,2026-08-04 00:00:00,2026-08-04 00:00:00
1105,184,ID-karta sinsa yoki buzilib qolsa nima qilinadi?,true,2026-08-04 00:00:00,2026-08-04 00:00:00
1106,184,ID-karta sinsa yoki buzilib qolsa qanday?,true,2026-08-04 00:00:00,2026-08-04 00:00:00
1107,184,ID-karta sinsa yoki buzilib qolsa haqida ma'lumot bering,true,2026-08-04 00:00:00,2026-08-04 00:00:00
1108,184,ID-karta sinsa yoki buzilib qolsa bo'yicha ma'lumot kerak,true,2026-08-04 00:00:00,2026-08-04 00:00:00
1109,184,Menga id-karta sinsa yoki buzilib qolsa haqida ayting,true,2026-08-04 00:00:00,2026-08-04 00:00:00
1110,184,"Iltimos, ayting: iD-karta sinsa yoki buzilib qolsa nima qilinadi?",true,2026-08-04 00:00:00,2026-08-04 00:00:00
1111,185,Pasport (ID-karta) uchun rasm talablari qanday?,true,2026-08-04 00:00:00,2026-08-04 00:00:00
1112,185,Pasport (ID-karta) uchun rasm talablari qanaqa?,true,2026-08-04 00:00:00,2026-08-04 00:00:00
1113,185,Pasport (ID-karta) rasm talablari qanday?,true,2026-08-04 00:00:00,2026-08-04 00:00:00
1114,185,Pasport (ID-karta) rasm talablari haqida ma'lumot bering,true,2026-08-04 00:00:00,2026-08-04 00:00:00
1115,185,Pasport (ID-karta) rasm talablari bo'yicha ma'lumot kerak,true,2026-08-04 00:00:00,2026-08-04 00:00:00
1116,185,Menga pasport (id-karta) rasm talablari haqida ayting,true,2026-08-04 00:00:00,2026-08-04 00:00:00
1117,186,Ijaradagi (vaqtincha yashovchi) fuqaro ID-kartani qayerdan almashtiradi?,true,2026-08-04 00:00:00,2026-08-04 00:00:00
1118,186,Ijaradagi (vaqtincha yashovchi) fuqaro ID-kartani almashtiradi qanday?,true,2026-08-04 00:00:00,2026-08-04 00:00:00
1119,186,Ijaradagi (vaqtincha yashovchi) fuqaro ID-kartani almashtiradi haqida ma'lumot bering,true,2026-08-04 00:00:00,2026-08-04 00:00:00
1120,186,Ijaradagi (vaqtincha yashovchi) fuqaro ID-kartani almashtiradi bo'yicha ma'lumot kerak,true,2026-08-04 00:00:00,2026-08-04 00:00:00
1121,186,Menga ijaradagi (vaqtincha yashovchi) fuqaro id-kartani almashtiradi haqida ayting,true,2026-08-04 00:00:00,2026-08-04 00:00:00
1122,186,"Iltimos, ayting: ijaradagi (vaqtincha yashovchi) fuqaro ID-kartani qayerdan almashtiradi?",true,2026-08-04 00:00:00,2026-08-04 00:00:00
1123,187,Ism va familiya lotin hamda kirill yozuvida qanday ko'rsatiladi?,true,2026-08-04 00:00:00,2026-08-04 00:00:00
1124,187,Ism va familiya lotin hamda kirill yozuvida qanaqa ko'rsatiladi?,true,2026-08-04 00:00:00,2026-08-04 00:00:00
1125,187,Ism familiya lotin hamda kirill yozuvida ko'rsatiladi qanday?,true,2026-08-04 00:00:00,2026-08-04 00:00:00
1126,187,Ism familiya lotin hamda kirill yozuvida ko'rsatiladi haqida ma'lumot bering,true,2026-08-04 00:00:00,2026-08-04 00:00:00
1127,187,Ism familiya lotin hamda kirill yozuvida ko'rsatiladi bo'yicha ma'lumot kerak,true,2026-08-04 00:00:00,2026-08-04 00:00:00
1128,187,Menga ism familiya lotin hamda kirill yozuvida ko'rsatiladi haqida ayting,true,2026-08-04 00:00:00,2026-08-04 00:00:00
1129,188,Nikohdan oldingi shartnoma (nikoh shartnomasi) tuzish mumkinmi?,true,2026-08-04 00:00:00,2026-08-04 00:00:00
1130,188,Nikohdan oldingi shartnoma (nikoh shartnomasi) tuzish mumkin bo'ladimi?,true,2026-08-04 00:00:00,2026-08-04 00:00:00
1131,188,Nikohdan oldingi shartnoma (nikoh shartnomasi) tuzishga ruxsat beriladimi?,true,2026-08-04 00:00:00,2026-08-04 00:00:00
1132,188,Nikohdan oldingi shartnoma (nikoh shartnomasi) tuzish imkoni bormi?,true,2026-08-04 00:00:00,2026-08-04 00:00:00
1133,188,Nikohdan oldingi shartnoma (nikoh shartnomasi) tuzish qanday?,true,2026-08-04 00:00:00,2026-08-04 00:00:00
1134,188,Nikohdan oldingi shartnoma (nikoh shartnomasi) tuzish haqida ma'lumot bering,true,2026-08-04 00:00:00,2026-08-04 00:00:00
1135,189,Rasmiy ro'yxatdan o'tmagan (faqat diniy) nikoh huquqiy kuchga egami?,true,2026-08-04 00:00:00,2026-08-04 00:00:00
1136,189,Rasmiy ro'yxatdan o'tmagan (faqat diniy) nikoh huquqiy kuchga egami qanday?,true,2026-08-04 00:00:00,2026-08-04 00:00:00
1137,189,Rasmiy ro'yxatdan o'tmagan (faqat diniy) nikoh huquqiy kuchga egami haqida ma'lumot bering,true,2026-08-04 00:00:00,2026-08-04 00:00:00
1138,189,Rasmiy ro'yxatdan o'tmagan (faqat diniy) nikoh huquqiy kuchga egami bo'yicha ma'lumot kerak,true,2026-08-04 00:00:00,2026-08-04 00:00:00
1139,189,Menga rasmiy ro'yxatdan o'tmagan (faqat diniy) nikoh huquqiy kuchga egami haqida ayting,true,2026-08-04 00:00:00,2026-08-04 00:00:00
1140,189,"Iltimos, ayting: rasmiy ro'yxatdan o'tmagan (faqat diniy) nikoh huquqiy kuchga egami?",true,2026-08-04 00:00:00,2026-08-04 00:00:00
1141,190,Egizaklar tug'ilganda ro'yxatga olish qanday amalga oshiriladi?,true,2026-08-04 00:00:00,2026-08-04 00:00:00
1142,190,Egizaklar tug'ilganda ro'yxatga olish qanday bajariladi?,true,2026-08-04 00:00:00,2026-08-04 00:00:00
1143,190,Egizaklar tug'ilganda ro'yxatga olish tartibi qanday?,true,2026-08-04 00:00:00,2026-08-04 00:00:00
1144,190,Egizaklar tug'ilganda ro'yxatga olish qanday qilinadi?,true,2026-08-04 00:00:00,2026-08-04 00:00:00
1145,190,Egizaklar tug'ilganda ro'yxatga olish qanaqa amalga oshiriladi?,true,2026-08-04 00:00:00,2026-08-04 00:00:00
1146,190,Egizaklar tug'ilganda ro'yxatga olish qanday?,true,2026-08-04 00:00:00,2026-08-04 00:00:00
1147,191,Ota-onasi noma'lum (tashlab ketilgan) bola qanday ro'yxatga olinadi?,true,2026-08-04 00:00:00,2026-08-04 00:00:00
1148,191,Ota-onasi noma'lum (tashlab ketilgan) bola qanaqa ro'yxatga olinadi?,true,2026-08-04 00:00:00,2026-08-04 00:00:00
1149,191,Ota-onasi noma'lum (tashlab ketilgan) bola ro'yxatga qanday?,true,2026-08-04 00:00:00,2026-08-04 00:00:00
1150,191,Ota-onasi noma'lum (tashlab ketilgan) bola ro'yxatga haqida ma'lumot bering,true,2026-08-04 00:00:00,2026-08-04 00:00:00
1151,191,Ota-onasi noma'lum (tashlab ketilgan) bola ro'yxatga bo'yicha ma'lumot kerak,true,2026-08-04 00:00:00,2026-08-04 00:00:00
1152,191,Menga ota-onasi noma'lum (tashlab ketilgan) bola ro'yxatga haqida ayting,true,2026-08-04 00:00:00,2026-08-04 00:00:00
1153,192,Nikoh yoki tug'ilganlik guvohnomasini xorij uchun apostil bilan qanday tayyorlanadi?,true,2026-08-04 00:00:00,2026-08-04 00:00:00
1154,192,Nikoh yoki tug'ilganlik guvohnomasini xorij uchun apostil bilan qanaqa tayyorlanadi?,true,2026-08-04 00:00:00,2026-08-04 00:00:00
1155,192,Nikoh yoki tug'ilganlik guvohnomasini xorij apostil tayyorlanadi qanday?,true,2026-08-04 00:00:00,2026-08-04 00:00:00
1156,192,Nikoh yoki tug'ilganlik guvohnomasini xorij apostil tayyorlanadi haqida ma'lumot bering,true,2026-08-04 00:00:00,2026-08-04 00:00:00
1157,192,Nikoh yoki tug'ilganlik guvohnomasini xorij apostil tayyorlanadi bo'yicha ma'lumot kerak,true,2026-08-04 00:00:00,2026-08-04 00:00:00
1158,192,Menga nikoh yoki tug'ilganlik guvohnomasini xorij apostil tayyorlanadi haqida ayting,true,2026-08-04 00:00:00,2026-08-04 00:00:00
1159,193,FHDYO xizmatiga navbatga qanday yoziladi?,true,2026-08-04 00:00:00,2026-08-04 00:00:00
1160,193,FHDYO xizmatiga navbatga qanaqa yoziladi?,true,2026-08-04 00:00:00,2026-08-04 00:00:00
1161,193,FHDYO xizmatiga navbatga qanday?,true,2026-08-04 00:00:00,2026-08-04 00:00:00
1162,193,FHDYO xizmatiga navbatga haqida ma'lumot bering,true,2026-08-04 00:00:00,2026-08-04 00:00:00
1163,193,FHDYO xizmatiga navbatga bo'yicha ma'lumot kerak,true,2026-08-04 00:00:00,2026-08-04 00:00:00
1164,193,Menga fhdyo xizmatiga navbatga haqida ayting,true,2026-08-04 00:00:00,2026-08-04 00:00:00
1165,194,Bedarak yo'qolgan shaxsni vafot etgan deb tan oldirish qanday amalga oshiriladi?,true,2026-08-04 00:00:00,2026-08-04 00:00:00
1166,194,Bedarak yo'qolgan shaxsni vafot etgan deb tan oldirish qanday bajariladi?,true,2026-08-04 00:00:00,2026-08-04 00:00:00
1167,194,Bedarak yo'qolgan shaxsni vafot etgan deb tan oldirish tartibi qanday?,true,2026-08-04 00:00:00,2026-08-04 00:00:00
1168,194,Bedarak yo'qolgan shaxsni vafot etgan deb tan oldirish qanday qilinadi?,true,2026-08-04 00:00:00,2026-08-04 00:00:00
1169,194,Bedarak yo'qolgan shaxsni vafot etgan deb tan oldirish qanaqa amalga oshiriladi?,true,2026-08-04 00:00:00,2026-08-04 00:00:00
1170,194,Bedarak yo'qolgan shaxsni vafot etgan deb tan oldirish qanday?,true,2026-08-04 00:00:00,2026-08-04 00:00:00
1171,195,Vaqtincha ro'yxatga olish muddati tugasa nima qilinadi?,true,2026-08-04 00:00:00,2026-08-04 00:00:00
1172,195,Vaqtincha ro'yxatga olish muddati tugasa qanday?,true,2026-08-04 00:00:00,2026-08-04 00:00:00
1173,195,Vaqtincha ro'yxatga olish muddati tugasa haqida ma'lumot bering,true,2026-08-04 00:00:00,2026-08-04 00:00:00
1174,195,Vaqtincha ro'yxatga olish muddati tugasa bo'yicha ma'lumot kerak,true,2026-08-04 00:00:00,2026-08-04 00:00:00
1175,195,Menga vaqtincha ro'yxatga olish muddati tugasa haqida ayting,true,2026-08-04 00:00:00,2026-08-04 00:00:00
1176,195,"Iltimos, ayting: vaqtincha ro'yxatga olish muddati tugasa nima qilinadi?",true,2026-08-04 00:00:00,2026-08-04 00:00:00
1177,196,Ko'chib o'tganda ro'yxatga olish manzilini qanday o'zgartiriladi?,true,2026-08-04 00:00:00,2026-08-04 00:00:00
1178,196,Ko'chib o'tganda ro'yxatga olish manzilini qanaqa o'zgartiriladi?,true,2026-08-04 00:00:00,2026-08-04 00:00:00
1179,196,Ko'chib o'tganda ro'yxatga olish manzilini o'zgartiriladi qanday?,true,2026-08-04 00:00:00,2026-08-04 00:00:00
1180,196,Ko'chib o'tganda ro'yxatga olish manzilini o'zgartiriladi haqida ma'lumot bering,true,2026-08-04 00:00:00,2026-08-04 00:00:00
1181,196,Ko'chib o'tganda ro'yxatga olish manzilini o'zgartiriladi bo'yicha ma'lumot kerak,true,2026-08-04 00:00:00,2026-08-04 00:00:00
1182,196,Menga ko'chib o'tganda ro'yxatga olish manzilini o'zgartiriladi haqida ayting,true,2026-08-04 00:00:00,2026-08-04 00:00:00
1183,197,Bolani ota-ona yashash joyiga qanday ro'yxatga olinadi?,true,2026-08-04 00:00:00,2026-08-04 00:00:00
1184,197,Bolani ota-ona yashash joyiga qanaqa ro'yxatga olinadi?,true,2026-08-04 00:00:00,2026-08-04 00:00:00
1185,197,Bolani ota-ona yashash joyiga ro'yxatga qanday?,true,2026-08-04 00:00:00,2026-08-04 00:00:00
1186,197,Bolani ota-ona yashash joyiga ro'yxatga haqida ma'lumot bering,true,2026-08-04 00:00:00,2026-08-04 00:00:00
1187,197,Bolani ota-ona yashash joyiga ro'yxatga bo'yicha ma'lumot kerak,true,2026-08-04 00:00:00,2026-08-04 00:00:00
1188,197,Menga bolani ota-ona yashash joyiga ro'yxatga haqida ayting,true,2026-08-04 00:00:00,2026-08-04 00:00:00
1189,198,Xorijdan qaytgan fuqaro qayta ro'yxatga qanday turadi?,true,2026-08-04 00:00:00,2026-08-04 00:00:00
1190,198,Xorijdan qaytgan fuqaro qayta ro'yxatga qanaqa turadi?,true,2026-08-04 00:00:00,2026-08-04 00:00:00
1191,198,Xorijdan qaytgan fuqaro qayta ro'yxatga turadi qanday?,true,2026-08-04 00:00:00,2026-08-04 00:00:00
1192,198,Xorijdan qaytgan fuqaro qayta ro'yxatga turadi haqida ma'lumot bering,true,2026-08-04 00:00:00,2026-08-04 00:00:00
1193,198,Xorijdan qaytgan fuqaro qayta ro'yxatga turadi bo'yicha ma'lumot kerak,true,2026-08-04 00:00:00,2026-08-04 00:00:00
1194,198,Menga xorijdan qaytgan fuqaro qayta ro'yxatga turadi haqida ayting,true,2026-08-04 00:00:00,2026-08-04 00:00:00
1195,199,Fuqaroligi bo'lmagan shaxs hujjatlarini qanday rasmiylashtiradi?,true,2026-08-04 00:00:00,2026-08-04 00:00:00
1196,199,Fuqaroligi bo'lmagan shaxs hujjatlarini qanaqa rasmiylashtiradi?,true,2026-08-04 00:00:00,2026-08-04 00:00:00
1197,199,Fuqaroligi bo'lmagan shaxs hujjatlarini rasmiylashtiradi qanday?,true,2026-08-04 00:00:00,2026-08-04 00:00:00
1198,199,Fuqaroligi bo'lmagan shaxs hujjatlarini rasmiylashtiradi haqida ma'lumot bering,true,2026-08-04 00:00:00,2026-08-04 00:00:00
1199,199,Fuqaroligi bo'lmagan shaxs hujjatlarini rasmiylashtiradi bo'yicha ma'lumot kerak,true,2026-08-04 00:00:00,2026-08-04 00:00:00
1200,199,Menga fuqaroligi bo'lmagan shaxs hujjatlarini rasmiylashtiradi haqida ayting,true,2026-08-04 00:00:00,2026-08-04 00:00:00
1201,200,O'zbekistonga tashrif buyurgan chet ellik qancha muddatda ro'yxatga olinishi kerak?,true,2026-08-04 00:00:00,2026-08-04 00:00:00
1202,200,O'zbekistonga tashrif buyurgan chet ellik muddatda ro'yxatga olinishi qanday?,true,2026-08-04 00:00:00,2026-08-04 00:00:00
1203,200,O'zbekistonga tashrif buyurgan chet ellik muddatda ro'yxatga olinishi haqida ma'lumot bering,true,2026-08-04 00:00:00,2026-08-04 00:00:00
1204,200,O'zbekistonga tashrif buyurgan chet ellik muddatda ro'yxatga olinishi bo'yicha ma'lumot kerak,true,2026-08-04 00:00:00,2026-08-04 00:00:00
1205,200,Menga o'zbekistonga tashrif buyurgan chet ellik muddatda ro'yxatga olinishi haqida ayting,true,2026-08-04 00:00:00,2026-08-04 00:00:00
1206,200,"Iltimos, ayting: o'zbekistonga tashrif buyurgan chet ellik qancha muddatda ro'yxatga olinishi kerak?",true,2026-08-04 00:00:00,2026-08-04 00:00:00
1207,201,Daromad yoki ish haqi haqidagi ma'lumotnoma qanday olinadi?,true,2026-08-04 00:00:00,2026-08-04 00:00:00
1208,201,Daromad yoki ish haqi haqidagi ma'lumotnoma qanday olsa bo'ladi?,true,2026-08-04 00:00:00,2026-08-04 00:00:00
1209,201,Daromad yoki ish haqi haqidagi ma'lumotnomani qanday olaman?,true,2026-08-04 00:00:00,2026-08-04 00:00:00
1210,201,Daromad yoki ish haqi haqidagi ma'lumotnoma olish tartibi qanday?,true,2026-08-04 00:00:00,2026-08-04 00:00:00
1211,201,Daromad yoki ish haqi haqidagi ma'lumotnoma qanaqa olinadi?,true,2026-08-04 00:00:00,2026-08-04 00:00:00
1212,201,Daromad yoki ish haqi haqidagi ma'lumotnoma qanday?,true,2026-08-04 00:00:00,2026-08-04 00:00:00
1213,202,Yashash joyidan (propiska) ma'lumotnoma qanday olinadi?,true,2026-08-04 00:00:00,2026-08-04 00:00:00
1214,202,Yashash joyidan (propiska) ma'lumotnoma qanday olsa bo'ladi?,true,2026-08-04 00:00:00,2026-08-04 00:00:00
1215,202,Yashash joyidan (propiska) ma'lumotnomani qanday olaman?,true,2026-08-04 00:00:00,2026-08-04 00:00:00
1216,202,Yashash joyidan (propiska) ma'lumotnoma olish tartibi qanday?,true,2026-08-04 00:00:00,2026-08-04 00:00:00
1217,202,Yashash joyidan (propiska) ma'lumotnoma qanaqa olinadi?,true,2026-08-04 00:00:00,2026-08-04 00:00:00
1218,202,Yashash joyidan (propiska) ma'lumotnoma qanday?,true,2026-08-04 00:00:00,2026-08-04 00:00:00
1219,203,Bank uchun daromad yoki bandlik ma'lumotnomasini onlayn olish mumkinmi?,true,2026-08-04 00:00:00,2026-08-04 00:00:00
1220,203,Bank uchun daromad yoki bandlik ma'lumotnomasini onlayn olish mumkin bo'ladimi?,true,2026-08-04 00:00:00,2026-08-04 00:00:00
1221,203,Bank uchun daromad yoki bandlik ma'lumotnomasini onlayn olishga ruxsat beriladimi?,true,2026-08-04 00:00:00,2026-08-04 00:00:00
1222,203,Bank uchun daromad yoki bandlik ma'lumotnomasini onlayn olish imkoni bormi?,true,2026-08-04 00:00:00,2026-08-04 00:00:00
1223,203,Bank daromad yoki bandlik ma'lumotnomasini onlayn olish qanday?,true,2026-08-04 00:00:00,2026-08-04 00:00:00
1224,203,Bank daromad yoki bandlik ma'lumotnomasini onlayn olish haqida ma'lumot bering,true,2026-08-04 00:00:00,2026-08-04 00:00:00
1225,204,Ish staji yoki ijtimoiy to'lovlar bo'yicha ma'lumotni qayerdan olaman?,true,2026-08-04 00:00:00,2026-08-04 00:00:00
1226,204,Ish staji yoki ijtimoiy to'lovlar bo'yicha ma'lumotni olaman qanday?,true,2026-08-04 00:00:00,2026-08-04 00:00:00
1227,204,Ish staji yoki ijtimoiy to'lovlar bo'yicha ma'lumotni olaman haqida ma'lumot bering,true,2026-08-04 00:00:00,2026-08-04 00:00:00
1228,204,Ish staji yoki ijtimoiy to'lovlar bo'yicha ma'lumotni olaman bo'yicha ma'lumot kerak,true,2026-08-04 00:00:00,2026-08-04 00:00:00
1229,204,Menga ish staji yoki ijtimoiy to'lovlar bo'yicha ma'lumotni olaman haqida ayting,true,2026-08-04 00:00:00,2026-08-04 00:00:00
1230,204,"Iltimos, ayting: ish staji yoki ijtimoiy to'lovlar bo'yicha ma'lumotni qayerdan olaman?",true,2026-08-04 00:00:00,2026-08-04 00:00:00
1231,205,Notarial harakat uchun qancha to'lov olinadi?,true,2026-08-04 00:00:00,2026-08-04 00:00:00
1232,205,Notarial harakat to'lov qanday?,true,2026-08-04 00:00:00,2026-08-04 00:00:00
1233,205,Notarial harakat to'lov haqida ma'lumot bering,true,2026-08-04 00:00:00,2026-08-04 00:00:00
1234,205,Notarial harakat to'lov bo'yicha ma'lumot kerak,true,2026-08-04 00:00:00,2026-08-04 00:00:00
1235,205,Menga notarial harakat to'lov haqida ayting,true,2026-08-04 00:00:00,2026-08-04 00:00:00
1236,205,"Iltimos, ayting: notarial harakat uchun qancha to'lov olinadi?",true,2026-08-04 00:00:00,2026-08-04 00:00:00
1237,206,Berilgan ishonchnomani bekor qilish mumkinmi?,true,2026-08-04 00:00:00,2026-08-04 00:00:00
1238,206,Berilgan ishonchnomani bekor qilish mumkin bo'ladimi?,true,2026-08-04 00:00:00,2026-08-04 00:00:00
1239,206,Berilgan ishonchnomani bekor qilishga ruxsat beriladimi?,true,2026-08-04 00:00:00,2026-08-04 00:00:00
1240,206,Berilgan ishonchnomani bekor qilish imkoni bormi?,true,2026-08-04 00:00:00,2026-08-04 00:00:00
1241,206,Berilgan ishonchnomani bekor qilish qanday?,true,2026-08-04 00:00:00,2026-08-04 00:00:00
1242,206,Berilgan ishonchnomani bekor qilish haqida ma'lumot bering,true,2026-08-04 00:00:00,2026-08-04 00:00:00
1243,207,Chet elda ishlatiladigan ishonchnoma qanday rasmiylashtiriladi?,true,2026-08-04 00:00:00,2026-08-04 00:00:00
1244,207,Chet elda ishlatiladigan ishonchnomani rasmiylashtirish tartibi qanday?,true,2026-08-04 00:00:00,2026-08-04 00:00:00
1245,207,Chet elda ishlatiladigan ishonchnoma qanday rasmiylashtirsa bo'ladi?,true,2026-08-04 00:00:00,2026-08-04 00:00:00
1246,207,Chet elda ishlatiladigan ishonchnoma qanday amalga oshiriladi?,true,2026-08-04 00:00:00,2026-08-04 00:00:00
1247,207,Chet elda ishlatiladigan ishonchnoma qanaqa rasmiylashtiriladi?,true,2026-08-04 00:00:00,2026-08-04 00:00:00
1248,207,Chet elda ishlatiladigan ishonchnoma qanday?,true,2026-08-04 00:00:00,2026-08-04 00:00:00
1249,208,Shartnomani notarial tasdiqlash har doim shartmi?,true,2026-08-04 00:00:00,2026-08-04 00:00:00
1250,208,Shartnomani notarial tasdiqlash har doim qanday?,true,2026-08-04 00:00:00,2026-08-04 00:00:00
1251,208,Shartnomani notarial tasdiqlash har doim haqida ma'lumot bering,true,2026-08-04 00:00:00,2026-08-04 00:00:00
1252,208,Shartnomani notarial tasdiqlash har doim bo'yicha ma'lumot kerak,true,2026-08-04 00:00:00,2026-08-04 00:00:00
1253,208,Menga shartnomani notarial tasdiqlash har doim haqida ayting,true,2026-08-04 00:00:00,2026-08-04 00:00:00
1254,208,"Iltimos, ayting: shartnomani notarial tasdiqlash har doim shartmi?",true,2026-08-04 00:00:00,2026-08-04 00:00:00
1255,209,Notarial arxivdan eski hujjatni qanday topish mumkin?,true,2026-08-04 00:00:00,2026-08-04 00:00:00
1256,209,Notarial arxivdan eski hujjatni qanaqa topish mumkin?,true,2026-08-04 00:00:00,2026-08-04 00:00:00
1257,209,Notarial arxivdan eski hujjatni topish qanday?,true,2026-08-04 00:00:00,2026-08-04 00:00:00
1258,209,Notarial arxivdan eski hujjatni topish haqida ma'lumot bering,true,2026-08-04 00:00:00,2026-08-04 00:00:00
1259,209,Notarial arxivdan eski hujjatni topish bo'yicha ma'lumot kerak,true,2026-08-04 00:00:00,2026-08-04 00:00:00
1260,209,Menga notarial arxivdan eski hujjatni topish haqida ayting,true,2026-08-04 00:00:00,2026-08-04 00:00:00
1261,210,Ko'chmas mulkning kadastr raqamini qayerdan bilib olish mumkin?,true,2026-08-04 00:00:00,2026-08-04 00:00:00
1262,210,Ko'chmas mulkning kadastr raqamini bilib olish qanday?,true,2026-08-04 00:00:00,2026-08-04 00:00:00
1263,210,Ko'chmas mulkning kadastr raqamini bilib olish haqida ma'lumot bering,true,2026-08-04 00:00:00,2026-08-04 00:00:00
1264,210,Ko'chmas mulkning kadastr raqamini bilib olish bo'yicha ma'lumot kerak,true,2026-08-04 00:00:00,2026-08-04 00:00:00
1265,210,Menga ko'chmas mulkning kadastr raqamini bilib olish haqida ayting,true,2026-08-04 00:00:00,2026-08-04 00:00:00
1266,210,"Iltimos, ayting: ko'chmas mulkning kadastr raqamini qayerdan bilib olish mumkin?",true,2026-08-04 00:00:00,2026-08-04 00:00:00
1267,211,Uy-joyni bo'lish yoki qo'shish (ajratish) qanday rasmiylashtiriladi?,true,2026-08-04 00:00:00,2026-08-04 00:00:00
1268,211,Uy-joyni bo'lish yoki qo'shish (ajratish)ni rasmiylashtirish tartibi qanday?,true,2026-08-04 00:00:00,2026-08-04 00:00:00
1269,211,Uy-joyni bo'lish yoki qo'shish (ajratish) qanday rasmiylashtirsa bo'ladi?,true,2026-08-04 00:00:00,2026-08-04 00:00:00
1270,211,Uy-joyni bo'lish yoki qo'shish (ajratish) qanday amalga oshiriladi?,true,2026-08-04 00:00:00,2026-08-04 00:00:00
1271,211,Uy-joyni bo'lish yoki qo'shish (ajratish) qanaqa rasmiylashtiriladi?,true,2026-08-04 00:00:00,2026-08-04 00:00:00
1272,211,Uy-joyni bo'lish yoki qo'shish (ajratish) qanday?,true,2026-08-04 00:00:00,2026-08-04 00:00:00
1273,212,Merosga o'tgan uyni o'z nomiga qanday o'tkaziladi?,true,2026-08-04 00:00:00,2026-08-04 00:00:00
1274,212,Merosga o'tgan uyni o'z nomiga qanaqa o'tkaziladi?,true,2026-08-04 00:00:00,2026-08-04 00:00:00
1275,212,Merosga o'tgan uyni o'z nomiga qanday?,true,2026-08-04 00:00:00,2026-08-04 00:00:00
1276,212,Merosga o'tgan uyni o'z nomiga haqida ma'lumot bering,true,2026-08-04 00:00:00,2026-08-04 00:00:00
1277,212,Merosga o'tgan uyni o'z nomiga bo'yicha ma'lumot kerak,true,2026-08-04 00:00:00,2026-08-04 00:00:00
1278,212,Menga merosga o'tgan uyni o'z nomiga haqida ayting,true,2026-08-04 00:00:00,2026-08-04 00:00:00
1279,213,Tomorqa yeriga bo'lgan huquqni qanday rasmiylashtiriladi?,true,2026-08-04 00:00:00,2026-08-04 00:00:00
1280,213,Tomorqa yeriga bo'lgan huquqnini rasmiylashtirish tartibi qanday?,true,2026-08-04 00:00:00,2026-08-04 00:00:00
1281,213,Tomorqa yeriga bo'lgan huquqni qanday rasmiylashtirsa bo'ladi?,true,2026-08-04 00:00:00,2026-08-04 00:00:00
1282,213,Tomorqa yeriga bo'lgan huquqni qanday amalga oshiriladi?,true,2026-08-04 00:00:00,2026-08-04 00:00:00
1283,213,Tomorqa yeriga bo'lgan huquqni qanaqa rasmiylashtiriladi?,true,2026-08-04 00:00:00,2026-08-04 00:00:00
1284,213,Tomorqa yeriga bo'lgan huquqni qanday?,true,2026-08-04 00:00:00,2026-08-04 00:00:00
1285,214,Ko'chmas mulk qiymatini baholash (otsenka) qayerda qilinadi?,true,2026-08-04 00:00:00,2026-08-04 00:00:00
1286,214,Ko'chmas mulk qiymatini baholash (otsenka) qanday?,true,2026-08-04 00:00:00,2026-08-04 00:00:00
1287,214,Ko'chmas mulk qiymatini baholash (otsenka) haqida ma'lumot bering,true,2026-08-04 00:00:00,2026-08-04 00:00:00
1288,214,Ko'chmas mulk qiymatini baholash (otsenka) bo'yicha ma'lumot kerak,true,2026-08-04 00:00:00,2026-08-04 00:00:00
1289,214,Menga ko'chmas mulk qiymatini baholash (otsenka) haqida ayting,true,2026-08-04 00:00:00,2026-08-04 00:00:00
1290,214,"Iltimos, ayting: ko'chmas mulk qiymatini baholash (otsenka) qayerda qilinadi?",true,2026-08-04 00:00:00,2026-08-04 00:00:00
1291,215,Avtomobil davlat raqamini saqlab qolish (band qilish) mumkinmi?,true,2026-08-04 00:00:00,2026-08-04 00:00:00
1292,215,Avtomobil davlat raqamini saqlab qolish (band qilish) mumkin bo'ladimi?,true,2026-08-04 00:00:00,2026-08-04 00:00:00
1293,215,Avtomobil davlat raqamini saqlab qolish (band qilish)ga ruxsat beriladimi?,true,2026-08-04 00:00:00,2026-08-04 00:00:00
1294,215,Avtomobil davlat raqamini saqlab qolish (band qilish) imkoni bormi?,true,2026-08-04 00:00:00,2026-08-04 00:00:00
1295,215,Avtomobil davlat raqamini saqlab qolish (band qilish) qanday?,true,2026-08-04 00:00:00,2026-08-04 00:00:00
1296,215,Avtomobil davlat raqamini saqlab qolish (band qilish) haqida ma'lumot bering,true,2026-08-04 00:00:00,2026-08-04 00:00:00
1297,216,Ishonchnoma asosida boshqarilayotgan avtomobilni sotish mumkinmi?,true,2026-08-04 00:00:00,2026-08-04 00:00:00
1298,216,Ishonchnoma asosida boshqarilayotgan avtomobilni sotish mumkin bo'ladimi?,true,2026-08-04 00:00:00,2026-08-04 00:00:00
1299,216,Ishonchnoma asosida boshqarilayotgan avtomobilni sotishga ruxsat beriladimi?,true,2026-08-04 00:00:00,2026-08-04 00:00:00
1300,216,Ishonchnoma asosida boshqarilayotgan avtomobilni sotish imkoni bormi?,true,2026-08-04 00:00:00,2026-08-04 00:00:00
1301,216,Ishonchnoma asosida boshqarilayotgan avtomobilni sotish qanday?,true,2026-08-04 00:00:00,2026-08-04 00:00:00
1302,216,Ishonchnoma asosida boshqarilayotgan avtomobilni sotish haqida ma'lumot bering,true,2026-08-04 00:00:00,2026-08-04 00:00:00
1303,217,Avtomobil garovda (kredit) yoki taqiqda emasligini qanday tekshirish mumkin?,true,2026-08-04 00:00:00,2026-08-04 00:00:00
1304,217,Avtomobil garovda (kredit) yoki taqiqda emasligini qanaqa tekshirish mumkin?,true,2026-08-04 00:00:00,2026-08-04 00:00:00
1305,217,Avtomobil garovda (kredit) yoki taqiqda emasligini tekshirish qanday?,true,2026-08-04 00:00:00,2026-08-04 00:00:00
1306,217,Avtomobil garovda (kredit) yoki taqiqda emasligini tekshirish haqida ma'lumot bering,true,2026-08-04 00:00:00,2026-08-04 00:00:00
1307,217,Avtomobil garovda (kredit) yoki taqiqda emasligini tekshirish bo'yicha ma'lumot kerak,true,2026-08-04 00:00:00,2026-08-04 00:00:00
1308,217,Menga avtomobil garovda (kredit) yoki taqiqda emasligini tekshirish haqida ayting,true,2026-08-04 00:00:00,2026-08-04 00:00:00
1309,218,Chet eldan olib kelingan avtomobilni ro'yxatga olish qanday?,true,2026-08-04 00:00:00,2026-08-04 00:00:00
1310,218,Chet eldan olib kelingan avtomobilni ro'yxatga olish qanaqa?,true,2026-08-04 00:00:00,2026-08-04 00:00:00
1311,218,Chet eldan olib kelingan avtomobilni ro'yxatga olish haqida ma'lumot bering,true,2026-08-04 00:00:00,2026-08-04 00:00:00
1312,218,Chet eldan olib kelingan avtomobilni ro'yxatga olish bo'yicha ma'lumot kerak,true,2026-08-04 00:00:00,2026-08-04 00:00:00
1313,218,Menga chet eldan olib kelingan avtomobilni ro'yxatga olish haqida ayting,true,2026-08-04 00:00:00,2026-08-04 00:00:00
1314,218,"Iltimos, ayting: chet eldan olib kelingan avtomobilni ro'yxatga olish qanday?",true,2026-08-04 00:00:00,2026-08-04 00:00:00
1315,219,"Haydovchilik guvohnomasi toifasini qo'shish (masalan, B dan C ga) qanday?",true,2026-08-04 00:00:00,2026-08-04 00:00:00
1316,219,"Haydovchilik guvohnomasi toifasini qo'shish (masalan, B dan C ga) qanaqa?",true,2026-08-04 00:00:00,2026-08-04 00:00:00
1317,219,"Haydovchilik guvohnomasi toifasini qo'shish (masalan, B dan C ga) haqida ma'lumot bering",true,2026-08-04 00:00:00,2026-08-04 00:00:00
1318,219,"Haydovchilik guvohnomasi toifasini qo'shish (masalan, B dan C ga) bo'yicha ma'lumot kerak",true,2026-08-04 00:00:00,2026-08-04 00:00:00
1319,219,"Menga haydovchilik guvohnomasi toifasini qo'shish (masalan, b dan c ga) haqida ayting",true,2026-08-04 00:00:00,2026-08-04 00:00:00
1320,219,"Iltimos, ayting: haydovchilik guvohnomasi toifasini qo'shish (masalan, B dan C ga) qanday?",true,2026-08-04 00:00:00,2026-08-04 00:00:00
1321,220,Nogironligi bor shaxslar uchun transport bo'yicha imtiyozlar bormi?,true,2026-08-04 00:00:00,2026-08-04 00:00:00
1322,220,Nogironligi shaxslar transport bo'yicha imtiyozlar qanday?,true,2026-08-04 00:00:00,2026-08-04 00:00:00
1323,220,Nogironligi shaxslar transport bo'yicha imtiyozlar haqida ma'lumot bering,true,2026-08-04 00:00:00,2026-08-04 00:00:00
1324,220,Nogironligi shaxslar transport bo'yicha imtiyozlar bo'yicha ma'lumot kerak,true,2026-08-04 00:00:00,2026-08-04 00:00:00
1325,220,Menga nogironligi shaxslar transport bo'yicha imtiyozlar haqida ayting,true,2026-08-04 00:00:00,2026-08-04 00:00:00
1326,220,"Iltimos, ayting: nogironligi bor shaxslar uchun transport bo'yicha imtiyozlar bormi?",true,2026-08-04 00:00:00,2026-08-04 00:00:00
1327,221,Onlayn (marketpleys orqali) savdo qiluvchi soliqni qanday to'laydi?,true,2026-08-04 00:00:00,2026-08-04 00:00:00
1328,221,Onlayn (marketpleys orqali) savdo qiluvchi soliqni qanaqa to'laydi?,true,2026-08-04 00:00:00,2026-08-04 00:00:00
1329,221,Onlayn (marketpleys orqali) savdo qiluvchi soliqni to'laydi qanday?,true,2026-08-04 00:00:00,2026-08-04 00:00:00
1330,221,Onlayn (marketpleys orqali) savdo qiluvchi soliqni to'laydi haqida ma'lumot bering,true,2026-08-04 00:00:00,2026-08-04 00:00:00
1331,221,Onlayn (marketpleys orqali) savdo qiluvchi soliqni to'laydi bo'yicha ma'lumot kerak,true,2026-08-04 00:00:00,2026-08-04 00:00:00
1332,221,Menga onlayn (marketpleys orqali) savdo qiluvchi soliqni to'laydi haqida ayting,true,2026-08-04 00:00:00,2026-08-04 00:00:00
1333,222,Ijaraga berishdan olingan daromad solig'i qanday to'lanadi?,true,2026-08-04 00:00:00,2026-08-04 00:00:00
1334,222,Ijaraga berishdan olingan daromad solig'i qanaqa to'lanadi?,true,2026-08-04 00:00:00,2026-08-04 00:00:00
1335,222,Ijaraga berishdan olingan daromad solig'i to'lanadi qanday?,true,2026-08-04 00:00:00,2026-08-04 00:00:00
1336,222,Ijaraga berishdan olingan daromad solig'i to'lanadi haqida ma'lumot bering,true,2026-08-04 00:00:00,2026-08-04 00:00:00
1337,222,Ijaraga berishdan olingan daromad solig'i to'lanadi bo'yicha ma'lumot kerak,true,2026-08-04 00:00:00,2026-08-04 00:00:00
1338,222,Menga ijaraga berishdan olingan daromad solig'i to'lanadi haqida ayting,true,2026-08-04 00:00:00,2026-08-04 00:00:00
1339,223,Soliq to'lovchining shaxsiy kabinetiga qanday kiriladi?,true,2026-08-04 00:00:00,2026-08-04 00:00:00
1340,223,Soliq to'lovchining shaxsiy kabinetiga qanaqa kiriladi?,true,2026-08-04 00:00:00,2026-08-04 00:00:00
1341,223,Soliq to'lovchining shaxsiy kabinetiga kiriladi qanday?,true,2026-08-04 00:00:00,2026-08-04 00:00:00
1342,223,Soliq to'lovchining shaxsiy kabinetiga kiriladi haqida ma'lumot bering,true,2026-08-04 00:00:00,2026-08-04 00:00:00
1343,223,Soliq to'lovchining shaxsiy kabinetiga kiriladi bo'yicha ma'lumot kerak,true,2026-08-04 00:00:00,2026-08-04 00:00:00
1344,223,Menga soliq to'lovchining shaxsiy kabinetiga kiriladi haqida ayting,true,2026-08-04 00:00:00,2026-08-04 00:00:00
1345,224,Yagona (aylanmadan) soliq to'lovi nima?,true,2026-08-04 00:00:00,2026-08-04 00:00:00
1346,224,Yagona (aylanmadan) soliq to'lovi qanday?,true,2026-08-04 00:00:00,2026-08-04 00:00:00
1347,224,Yagona (aylanmadan) soliq to'lovi haqida ma'lumot bering,true,2026-08-04 00:00:00,2026-08-04 00:00:00
1348,224,Yagona (aylanmadan) soliq to'lovi bo'yicha ma'lumot kerak,true,2026-08-04 00:00:00,2026-08-04 00:00:00
1349,224,Menga yagona (aylanmadan) soliq to'lovi haqida ayting,true,2026-08-04 00:00:00,2026-08-04 00:00:00
1350,224,"Iltimos, ayting: yagona (aylanmadan) soliq to'lovi nima?",true,2026-08-04 00:00:00,2026-08-04 00:00:00
1351,225,Ortiqcha to'langan soliqni qaytarib olish mumkinmi?,true,2026-08-04 00:00:00,2026-08-04 00:00:00
1352,225,Ortiqcha to'langan soliqni qaytarib olish mumkin bo'ladimi?,true,2026-08-04 00:00:00,2026-08-04 00:00:00
1353,225,Ortiqcha to'langan soliqni qaytarib olishga ruxsat beriladimi?,true,2026-08-04 00:00:00,2026-08-04 00:00:00
1354,225,Ortiqcha to'langan soliqni qaytarib olish imkoni bormi?,true,2026-08-04 00:00:00,2026-08-04 00:00:00
1355,225,Ortiqcha to'langan soliqni qaytarib olish qanday?,true,2026-08-04 00:00:00,2026-08-04 00:00:00
1356,225,Ortiqcha to'langan soliqni qaytarib olish haqida ma'lumot bering,true,2026-08-04 00:00:00,2026-08-04 00:00:00
1357,226,Firmaning yuridik manzilini o'zgartirish qanday amalga oshiriladi?,true,2026-08-04 00:00:00,2026-08-04 00:00:00
1358,226,Firmaning yuridik manzilini o'zgartirish qanday bajariladi?,true,2026-08-04 00:00:00,2026-08-04 00:00:00
1359,226,Firmaning yuridik manzilini o'zgartirish tartibi qanday?,true,2026-08-04 00:00:00,2026-08-04 00:00:00
1360,226,Firmaning yuridik manzilini o'zgartirish qanday qilinadi?,true,2026-08-04 00:00:00,2026-08-04 00:00:00
1361,226,Firmaning yuridik manzilini o'zgartirish qanaqa amalga oshiriladi?,true,2026-08-04 00:00:00,2026-08-04 00:00:00
1362,226,Firmaning yuridik manzilini o'zgartirish qanday?,true,2026-08-04 00:00:00,2026-08-04 00:00:00
1363,227,Ustav fondi yoki ta'sischini o'zgartirish qanday rasmiylashtiriladi?,true,2026-08-04 00:00:00,2026-08-04 00:00:00
1364,227,Ustav fondi yoki ta'sischini o'zgartirishni rasmiylashtirish tartibi qanday?,true,2026-08-04 00:00:00,2026-08-04 00:00:00
1365,227,Ustav fondi yoki ta'sischini o'zgartirish qanday rasmiylashtirsa bo'ladi?,true,2026-08-04 00:00:00,2026-08-04 00:00:00
1366,227,Ustav fondi yoki ta'sischini o'zgartirish qanday amalga oshiriladi?,true,2026-08-04 00:00:00,2026-08-04 00:00:00
1367,227,Ustav fondi yoki ta'sischini o'zgartirish qanaqa rasmiylashtiriladi?,true,2026-08-04 00:00:00,2026-08-04 00:00:00
1368,227,Ustav fondi yoki ta'sischini o'zgartirish qanday?,true,2026-08-04 00:00:00,2026-08-04 00:00:00
1369,228,Faoliyat turini (kodini) qo'shish yoki o'zgartirish qanday?,true,2026-08-04 00:00:00,2026-08-04 00:00:00
1370,228,Faoliyat turini (kodini) qo'shish yoki o'zgartirish qanaqa?,true,2026-08-04 00:00:00,2026-08-04 00:00:00
1371,228,Faoliyat turini (kodini) qo'shish yoki o'zgartirish haqida ma'lumot bering,true,2026-08-04 00:00:00,2026-08-04 00:00:00
1372,228,Faoliyat turini (kodini) qo'shish yoki o'zgartirish bo'yicha ma'lumot kerak,true,2026-08-04 00:00:00,2026-08-04 00:00:00
1373,228,Menga faoliyat turini (kodini) qo'shish yoki o'zgartirish haqida ayting,true,2026-08-04 00:00:00,2026-08-04 00:00:00
1374,228,"Iltimos, ayting: faoliyat turini (kodini) qo'shish yoki o'zgartirish qanday?",true,2026-08-04 00:00:00,2026-08-04 00:00:00
1375,229,Tadbirkor uchun bank hisob raqamini ochish uchun nima kerak?,true,2026-08-04 00:00:00,2026-08-04 00:00:00
1376,229,Tadbirkor uchun bank hisob raqamini ochish uchun qanday hujjatlar kerak?,true,2026-08-04 00:00:00,2026-08-04 00:00:00
1377,229,Tadbirkor uchun bank hisob raqamini ochish uchun nimalar kerak?,true,2026-08-04 00:00:00,2026-08-04 00:00:00
1378,229,Tadbirkor uchun bank hisob raqamini ochishga nimalar talab qilinadi?,true,2026-08-04 00:00:00,2026-08-04 00:00:00
1379,229,Tadbirkor bank hisob raqamini ochish qanday?,true,2026-08-04 00:00:00,2026-08-04 00:00:00
1380,229,Tadbirkor bank hisob raqamini ochish haqida ma'lumot bering,true,2026-08-04 00:00:00,2026-08-04 00:00:00
1381,230,Onlayn-kassa yoki to'lov terminalini qanday ro'yxatga olinadi?,true,2026-08-04 00:00:00,2026-08-04 00:00:00
1382,230,Onlayn-kassa yoki to'lov terminalini qanaqa ro'yxatga olinadi?,true,2026-08-04 00:00:00,2026-08-04 00:00:00
1383,230,Onlayn-kassa yoki to'lov terminalini ro'yxatga qanday?,true,2026-08-04 00:00:00,2026-08-04 00:00:00
1384,230,Onlayn-kassa yoki to'lov terminalini ro'yxatga haqida ma'lumot bering,true,2026-08-04 00:00:00,2026-08-04 00:00:00
1385,230,Onlayn-kassa yoki to'lov terminalini ro'yxatga bo'yicha ma'lumot kerak,true,2026-08-04 00:00:00,2026-08-04 00:00:00
1386,230,Menga onlayn-kassa yoki to'lov terminalini ro'yxatga haqida ayting,true,2026-08-04 00:00:00,2026-08-04 00:00:00
1387,231,Mehnat ta'tili necha kun va qanday beriladi?,true,2026-08-04 00:00:00,2026-08-04 00:00:00
1388,231,Mehnat ta'tili necha kun va qanaqa beriladi?,true,2026-08-04 00:00:00,2026-08-04 00:00:00
1389,231,Mehnat ta'tili kun qanday?,true,2026-08-04 00:00:00,2026-08-04 00:00:00
1390,231,Mehnat ta'tili kun haqida ma'lumot bering,true,2026-08-04 00:00:00,2026-08-04 00:00:00
1391,231,Mehnat ta'tili kun bo'yicha ma'lumot kerak,true,2026-08-04 00:00:00,2026-08-04 00:00:00
1392,231,Menga mehnat ta'tili kun haqida ayting,true,2026-08-04 00:00:00,2026-08-04 00:00:00
1393,232,Homiladorlik va tug'ruq ta'tili qanday rasmiylashtiriladi?,true,2026-08-04 00:00:00,2026-08-04 00:00:00
1394,232,Homiladorlik va tug'ruq ta'tilini rasmiylashtirish tartibi qanday?,true,2026-08-04 00:00:00,2026-08-04 00:00:00
1395,232,Homiladorlik va tug'ruq ta'tili qanday rasmiylashtirsa bo'ladi?,true,2026-08-04 00:00:00,2026-08-04 00:00:00
1396,232,Homiladorlik va tug'ruq ta'tili qanday amalga oshiriladi?,true,2026-08-04 00:00:00,2026-08-04 00:00:00
1397,232,Homiladorlik va tug'ruq ta'tili qanaqa rasmiylashtiriladi?,true,2026-08-04 00:00:00,2026-08-04 00:00:00
1398,232,Homiladorlik tug'ruq ta'tili qanday?,true,2026-08-04 00:00:00,2026-08-04 00:00:00
1399,233,Bola parvarishi ta'tili kimga va qancha muddatga beriladi?,true,2026-08-04 00:00:00,2026-08-04 00:00:00
1400,233,Bola parvarishi ta'tili muddatga qanday?,true,2026-08-04 00:00:00,2026-08-04 00:00:00
1401,233,Bola parvarishi ta'tili muddatga haqida ma'lumot bering,true,2026-08-04 00:00:00,2026-08-04 00:00:00
1402,233,Bola parvarishi ta'tili muddatga bo'yicha ma'lumot kerak,true,2026-08-04 00:00:00,2026-08-04 00:00:00
1403,233,Menga bola parvarishi ta'tili muddatga haqida ayting,true,2026-08-04 00:00:00,2026-08-04 00:00:00
1404,233,"Iltimos, ayting: bola parvarishi ta'tili kimga va qancha muddatga beriladi?",true,2026-08-04 00:00:00,2026-08-04 00:00:00
1405,234,Kasallik varaqasi (bemorlik varaqasi) qanday to'lanadi?,true,2026-08-04 00:00:00,2026-08-04 00:00:00
1406,234,Kasallik varaqasi (bemorlik varaqasi) qanaqa to'lanadi?,true,2026-08-04 00:00:00,2026-08-04 00:00:00
1407,234,Kasallik varaqasi (bemorlik varaqasi) to'lanadi qanday?,true,2026-08-04 00:00:00,2026-08-04 00:00:00
1408,234,Kasallik varaqasi (bemorlik varaqasi) to'lanadi haqida ma'lumot bering,true,2026-08-04 00:00:00,2026-08-04 00:00:00
1409,234,Kasallik varaqasi (bemorlik varaqasi) to'lanadi bo'yicha ma'lumot kerak,true,2026-08-04 00:00:00,2026-08-04 00:00:00
1410,234,Menga kasallik varaqasi (bemorlik varaqasi) to'lanadi haqida ayting,true,2026-08-04 00:00:00,2026-08-04 00:00:00
1411,235,Noqonuniy ishdan bo'shatilsam qayerga murojaat qilaman?,true,2026-08-04 00:00:00,2026-08-04 00:00:00
1412,235,Noqonuniy ishdan bo'shatilsam murojaat qilaman qanday?,true,2026-08-04 00:00:00,2026-08-04 00:00:00
1413,235,Noqonuniy ishdan bo'shatilsam murojaat qilaman haqida ma'lumot bering,true,2026-08-04 00:00:00,2026-08-04 00:00:00
1414,235,Noqonuniy ishdan bo'shatilsam murojaat qilaman bo'yicha ma'lumot kerak,true,2026-08-04 00:00:00,2026-08-04 00:00:00
1415,235,Menga noqonuniy ishdan bo'shatilsam murojaat qilaman haqida ayting,true,2026-08-04 00:00:00,2026-08-04 00:00:00
1416,235,"Iltimos, ayting: noqonuniy ishdan bo'shatilsam qayerga murojaat qilaman?",true,2026-08-04 00:00:00,2026-08-04 00:00:00
1417,236,Ish joyida baxtsiz hodisa (jarohat) bo'lsa nima qilinadi?,true,2026-08-04 00:00:00,2026-08-04 00:00:00
1418,236,Ish joyida baxtsiz hodisa (jarohat) bo'lsa qanday?,true,2026-08-04 00:00:00,2026-08-04 00:00:00
1419,236,Ish joyida baxtsiz hodisa (jarohat) bo'lsa haqida ma'lumot bering,true,2026-08-04 00:00:00,2026-08-04 00:00:00
1420,236,Ish joyida baxtsiz hodisa (jarohat) bo'lsa bo'yicha ma'lumot kerak,true,2026-08-04 00:00:00,2026-08-04 00:00:00
1421,236,Menga ish joyida baxtsiz hodisa (jarohat) bo'lsa haqida ayting,true,2026-08-04 00:00:00,2026-08-04 00:00:00
1422,236,"Iltimos, ayting: ish joyida baxtsiz hodisa (jarohat) bo'lsa nima qilinadi?",true,2026-08-04 00:00:00,2026-08-04 00:00:00
1423,237,Nogironlik guruhini qanday rasmiylashtiriladi?,true,2026-08-04 00:00:00,2026-08-04 00:00:00
1424,237,Nogironlik guruhinini rasmiylashtirish tartibi qanday?,true,2026-08-04 00:00:00,2026-08-04 00:00:00
1425,237,Nogironlik guruhini qanday rasmiylashtirsa bo'ladi?,true,2026-08-04 00:00:00,2026-08-04 00:00:00
1426,237,Nogironlik guruhini qanday amalga oshiriladi?,true,2026-08-04 00:00:00,2026-08-04 00:00:00
1427,237,Nogironlik guruhini qanaqa rasmiylashtiriladi?,true,2026-08-04 00:00:00,2026-08-04 00:00:00
1428,237,Nogironlik guruhini qanday?,true,2026-08-04 00:00:00,2026-08-04 00:00:00
1429,238,Nogironlik aravachasi yoki protez kabi vositalar qanday beriladi?,true,2026-08-04 00:00:00,2026-08-04 00:00:00
1430,238,Nogironlik aravachasi yoki protez kabi vositalar qanaqa beriladi?,true,2026-08-04 00:00:00,2026-08-04 00:00:00
1431,238,Nogironlik aravachasi yoki protez kabi vositalar qanday?,true,2026-08-04 00:00:00,2026-08-04 00:00:00
1432,238,Nogironlik aravachasi yoki protez kabi vositalar haqida ma'lumot bering,true,2026-08-04 00:00:00,2026-08-04 00:00:00
1433,238,Nogironlik aravachasi yoki protez kabi vositalar bo'yicha ma'lumot kerak,true,2026-08-04 00:00:00,2026-08-04 00:00:00
1434,238,Menga nogironlik aravachasi yoki protez kabi vositalar haqida ayting,true,2026-08-04 00:00:00,2026-08-04 00:00:00
1435,239,Yolg'iz keksalarga uy sharoitida yordam bormi?,true,2026-08-04 00:00:00,2026-08-04 00:00:00
1436,239,Yolg'iz keksalarga uy sharoitida yordam qanday?,true,2026-08-04 00:00:00,2026-08-04 00:00:00
1437,239,Yolg'iz keksalarga uy sharoitida yordam haqida ma'lumot bering,true,2026-08-04 00:00:00,2026-08-04 00:00:00
1438,239,Yolg'iz keksalarga uy sharoitida yordam bo'yicha ma'lumot kerak,true,2026-08-04 00:00:00,2026-08-04 00:00:00
1439,239,Menga yolg'iz keksalarga uy sharoitida yordam haqida ayting,true,2026-08-04 00:00:00,2026-08-04 00:00:00
1440,239,"Iltimos, ayting: yolg'iz keksalarga uy sharoitida yordam bormi?",true,2026-08-04 00:00:00,2026-08-04 00:00:00
1441,240,Yetim va nazoratsiz bolalarga qanday yordam ko'rsatiladi?,true,2026-08-04 00:00:00,2026-08-04 00:00:00
1442,240,Yetim va nazoratsiz bolalarga qanaqa yordam ko'rsatiladi?,true,2026-08-04 00:00:00,2026-08-04 00:00:00
1443,240,Yetim nazoratsiz bolalarga yordam ko'rsatiladi qanday?,true,2026-08-04 00:00:00,2026-08-04 00:00:00
1444,240,Yetim nazoratsiz bolalarga yordam ko'rsatiladi haqida ma'lumot bering,true,2026-08-04 00:00:00,2026-08-04 00:00:00
1445,240,Yetim nazoratsiz bolalarga yordam ko'rsatiladi bo'yicha ma'lumot kerak,true,2026-08-04 00:00:00,2026-08-04 00:00:00
1446,240,Menga yetim nazoratsiz bolalarga yordam ko'rsatiladi haqida ayting,true,2026-08-04 00:00:00,2026-08-04 00:00:00
1447,241,Ijtimoiy nafaqa yoki yordam summasini qayerdan bilish mumkin?,true,2026-08-04 00:00:00,2026-08-04 00:00:00
1448,241,Ijtimoiy nafaqa yoki yordam summasini bilish qanday?,true,2026-08-04 00:00:00,2026-08-04 00:00:00
1449,241,Ijtimoiy nafaqa yoki yordam summasini bilish haqida ma'lumot bering,true,2026-08-04 00:00:00,2026-08-04 00:00:00
1450,241,Ijtimoiy nafaqa yoki yordam summasini bilish bo'yicha ma'lumot kerak,true,2026-08-04 00:00:00,2026-08-04 00:00:00
1451,241,Menga ijtimoiy nafaqa yoki yordam summasini bilish haqida ayting,true,2026-08-04 00:00:00,2026-08-04 00:00:00
1452,241,"Iltimos, ayting: ijtimoiy nafaqa yoki yordam summasini qayerdan bilish mumkin?",true,2026-08-04 00:00:00,2026-08-04 00:00:00
1453,242,Kasalxonaga yotqizish (statsionar) uchun yo'llanma qanday olinadi?,true,2026-08-04 00:00:00,2026-08-04 00:00:00
1454,242,Kasalxonaga yotqizish (statsionar) uchun yo'llanma qanday olsa bo'ladi?,true,2026-08-04 00:00:00,2026-08-04 00:00:00
1455,242,Kasalxonaga yotqizish (statsionar) uchun yo'llanmani qanday olaman?,true,2026-08-04 00:00:00,2026-08-04 00:00:00
1456,242,Kasalxonaga yotqizish (statsionar) uchun yo'llanma olish tartibi qanday?,true,2026-08-04 00:00:00,2026-08-04 00:00:00
1457,242,Kasalxonaga yotqizish (statsionar) uchun yo'llanma qanaqa olinadi?,true,2026-08-04 00:00:00,2026-08-04 00:00:00
1458,242,Kasalxonaga yotqizish (statsionar) yo'llanma qanday?,true,2026-08-04 00:00:00,2026-08-04 00:00:00
1459,243,Tug'ruqxonani tanlash mumkinmi?,true,2026-08-04 00:00:00,2026-08-04 00:00:00
1460,243,Tug'ruqxonani tanlash mumkin bo'ladimi?,true,2026-08-04 00:00:00,2026-08-04 00:00:00
1461,243,Tug'ruqxonani tanlashga ruxsat beriladimi?,true,2026-08-04 00:00:00,2026-08-04 00:00:00
1462,243,Tug'ruqxonani tanlash imkoni bormi?,true,2026-08-04 00:00:00,2026-08-04 00:00:00
1463,243,Tug'ruqxonani tanlash qanday?,true,2026-08-04 00:00:00,2026-08-04 00:00:00
1464,243,Tug'ruqxonani tanlash haqida ma'lumot bering,true,2026-08-04 00:00:00,2026-08-04 00:00:00
1465,244,Imtiyozli (bepul) dorilar ro'yxatini qayerdan bilish mumkin?,true,2026-08-04 00:00:00,2026-08-04 00:00:00
1466,244,Imtiyozli (bepul) dorilar ro'yxatini bilish qanday?,true,2026-08-04 00:00:00,2026-08-04 00:00:00
1467,244,Imtiyozli (bepul) dorilar ro'yxatini bilish haqida ma'lumot bering,true,2026-08-04 00:00:00,2026-08-04 00:00:00
1468,244,Imtiyozli (bepul) dorilar ro'yxatini bilish bo'yicha ma'lumot kerak,true,2026-08-04 00:00:00,2026-08-04 00:00:00
1469,244,Menga imtiyozli (bepul) dorilar ro'yxatini bilish haqida ayting,true,2026-08-04 00:00:00,2026-08-04 00:00:00
1470,244,"Iltimos, ayting: imtiyozli (bepul) dorilar ro'yxatini qayerdan bilish mumkin?",true,2026-08-04 00:00:00,2026-08-04 00:00:00
1471,245,Sanatoriy-kurort yo'llanmasi qanday beriladi?,true,2026-08-04 00:00:00,2026-08-04 00:00:00
1472,245,Sanatoriy-kurort yo'llanmasi qanaqa beriladi?,true,2026-08-04 00:00:00,2026-08-04 00:00:00
1473,245,Sanatoriy-kurort yo'llanmasi qanday?,true,2026-08-04 00:00:00,2026-08-04 00:00:00
1474,245,Sanatoriy-kurort yo'llanmasi haqida ma'lumot bering,true,2026-08-04 00:00:00,2026-08-04 00:00:00
1475,245,Sanatoriy-kurort yo'llanmasi bo'yicha ma'lumot kerak,true,2026-08-04 00:00:00,2026-08-04 00:00:00
1476,245,Menga sanatoriy-kurort yo'llanmasi haqida ayting,true,2026-08-04 00:00:00,2026-08-04 00:00:00
1477,246,Psixologik yordam yoki ishonch xizmatiga qanday murojaat qilinadi?,true,2026-08-04 00:00:00,2026-08-04 00:00:00
1478,246,Psixologik yordam yoki ishonch xizmatiga qanaqa murojaat qilinadi?,true,2026-08-04 00:00:00,2026-08-04 00:00:00
1479,246,Psixologik yordam yoki ishonch xizmatiga murojaat qanday?,true,2026-08-04 00:00:00,2026-08-04 00:00:00
1480,246,Psixologik yordam yoki ishonch xizmatiga murojaat haqida ma'lumot bering,true,2026-08-04 00:00:00,2026-08-04 00:00:00
1481,246,Psixologik yordam yoki ishonch xizmatiga murojaat bo'yicha ma'lumot kerak,true,2026-08-04 00:00:00,2026-08-04 00:00:00
1482,246,Menga psixologik yordam yoki ishonch xizmatiga murojaat haqida ayting,true,2026-08-04 00:00:00,2026-08-04 00:00:00
1483,247,Bog'cha (maktabgacha ta'lim) navbatini qanday kuzatiladi?,true,2026-08-04 00:00:00,2026-08-04 00:00:00
1484,247,Bog'cha (maktabgacha ta'lim) navbatini qanaqa kuzatiladi?,true,2026-08-04 00:00:00,2026-08-04 00:00:00
1485,247,Bog'cha (maktabgacha ta'lim) navbatini kuzatiladi qanday?,true,2026-08-04 00:00:00,2026-08-04 00:00:00
1486,247,Bog'cha (maktabgacha ta'lim) navbatini kuzatiladi haqida ma'lumot bering,true,2026-08-04 00:00:00,2026-08-04 00:00:00
1487,247,Bog'cha (maktabgacha ta'lim) navbatini kuzatiladi bo'yicha ma'lumot kerak,true,2026-08-04 00:00:00,2026-08-04 00:00:00
1488,247,Menga bog'cha (maktabgacha ta'lim) navbatini kuzatiladi haqida ayting,true,2026-08-04 00:00:00,2026-08-04 00:00:00
1489,248,Uyda ta'lim (eksternat) shakli mumkinmi?,true,2026-08-04 00:00:00,2026-08-04 00:00:00
1490,248,Uyda ta'lim (eksternat) shakli mumkin bo'ladimi?,true,2026-08-04 00:00:00,2026-08-04 00:00:00
1491,248,Uyda ta'lim (eksternat) shakliga ruxsat beriladimi?,true,2026-08-04 00:00:00,2026-08-04 00:00:00
1492,248,Uyda ta'lim (eksternat) shakli imkoni bormi?,true,2026-08-04 00:00:00,2026-08-04 00:00:00
1493,248,Uyda ta'lim (eksternat) shakli qanday?,true,2026-08-04 00:00:00,2026-08-04 00:00:00
1494,248,Uyda ta'lim (eksternat) shakli haqida ma'lumot bering,true,2026-08-04 00:00:00,2026-08-04 00:00:00
1495,249,Chet elda o'qish uchun ta'lim hujjatini qanday tayyorlanadi?,true,2026-08-04 00:00:00,2026-08-04 00:00:00
1496,249,Chet elda o'qish uchun ta'lim hujjatini qanaqa tayyorlanadi?,true,2026-08-04 00:00:00,2026-08-04 00:00:00
1497,249,Chet elda o'qish ta'lim hujjatini tayyorlanadi qanday?,true,2026-08-04 00:00:00,2026-08-04 00:00:00
1498,249,Chet elda o'qish ta'lim hujjatini tayyorlanadi haqida ma'lumot bering,true,2026-08-04 00:00:00,2026-08-04 00:00:00
1499,249,Chet elda o'qish ta'lim hujjatini tayyorlanadi bo'yicha ma'lumot kerak,true,2026-08-04 00:00:00,2026-08-04 00:00:00
1500,249,Menga chet elda o'qish ta'lim hujjatini tayyorlanadi haqida ayting,true,2026-08-04 00:00:00,2026-08-04 00:00:00
1501,250,Ta'lim krediti yoki to'lov bo'yicha yordam (subsidiya) bormi?,true,2026-08-04 00:00:00,2026-08-04 00:00:00
1502,250,Ta'lim krediti yoki to'lov bo'yicha yordam (subsidiya) qanday?,true,2026-08-04 00:00:00,2026-08-04 00:00:00
1503,250,Ta'lim krediti yoki to'lov bo'yicha yordam (subsidiya) haqida ma'lumot bering,true,2026-08-04 00:00:00,2026-08-04 00:00:00
1504,250,Ta'lim krediti yoki to'lov bo'yicha yordam (subsidiya) bo'yicha ma'lumot kerak,true,2026-08-04 00:00:00,2026-08-04 00:00:00
1505,250,Menga ta'lim krediti yoki to'lov bo'yicha yordam (subsidiya) haqida ayting,true,2026-08-04 00:00:00,2026-08-04 00:00:00
1506,250,"Iltimos, ayting: ta'lim krediti yoki to'lov bo'yicha yordam (subsidiya) bormi?",true,2026-08-04 00:00:00,2026-08-04 00:00:00
1507,251,Boshqa oliy ta'lim muassasasiga o'qishni ko'chirish (transfer) qanday?,true,2026-08-04 00:00:00,2026-08-04 00:00:00
1508,251,Boshqa oliy ta'lim muassasasiga o'qishni ko'chirish (transfer) qanaqa?,true,2026-08-04 00:00:00,2026-08-04 00:00:00
1509,251,Boshqa oliy ta'lim muassasasiga o'qishni ko'chirish (transfer) haqida ma'lumot bering,true,2026-08-04 00:00:00,2026-08-04 00:00:00
1510,251,Boshqa oliy ta'lim muassasasiga o'qishni ko'chirish (transfer) bo'yicha ma'lumot kerak,true,2026-08-04 00:00:00,2026-08-04 00:00:00
1511,251,Menga boshqa oliy ta'lim muassasasiga o'qishni ko'chirish (transfer) haqida ayting,true,2026-08-04 00:00:00,2026-08-04 00:00:00
1512,251,"Iltimos, ayting: boshqa oliy ta'lim muassasasiga o'qishni ko'chirish (transfer) qanday?",true,2026-08-04 00:00:00,2026-08-04 00:00:00
1513,252,Talabalar uchun harbiy xizmat qanday tashkil etilgan?,true,2026-08-04 00:00:00,2026-08-04 00:00:00
1514,252,Talabalar uchun harbiy xizmat qanaqa tashkil etilgan?,true,2026-08-04 00:00:00,2026-08-04 00:00:00
1515,252,Talabalar harbiy xizmat tashkil etilgan qanday?,true,2026-08-04 00:00:00,2026-08-04 00:00:00
1516,252,Talabalar harbiy xizmat tashkil etilgan haqida ma'lumot bering,true,2026-08-04 00:00:00,2026-08-04 00:00:00
1517,252,Talabalar harbiy xizmat tashkil etilgan bo'yicha ma'lumot kerak,true,2026-08-04 00:00:00,2026-08-04 00:00:00
1518,252,Menga talabalar harbiy xizmat tashkil etilgan haqida ayting,true,2026-08-04 00:00:00,2026-08-04 00:00:00
1519,253,Sog'lig'i bo'yicha harbiy xizmatga yaroqsizlik qanday belgilanadi?,true,2026-08-04 00:00:00,2026-08-04 00:00:00
1520,253,Sog'lig'i bo'yicha harbiy xizmatga yaroqsizlik qanaqa belgilanadi?,true,2026-08-04 00:00:00,2026-08-04 00:00:00
1521,253,Sog'lig'i bo'yicha harbiy xizmatga yaroqsizlik belgilanadi qanday?,true,2026-08-04 00:00:00,2026-08-04 00:00:00
1522,253,Sog'lig'i bo'yicha harbiy xizmatga yaroqsizlik belgilanadi haqida ma'lumot bering,true,2026-08-04 00:00:00,2026-08-04 00:00:00
1523,253,Sog'lig'i bo'yicha harbiy xizmatga yaroqsizlik belgilanadi bo'yicha ma'lumot kerak,true,2026-08-04 00:00:00,2026-08-04 00:00:00
1524,253,Menga sog'lig'i bo'yicha harbiy xizmatga yaroqsizlik belgilanadi haqida ayting,true,2026-08-04 00:00:00,2026-08-04 00:00:00
1525,254,Muddatli xizmatni o'tagach qanday imtiyozlar bo'ladi?,true,2026-08-04 00:00:00,2026-08-04 00:00:00
1526,254,Muddatli xizmatni o'tagach qanaqa imtiyozlar bo'ladi?,true,2026-08-04 00:00:00,2026-08-04 00:00:00
1527,254,Muddatli xizmatni o'tagach imtiyozlar qanday?,true,2026-08-04 00:00:00,2026-08-04 00:00:00
1528,254,Muddatli xizmatni o'tagach imtiyozlar haqida ma'lumot bering,true,2026-08-04 00:00:00,2026-08-04 00:00:00
1529,254,Muddatli xizmatni o'tagach imtiyozlar bo'yicha ma'lumot kerak,true,2026-08-04 00:00:00,2026-08-04 00:00:00
1530,254,Menga muddatli xizmatni o'tagach imtiyozlar haqida ayting,true,2026-08-04 00:00:00,2026-08-04 00:00:00
1531,255,Yosh bo'yicha harbiy hisobdan chiqarish qanday amalga oshiriladi?,true,2026-08-04 00:00:00,2026-08-04 00:00:00
1532,255,Yosh bo'yicha harbiy hisobdan chiqarish qanday bajariladi?,true,2026-08-04 00:00:00,2026-08-04 00:00:00
1533,255,Yosh bo'yicha harbiy hisobdan chiqarish tartibi qanday?,true,2026-08-04 00:00:00,2026-08-04 00:00:00
1534,255,Yosh bo'yicha harbiy hisobdan chiqarish qanday qilinadi?,true,2026-08-04 00:00:00,2026-08-04 00:00:00
1535,255,Yosh bo'yicha harbiy hisobdan chiqarish qanaqa amalga oshiriladi?,true,2026-08-04 00:00:00,2026-08-04 00:00:00
1536,255,Yosh bo'yicha harbiy hisobdan chiqarish qanday?,true,2026-08-04 00:00:00,2026-08-04 00:00:00
1537,256,Kommunal to'lovlar bo'yicha qarzni qanday tekshirish mumkin?,true,2026-08-04 00:00:00,2026-08-04 00:00:00
1538,256,Kommunal to'lovlar bo'yicha qarzni qanaqa tekshirish mumkin?,true,2026-08-04 00:00:00,2026-08-04 00:00:00
1539,256,Kommunal to'lovlar bo'yicha qarzni tekshirish qanday?,true,2026-08-04 00:00:00,2026-08-04 00:00:00
1540,256,Kommunal to'lovlar bo'yicha qarzni tekshirish haqida ma'lumot bering,true,2026-08-04 00:00:00,2026-08-04 00:00:00
1541,256,Kommunal to'lovlar bo'yicha qarzni tekshirish bo'yicha ma'lumot kerak,true,2026-08-04 00:00:00,2026-08-04 00:00:00
1542,256,Menga kommunal to'lovlar bo'yicha qarzni tekshirish haqida ayting,true,2026-08-04 00:00:00,2026-08-04 00:00:00
1543,257,Kommunal to'lovga yordam (subsidiya) kimlarga beriladi?,true,2026-08-04 00:00:00,2026-08-04 00:00:00
1544,257,Kommunal to'lovga yordam (subsidiya) kimlarga qanday?,true,2026-08-04 00:00:00,2026-08-04 00:00:00
1545,257,Kommunal to'lovga yordam (subsidiya) kimlarga haqida ma'lumot bering,true,2026-08-04 00:00:00,2026-08-04 00:00:00
1546,257,Kommunal to'lovga yordam (subsidiya) kimlarga bo'yicha ma'lumot kerak,true,2026-08-04 00:00:00,2026-08-04 00:00:00
1547,257,Menga kommunal to'lovga yordam (subsidiya) kimlarga haqida ayting,true,2026-08-04 00:00:00,2026-08-04 00:00:00
1548,257,"Iltimos, ayting: kommunal to'lovga yordam (subsidiya) kimlarga beriladi?",true,2026-08-04 00:00:00,2026-08-04 00:00:00
1549,258,Uyni gazlashtirish (yangi ulanish) qanday rasmiylashtiriladi?,true,2026-08-04 00:00:00,2026-08-04 00:00:00
1550,258,Uyni gazlashtirish (yangi ulanish)ni rasmiylashtirish tartibi qanday?,true,2026-08-04 00:00:00,2026-08-04 00:00:00
1551,258,Uyni gazlashtirish (yangi ulanish) qanday rasmiylashtirsa bo'ladi?,true,2026-08-04 00:00:00,2026-08-04 00:00:00
1552,258,Uyni gazlashtirish (yangi ulanish) qanday amalga oshiriladi?,true,2026-08-04 00:00:00,2026-08-04 00:00:00
1553,258,Uyni gazlashtirish (yangi ulanish) qanaqa rasmiylashtiriladi?,true,2026-08-04 00:00:00,2026-08-04 00:00:00
1554,258,Uyni gazlashtirish (yangi ulanish) qanday?,true,2026-08-04 00:00:00,2026-08-04 00:00:00
1555,259,Elektr quvvati limitini oshirish uchun qayerga murojaat qilinadi?,true,2026-08-04 00:00:00,2026-08-04 00:00:00
1556,259,Elektr quvvati limitini oshirish uchun qayerga murojaat qilaman?,true,2026-08-04 00:00:00,2026-08-04 00:00:00
1557,259,Elektr quvvati limitini oshirish uchun bo'yicha qayerga borish kerak?,true,2026-08-04 00:00:00,2026-08-04 00:00:00
1558,259,Elektr quvvati limitini oshirish uchun qayerdan hal qilinadi?,true,2026-08-04 00:00:00,2026-08-04 00:00:00
1559,259,Elektr quvvati limitini oshirish murojaat qanday?,true,2026-08-04 00:00:00,2026-08-04 00:00:00
1560,259,Elektr quvvati limitini oshirish murojaat haqida ma'lumot bering,true,2026-08-04 00:00:00,2026-08-04 00:00:00
1561,260,Chiqindini olib chiqish (maishiy chiqindi) xizmatidan norozi bo'lsam qayerga?,true,2026-08-04 00:00:00,2026-08-04 00:00:00
1562,260,Chiqindini olib chiqish (maishiy chiqindi) xizmatidan norozi bo'lsam qanday?,true,2026-08-04 00:00:00,2026-08-04 00:00:00
1563,260,Chiqindini olib chiqish (maishiy chiqindi) xizmatidan norozi bo'lsam haqida ma'lumot bering,true,2026-08-04 00:00:00,2026-08-04 00:00:00
1564,260,Chiqindini olib chiqish (maishiy chiqindi) xizmatidan norozi bo'lsam bo'yicha ma'lumot kerak,true,2026-08-04 00:00:00,2026-08-04 00:00:00
1565,260,Menga chiqindini olib chiqish (maishiy chiqindi) xizmatidan norozi bo'lsam haqida ayting,true,2026-08-04 00:00:00,2026-08-04 00:00:00
1566,260,"Iltimos, ayting: chiqindini olib chiqish (maishiy chiqindi) xizmatidan norozi bo'lsam qayerga?",true,2026-08-04 00:00:00,2026-08-04 00:00:00
1567,261,Sud xarajatlari (davlat boji) qanday belgilanadi?,true,2026-08-04 00:00:00,2026-08-04 00:00:00
1568,261,Sud xarajatlari (davlat boji) qanaqa belgilanadi?,true,2026-08-04 00:00:00,2026-08-04 00:00:00
1569,261,Sud xarajatlari (davlat boji) belgilanadi qanday?,true,2026-08-04 00:00:00,2026-08-04 00:00:00
1570,261,Sud xarajatlari (davlat boji) belgilanadi haqida ma'lumot bering,true,2026-08-04 00:00:00,2026-08-04 00:00:00
1571,261,Sud xarajatlari (davlat boji) belgilanadi bo'yicha ma'lumot kerak,true,2026-08-04 00:00:00,2026-08-04 00:00:00
1572,261,Menga sud xarajatlari (davlat boji) belgilanadi haqida ayting,true,2026-08-04 00:00:00,2026-08-04 00:00:00
1573,262,Sud qaroriga apellyatsiya (shikoyat) qanday va qancha muddatda beriladi?,true,2026-08-04 00:00:00,2026-08-04 00:00:00
1574,262,Sud qaroriga apellyatsiya (shikoyat) qanaqa va qancha muddatda beriladi?,true,2026-08-04 00:00:00,2026-08-04 00:00:00
1575,262,Sud qaroriga apellyatsiya (shikoyat) muddatda qanday?,true,2026-08-04 00:00:00,2026-08-04 00:00:00
1576,262,Sud qaroriga apellyatsiya (shikoyat) muddatda haqida ma'lumot bering,true,2026-08-04 00:00:00,2026-08-04 00:00:00
1577,262,Sud qaroriga apellyatsiya (shikoyat) muddatda bo'yicha ma'lumot kerak,true,2026-08-04 00:00:00,2026-08-04 00:00:00
1578,262,Menga sud qaroriga apellyatsiya (shikoyat) muddatda haqida ayting,true,2026-08-04 00:00:00,2026-08-04 00:00:00
1579,263,Sudda advokat (vakil) tayinlash shartmi?,true,2026-08-04 00:00:00,2026-08-04 00:00:00
1580,263,Sudda advokat (vakil) tayinlash qanday?,true,2026-08-04 00:00:00,2026-08-04 00:00:00
1581,263,Sudda advokat (vakil) tayinlash haqida ma'lumot bering,true,2026-08-04 00:00:00,2026-08-04 00:00:00
1582,263,Sudda advokat (vakil) tayinlash bo'yicha ma'lumot kerak,true,2026-08-04 00:00:00,2026-08-04 00:00:00
1583,263,Menga sudda advokat (vakil) tayinlash haqida ayting,true,2026-08-04 00:00:00,2026-08-04 00:00:00
1584,263,"Iltimos, ayting: sudda advokat (vakil) tayinlash shartmi?",true,2026-08-04 00:00:00,2026-08-04 00:00:00
1585,264,"Ma'muriy protokol (masalan, jarima) bo'yicha huquqlarim qanday?",true,2026-08-04 00:00:00,2026-08-04 00:00:00
1586,264,"Ma'muriy protokol (masalan, jarima) bo'yicha huquqlarim qanaqa?",true,2026-08-04 00:00:00,2026-08-04 00:00:00
1587,264,"Ma'muriy protokol (masalan, jarima) bo'yicha huquqlarim haqida ma'lumot bering",true,2026-08-04 00:00:00,2026-08-04 00:00:00
1588,264,"Ma'muriy protokol (masalan, jarima) bo'yicha huquqlarim bo'yicha ma'lumot kerak",true,2026-08-04 00:00:00,2026-08-04 00:00:00
1589,264,"Menga ma'muriy protokol (masalan, jarima) bo'yicha huquqlarim haqida ayting",true,2026-08-04 00:00:00,2026-08-04 00:00:00
1590,264,"Iltimos, ayting: ma'muriy protokol (masalan, jarima) bo'yicha huquqlarim qanday?",true,2026-08-04 00:00:00,2026-08-04 00:00:00
1591,265,Ijro varaqasini qanday olish mumkin?,true,2026-08-04 00:00:00,2026-08-04 00:00:00
1592,265,Ijro varaqasini qanday olsa bo'ladi?,true,2026-08-04 00:00:00,2026-08-04 00:00:00
1593,265,Ijro varaqasinini qayerdan olaman?,true,2026-08-04 00:00:00,2026-08-04 00:00:00
1594,265,Ijro varaqasini qanaqa olish mumkin?,true,2026-08-04 00:00:00,2026-08-04 00:00:00
1595,265,Ijro varaqasini olish qanday?,true,2026-08-04 00:00:00,2026-08-04 00:00:00
1596,265,Ijro varaqasini olish haqida ma'lumot bering,true,2026-08-04 00:00:00,2026-08-04 00:00:00
1597,266,Diplomni chet el uchun apostil bilan qanday tayyorlanadi?,true,2026-08-04 00:00:00,2026-08-04 00:00:00
1598,266,Diplomni chet el uchun apostil bilan qanaqa tayyorlanadi?,true,2026-08-04 00:00:00,2026-08-04 00:00:00
1599,266,Diplomni chet el apostil tayyorlanadi qanday?,true,2026-08-04 00:00:00,2026-08-04 00:00:00
1600,266,Diplomni chet el apostil tayyorlanadi haqida ma'lumot bering,true,2026-08-04 00:00:00,2026-08-04 00:00:00
1601,266,Diplomni chet el apostil tayyorlanadi bo'yicha ma'lumot kerak,true,2026-08-04 00:00:00,2026-08-04 00:00:00
1602,266,Menga diplomni chet el apostil tayyorlanadi haqida ayting,true,2026-08-04 00:00:00,2026-08-04 00:00:00
1603,267,Chet elda ro'yxatga olingan nikohni O'zbekistonda tan oldirish kerakmi?,true,2026-08-04 00:00:00,2026-08-04 00:00:00
1604,267,Chet elda ro'yxatga olingan nikohni O'zbekistonda tan oldirish qanday?,true,2026-08-04 00:00:00,2026-08-04 00:00:00
1605,267,Chet elda ro'yxatga olingan nikohni O'zbekistonda tan oldirish haqida ma'lumot bering,true,2026-08-04 00:00:00,2026-08-04 00:00:00
1606,267,Chet elda ro'yxatga olingan nikohni O'zbekistonda tan oldirish bo'yicha ma'lumot kerak,true,2026-08-04 00:00:00,2026-08-04 00:00:00
1607,267,Menga chet elda ro'yxatga olingan nikohni o'zbekistonda tan oldirish haqida ayting,true,2026-08-04 00:00:00,2026-08-04 00:00:00
1608,267,"Iltimos, ayting: chet elda ro'yxatga olingan nikohni O'zbekistonda tan oldirish kerakmi?",true,2026-08-04 00:00:00,2026-08-04 00:00:00
1609,268,Xorijiy hujjatni O'zbekistonda ishlatish uchun nima kerak?,true,2026-08-04 00:00:00,2026-08-04 00:00:00
1610,268,Xorijiy hujjatni O'zbekistonda ishlatish uchun qanday hujjatlar kerak?,true,2026-08-04 00:00:00,2026-08-04 00:00:00
1611,268,Xorijiy hujjatni O'zbekistonda ishlatish uchun nimalar kerak?,true,2026-08-04 00:00:00,2026-08-04 00:00:00
1612,268,Xorijiy hujjatni O'zbekistonda ishlatishga nimalar talab qilinadi?,true,2026-08-04 00:00:00,2026-08-04 00:00:00
1613,268,Xorijiy hujjatni O'zbekistonda ishlatish qanday?,true,2026-08-04 00:00:00,2026-08-04 00:00:00
1614,268,Xorijiy hujjatni O'zbekistonda ishlatish haqida ma'lumot bering,true,2026-08-04 00:00:00,2026-08-04 00:00:00
1615,269,Konsullik muassasasi orqali qanday xizmatlar olinadi?,true,2026-08-04 00:00:00,2026-08-04 00:00:00
1616,269,Konsullik muassasasi orqali qanaqa xizmatlar olinadi?,true,2026-08-04 00:00:00,2026-08-04 00:00:00
1617,269,Konsullik muassasasi orqali xizmatlar qanday?,true,2026-08-04 00:00:00,2026-08-04 00:00:00
1618,269,Konsullik muassasasi orqali xizmatlar haqida ma'lumot bering,true,2026-08-04 00:00:00,2026-08-04 00:00:00
1619,269,Konsullik muassasasi orqali xizmatlar bo'yicha ma'lumot kerak,true,2026-08-04 00:00:00,2026-08-04 00:00:00
1620,269,Menga konsullik muassasasi orqali xizmatlar haqida ayting,true,2026-08-04 00:00:00,2026-08-04 00:00:00
1621,270,Xalqaro pochta jo'natmasidan boj yoki to'lov qachon olinadi?,true,2026-08-04 00:00:00,2026-08-04 00:00:00
1622,270,Xalqaro pochta jo'natmasidan boj yoki to'lov qachon qanday?,true,2026-08-04 00:00:00,2026-08-04 00:00:00
1623,270,Xalqaro pochta jo'natmasidan boj yoki to'lov qachon haqida ma'lumot bering,true,2026-08-04 00:00:00,2026-08-04 00:00:00
1624,270,Xalqaro pochta jo'natmasidan boj yoki to'lov qachon bo'yicha ma'lumot kerak,true,2026-08-04 00:00:00,2026-08-04 00:00:00
1625,270,Menga xalqaro pochta jo'natmasidan boj yoki to'lov qachon haqida ayting,true,2026-08-04 00:00:00,2026-08-04 00:00:00
1626,270,"Iltimos, ayting: xalqaro pochta jo'natmasidan boj yoki to'lov qachon olinadi?",true,2026-08-04 00:00:00,2026-08-04 00:00:00
1627,271,Hujjatni pochta orqali (buyurtma xat) qanday yuboriladi?,true,2026-08-04 00:00:00,2026-08-04 00:00:00
1628,271,Hujjatni pochta orqali (buyurtma xat) qanaqa yuboriladi?,true,2026-08-04 00:00:00,2026-08-04 00:00:00
1629,271,Hujjatni pochta orqali (buyurtma xat) yuboriladi qanday?,true,2026-08-04 00:00:00,2026-08-04 00:00:00
1630,271,Hujjatni pochta orqali (buyurtma xat) yuboriladi haqida ma'lumot bering,true,2026-08-04 00:00:00,2026-08-04 00:00:00
1631,271,Hujjatni pochta orqali (buyurtma xat) yuboriladi bo'yicha ma'lumot kerak,true,2026-08-04 00:00:00,2026-08-04 00:00:00
1632,271,Menga hujjatni pochta orqali (buyurtma xat) yuboriladi haqida ayting,true,2026-08-04 00:00:00,2026-08-04 00:00:00
1633,272,my.gov.uz portalida parolni unutsam nima qilaman?,true,2026-08-04 00:00:00,2026-08-04 00:00:00
1634,272,my.gov.uz portalida parolni unutsam qilaman qanday?,true,2026-08-04 00:00:00,2026-08-04 00:00:00
1635,272,my.gov.uz portalida parolni unutsam qilaman haqida ma'lumot bering,true,2026-08-04 00:00:00,2026-08-04 00:00:00
1636,272,my.gov.uz portalida parolni unutsam qilaman bo'yicha ma'lumot kerak,true,2026-08-04 00:00:00,2026-08-04 00:00:00
1637,272,Menga my.gov.uz portalida parolni unutsam qilaman haqida ayting,true,2026-08-04 00:00:00,2026-08-04 00:00:00
1638,272,"Iltimos, ayting: my.gov.uz portalida parolni unutsam nima qilaman?",true,2026-08-04 00:00:00,2026-08-04 00:00:00
1639,273,Mobil ID nima va qanday ulanadi?,true,2026-08-04 00:00:00,2026-08-04 00:00:00
1640,273,Mobil ID nima va qanaqa ulanadi?,true,2026-08-04 00:00:00,2026-08-04 00:00:00
1641,273,Mobil ID ulanadi qanday?,true,2026-08-04 00:00:00,2026-08-04 00:00:00
1642,273,Mobil ID ulanadi haqida ma'lumot bering,true,2026-08-04 00:00:00,2026-08-04 00:00:00
1643,273,Mobil ID ulanadi bo'yicha ma'lumot kerak,true,2026-08-04 00:00:00,2026-08-04 00:00:00
1644,273,Menga mobil id ulanadi haqida ayting,true,2026-08-04 00:00:00,2026-08-04 00:00:00
1645,274,Elektron hujjatning (PDF) haqiqiyligini qanday tekshiriladi?,true,2026-08-04 00:00:00,2026-08-04 00:00:00
1646,274,Elektron hujjatning (PDF) haqiqiyliginini qanday tekshirsa bo'ladi?,true,2026-08-04 00:00:00,2026-08-04 00:00:00
1647,274,Elektron hujjatning (PDF) haqiqiyligini qanday bilib olaman?,true,2026-08-04 00:00:00,2026-08-04 00:00:00
1648,274,Elektron hujjatning (PDF) haqiqiyligini qanaqa tekshiriladi?,true,2026-08-04 00:00:00,2026-08-04 00:00:00
1649,274,Elektron hujjatning (PDF) haqiqiyligini qanday?,true,2026-08-04 00:00:00,2026-08-04 00:00:00
1650,274,Elektron hujjatning (PDF) haqiqiyligini haqida ma'lumot bering,true,2026-08-04 00:00:00,2026-08-04 00:00:00
1651,275,Bir nechta davlat xizmatini bir arizada olish mumkinmi?,true,2026-08-04 00:00:00,2026-08-04 00:00:00
1652,275,Bir nechta davlat xizmatini bir arizada olish mumkin bo'ladimi?,true,2026-08-04 00:00:00,2026-08-04 00:00:00
1653,275,Bir nechta davlat xizmatini bir arizada olishga ruxsat beriladimi?,true,2026-08-04 00:00:00,2026-08-04 00:00:00
1654,275,Bir nechta davlat xizmatini bir arizada olish imkoni bormi?,true,2026-08-04 00:00:00,2026-08-04 00:00:00
1655,275,Bir nechta davlat xizmatini bir arizada olish qanday?,true,2026-08-04 00:00:00,2026-08-04 00:00:00
1656,275,Bir nechta davlat xizmatini bir arizada olish haqida ma'lumot bering,true,2026-08-04 00:00:00,2026-08-04 00:00:00
1657,276,Keksalar yoki nogironlar uchun uyga chiqib xizmat ko'rsatiladimi?,true,2026-08-04 00:00:00,2026-08-04 00:00:00
1658,276,Keksalar yoki nogironlar uyga chiqib xizmat ko'rsatiladimi qanday?,true,2026-08-04 00:00:00,2026-08-04 00:00:00
1659,276,Keksalar yoki nogironlar uyga chiqib xizmat ko'rsatiladimi haqida ma'lumot bering,true,2026-08-04 00:00:00,2026-08-04 00:00:00
1660,276,Keksalar yoki nogironlar uyga chiqib xizmat ko'rsatiladimi bo'yicha ma'lumot kerak,true,2026-08-04 00:00:00,2026-08-04 00:00:00
1661,276,Menga keksalar yoki nogironlar uyga chiqib xizmat ko'rsatiladimi haqida ayting,true,2026-08-04 00:00:00,2026-08-04 00:00:00
1662,276,"Iltimos, ayting: keksalar yoki nogironlar uchun uyga chiqib xizmat ko'rsatiladimi?",true,2026-08-04 00:00:00,2026-08-04 00:00:00
1663,277,Davlat xizmati bepulmi yoki pullik ekanini qayerdan bilaman?,true,2026-08-04 00:00:00,2026-08-04 00:00:00
1664,277,Davlat xizmati bepulmi yoki pullik ekanini bilaman qanday?,true,2026-08-04 00:00:00,2026-08-04 00:00:00
1665,277,Davlat xizmati bepulmi yoki pullik ekanini bilaman haqida ma'lumot bering,true,2026-08-04 00:00:00,2026-08-04 00:00:00
1666,277,Davlat xizmati bepulmi yoki pullik ekanini bilaman bo'yicha ma'lumot kerak,true,2026-08-04 00:00:00,2026-08-04 00:00:00
1667,277,Menga davlat xizmati bepulmi yoki pullik ekanini bilaman haqida ayting,true,2026-08-04 00:00:00,2026-08-04 00:00:00
1668,277,"Iltimos, ayting: davlat xizmati bepulmi yoki pullik ekanini qayerdan bilaman?",true,2026-08-04 00:00:00,2026-08-04 00:00:00
1669,278,Murojaatimga javob berilmasa keyingi qadam nima?,true,2026-08-04 00:00:00,2026-08-04 00:00:00
1670,278,Murojaatimga javob berilmasa keyingi qadam qanday?,true,2026-08-04 00:00:00,2026-08-04 00:00:00
1671,278,Murojaatimga javob berilmasa keyingi qadam haqida ma'lumot bering,true,2026-08-04 00:00:00,2026-08-04 00:00:00
1672,278,Murojaatimga javob berilmasa keyingi qadam bo'yicha ma'lumot kerak,true,2026-08-04 00:00:00,2026-08-04 00:00:00
1673,278,Menga murojaatimga javob berilmasa keyingi qadam haqida ayting,true,2026-08-04 00:00:00,2026-08-04 00:00:00
1674,278,"Iltimos, ayting: murojaatimga javob berilmasa keyingi qadam nima?",true,2026-08-04 00:00:00,2026-08-04 00:00:00
1675,279,Davlat xizmatlari haqidagi barcha ma'lumotni qayerdan topaman?,true,2026-08-04 00:00:00,2026-08-04 00:00:00
1676,279,Davlat xizmatlari haqidagi barcha ma'lumotni topaman qanday?,true,2026-08-04 00:00:00,2026-08-04 00:00:00
1677,279,Davlat xizmatlari haqidagi barcha ma'lumotni topaman haqida ma'lumot bering,true,2026-08-04 00:00:00,2026-08-04 00:00:00
1678,279,Davlat xizmatlari haqidagi barcha ma'lumotni topaman bo'yicha ma'lumot kerak,true,2026-08-04 00:00:00,2026-08-04 00:00:00
1679,279,Menga davlat xizmatlari haqidagi barcha ma'lumotni topaman haqida ayting,true,2026-08-04 00:00:00,2026-08-04 00:00:00
1680,279,"Iltimos, ayting: davlat xizmatlari haqidagi barcha ma'lumotni qayerdan topaman?",true,2026-08-04 00:00:00,2026-08-04 00:00:00
1681,280,Shaxsiy identifikatsiya (ERI) kaliti muddati tugasa nima qilinadi?,true,2026-08-04 00:00:00,2026-08-04 00:00:00
1682,280,Shaxsiy identifikatsiya (ERI) kaliti muddati tugasa qanday?,true,2026-08-04 00:00:00,2026-08-04 00:00:00
1683,280,Shaxsiy identifikatsiya (ERI) kaliti muddati tugasa haqida ma'lumot bering,true,2026-08-04 00:00:00,2026-08-04 00:00:00
1684,280,Shaxsiy identifikatsiya (ERI) kaliti muddati tugasa bo'yicha ma'lumot kerak,true,2026-08-04 00:00:00,2026-08-04 00:00:00
1685,280,Menga shaxsiy identifikatsiya (eri) kaliti muddati tugasa haqida ayting,true,2026-08-04 00:00:00,2026-08-04 00:00:00
1686,280,"Iltimos, ayting: shaxsiy identifikatsiya (ERI) kaliti muddati tugasa nima qilinadi?",true,2026-08-04 00:00:00,2026-08-04 00:00:00
1687,281,Yo'qolgan hujjat topilsa yoki toposhkasi kelsa nima qilinadi?,true,2026-08-04 00:00:00,2026-08-04 00:00:00
1688,281,Yo'qolgan hujjat topilsa yoki toposhkasi kelsa qanday?,true,2026-08-04 00:00:00,2026-08-04 00:00:00
1689,281,Yo'qolgan hujjat topilsa yoki toposhkasi kelsa haqida ma'lumot bering,true,2026-08-04 00:00:00,2026-08-04 00:00:00
1690,281,Yo'qolgan hujjat topilsa yoki toposhkasi kelsa bo'yicha ma'lumot kerak,true,2026-08-04 00:00:00,2026-08-04 00:00:00
1691,281,Menga yo'qolgan hujjat topilsa yoki toposhkasi kelsa haqida ayting,true,2026-08-04 00:00:00,2026-08-04 00:00:00
1692,281,"Iltimos, ayting: yo'qolgan hujjat topilsa yoki toposhkasi kelsa nima qilinadi?",true,2026-08-04 00:00:00,2026-08-04 00:00:00
1693,282,ID-karta amal muddati tugaganini qanday bilaman?,true,2026-08-04 00:00:00,2026-08-04 00:00:00
1694,282,ID-karta amal muddati tugaganini qanaqa bilaman?,true,2026-08-04 00:00:00,2026-08-04 00:00:00
1695,282,ID-karta amal muddati tugaganini bilaman qanday?,true,2026-08-04 00:00:00,2026-08-04 00:00:00
1696,282,ID-karta amal muddati tugaganini bilaman haqida ma'lumot bering,true,2026-08-04 00:00:00,2026-08-04 00:00:00
1697,282,ID-karta amal muddati tugaganini bilaman bo'yicha ma'lumot kerak,true,2026-08-04 00:00:00,2026-08-04 00:00:00
1698,282,Menga id-karta amal muddati tugaganini bilaman haqida ayting,true,2026-08-04 00:00:00,2026-08-04 00:00:00
1699,283,ID-karta olishda davlat bojidan ozod qilinadigan toifalar bormi?,true,2026-08-04 00:00:00,2026-08-04 00:00:00
1700,283,ID-karta olishda davlat bojidan ozod qilinadigan toifalar qanday?,true,2026-08-04 00:00:00,2026-08-04 00:00:00
1701,283,ID-karta olishda davlat bojidan ozod qilinadigan toifalar haqida ma'lumot bering,true,2026-08-04 00:00:00,2026-08-04 00:00:00
1702,283,ID-karta olishda davlat bojidan ozod qilinadigan toifalar bo'yicha ma'lumot kerak,true,2026-08-04 00:00:00,2026-08-04 00:00:00
1703,283,Menga id-karta olishda davlat bojidan ozod qilinadigan toifalar haqida ayting,true,2026-08-04 00:00:00,2026-08-04 00:00:00
1704,283,"Iltimos, ayting: iD-karta olishda davlat bojidan ozod qilinadigan toifalar bormi?",true,2026-08-04 00:00:00,2026-08-04 00:00:00
1705,284,Familiya yoki ismdagi harf xatosini qanday tuzatiladi?,true,2026-08-04 00:00:00,2026-08-04 00:00:00
1706,284,Familiya yoki ismdagi harf xatosini qanaqa tuzatiladi?,true,2026-08-04 00:00:00,2026-08-04 00:00:00
1707,284,Familiya yoki ismdagi harf xatosini tuzatiladi qanday?,true,2026-08-04 00:00:00,2026-08-04 00:00:00
1708,284,Familiya yoki ismdagi harf xatosini tuzatiladi haqida ma'lumot bering,true,2026-08-04 00:00:00,2026-08-04 00:00:00
1709,284,Familiya yoki ismdagi harf xatosini tuzatiladi bo'yicha ma'lumot kerak,true,2026-08-04 00:00:00,2026-08-04 00:00:00
1710,284,Menga familiya yoki ismdagi harf xatosini tuzatiladi haqida ayting,true,2026-08-04 00:00:00,2026-08-04 00:00:00
1711,285,Chet elda tug'ilgan O'zbekiston fuqarosi ID-kartani qachon oladi?,true,2026-08-04 00:00:00,2026-08-04 00:00:00
1712,285,Chet elda tug'ilgan O'zbekiston fuqarosi ID-kartani qachon oladi qanday?,true,2026-08-04 00:00:00,2026-08-04 00:00:00
1713,285,Chet elda tug'ilgan O'zbekiston fuqarosi ID-kartani qachon oladi haqida ma'lumot bering,true,2026-08-04 00:00:00,2026-08-04 00:00:00
1714,285,Chet elda tug'ilgan O'zbekiston fuqarosi ID-kartani qachon oladi bo'yicha ma'lumot kerak,true,2026-08-04 00:00:00,2026-08-04 00:00:00
1715,285,Menga chet elda tug'ilgan o'zbekiston fuqarosi id-kartani qachon oladi haqida ayting,true,2026-08-04 00:00:00,2026-08-04 00:00:00
1716,285,"Iltimos, ayting: chet elda tug'ilgan O'zbekiston fuqarosi ID-kartani qachon oladi?",true,2026-08-04 00:00:00,2026-08-04 00:00:00
1717,286,Pasport tizimi qoidalarini buzganlik uchun javobgarlik qanday?,true,2026-08-04 00:00:00,2026-08-04 00:00:00
1718,286,Pasport tizimi qoidalarini buzganlik uchun javobgarlik qanaqa?,true,2026-08-04 00:00:00,2026-08-04 00:00:00
1719,286,Pasport tizimi qoidalarini buzganlik javobgarlik qanday?,true,2026-08-04 00:00:00,2026-08-04 00:00:00
1720,286,Pasport tizimi qoidalarini buzganlik javobgarlik haqida ma'lumot bering,true,2026-08-04 00:00:00,2026-08-04 00:00:00
1721,286,Pasport tizimi qoidalarini buzganlik javobgarlik bo'yicha ma'lumot kerak,true,2026-08-04 00:00:00,2026-08-04 00:00:00
1722,286,Menga pasport tizimi qoidalarini buzganlik javobgarlik haqida ayting,true,2026-08-04 00:00:00,2026-08-04 00:00:00
1723,287,ID-kartani boshqa shaxs (ishonchnoma bilan) olib bera oladimi?,true,2026-08-04 00:00:00,2026-08-04 00:00:00
1724,287,ID-kartani boshqa shaxs (ishonchnoma bilan) olib bera oladimi qanday?,true,2026-08-04 00:00:00,2026-08-04 00:00:00
1725,287,ID-kartani boshqa shaxs (ishonchnoma bilan) olib bera oladimi haqida ma'lumot bering,true,2026-08-04 00:00:00,2026-08-04 00:00:00
1726,287,ID-kartani boshqa shaxs (ishonchnoma bilan) olib bera oladimi bo'yicha ma'lumot kerak,true,2026-08-04 00:00:00,2026-08-04 00:00:00
1727,287,Menga id-kartani boshqa shaxs (ishonchnoma bilan) olib bera oladimi haqida ayting,true,2026-08-04 00:00:00,2026-08-04 00:00:00
1728,287,"Iltimos, ayting: iD-kartani boshqa shaxs (ishonchnoma bilan) olib bera oladimi?",true,2026-08-04 00:00:00,2026-08-04 00:00:00
1729,288,Ajrashgandan keyin qizlik familiyasini qaytarish qanday amalga oshiriladi?,true,2026-08-04 00:00:00,2026-08-04 00:00:00
1730,288,Ajrashgandan keyin qizlik familiyasini qaytarish qanday bajariladi?,true,2026-08-04 00:00:00,2026-08-04 00:00:00
1731,288,Ajrashgandan keyin qizlik familiyasini qaytarish tartibi qanday?,true,2026-08-04 00:00:00,2026-08-04 00:00:00
1732,288,Ajrashgandan keyin qizlik familiyasini qaytarish qanday qilinadi?,true,2026-08-04 00:00:00,2026-08-04 00:00:00
1733,288,Ajrashgandan keyin qizlik familiyasini qaytarish qanaqa amalga oshiriladi?,true,2026-08-04 00:00:00,2026-08-04 00:00:00
1734,288,Ajrashgandan keyin qizlik familiyasini qaytarish qanday?,true,2026-08-04 00:00:00,2026-08-04 00:00:00
1735,289,Hokim nikoh yoshini kamaytirishi uchun qanday asos kerak?,true,2026-08-04 00:00:00,2026-08-04 00:00:00
1736,289,Hokim nikoh yoshini kamaytirishi uchun qanaqa asos kerak?,true,2026-08-04 00:00:00,2026-08-04 00:00:00
1737,289,Hokim nikoh yoshini kamaytirishi asos qanday?,true,2026-08-04 00:00:00,2026-08-04 00:00:00
1738,289,Hokim nikoh yoshini kamaytirishi asos haqida ma'lumot bering,true,2026-08-04 00:00:00,2026-08-04 00:00:00
1739,289,Hokim nikoh yoshini kamaytirishi asos bo'yicha ma'lumot kerak,true,2026-08-04 00:00:00,2026-08-04 00:00:00
1740,289,Menga hokim nikoh yoshini kamaytirishi asos haqida ayting,true,2026-08-04 00:00:00,2026-08-04 00:00:00
1741,290,Farzandlikka olingan bolaning tug'ilganlik yozuvi o'zgaradimi?,true,2026-08-04 00:00:00,2026-08-04 00:00:00
1742,290,Farzandlikka olingan bolaning tug'ilganlik yozuvi o'zgaradimi qanday?,true,2026-08-04 00:00:00,2026-08-04 00:00:00
1743,290,Farzandlikka olingan bolaning tug'ilganlik yozuvi o'zgaradimi haqida ma'lumot bering,true,2026-08-04 00:00:00,2026-08-04 00:00:00
1744,290,Farzandlikka olingan bolaning tug'ilganlik yozuvi o'zgaradimi bo'yicha ma'lumot kerak,true,2026-08-04 00:00:00,2026-08-04 00:00:00
1745,290,Menga farzandlikka olingan bolaning tug'ilganlik yozuvi o'zgaradimi haqida ayting,true,2026-08-04 00:00:00,2026-08-04 00:00:00
1746,290,"Iltimos, ayting: farzandlikka olingan bolaning tug'ilganlik yozuvi o'zgaradimi?",true,2026-08-04 00:00:00,2026-08-04 00:00:00
1747,291,Nikohdan ajralganlik (ajrim) guvohnomasi qanday olinadi?,true,2026-08-04 00:00:00,2026-08-04 00:00:00
1748,291,Nikohdan ajralganlik (ajrim) guvohnomasi qanday olsa bo'ladi?,true,2026-08-04 00:00:00,2026-08-04 00:00:00
1749,291,Nikohdan ajralganlik (ajrim) guvohnomasini qanday olaman?,true,2026-08-04 00:00:00,2026-08-04 00:00:00
1750,291,Nikohdan ajralganlik (ajrim) guvohnomasi olish tartibi qanday?,true,2026-08-04 00:00:00,2026-08-04 00:00:00
1751,291,Nikohdan ajralganlik (ajrim) guvohnomasi qanaqa olinadi?,true,2026-08-04 00:00:00,2026-08-04 00:00:00
1752,291,Nikohdan ajralganlik (ajrim) guvohnomasi qanday?,true,2026-08-04 00:00:00,2026-08-04 00:00:00
1753,292,FHDYO guvohnomasini rus yoki boshqa tilda olish mumkinmi?,true,2026-08-04 00:00:00,2026-08-04 00:00:00
1754,292,FHDYO guvohnomasini rus yoki boshqa tilda olish mumkin bo'ladimi?,true,2026-08-04 00:00:00,2026-08-04 00:00:00
1755,292,FHDYO guvohnomasini rus yoki boshqa tilda olishga ruxsat beriladimi?,true,2026-08-04 00:00:00,2026-08-04 00:00:00
1756,292,FHDYO guvohnomasini rus yoki boshqa tilda olish imkoni bormi?,true,2026-08-04 00:00:00,2026-08-04 00:00:00
1757,292,FHDYO guvohnomasini rus yoki boshqa tilda olish qanday?,true,2026-08-04 00:00:00,2026-08-04 00:00:00
1758,292,FHDYO guvohnomasini rus yoki boshqa tilda olish haqida ma'lumot bering,true,2026-08-04 00:00:00,2026-08-04 00:00:00
1759,293,Ota vafot etgach otalikni tan oldirish mumkinmi?,true,2026-08-04 00:00:00,2026-08-04 00:00:00
1760,293,Ota vafot etgach otalikni tan oldirish mumkin bo'ladimi?,true,2026-08-04 00:00:00,2026-08-04 00:00:00
1761,293,Ota vafot etgach otalikni tan oldirishga ruxsat beriladimi?,true,2026-08-04 00:00:00,2026-08-04 00:00:00
1762,293,Ota vafot etgach otalikni tan oldirish imkoni bormi?,true,2026-08-04 00:00:00,2026-08-04 00:00:00
1763,293,Ota vafot etgach otalikni tan oldirish qanday?,true,2026-08-04 00:00:00,2026-08-04 00:00:00
1764,293,Ota vafot etgach otalikni tan oldirish haqida ma'lumot bering,true,2026-08-04 00:00:00,2026-08-04 00:00:00
1765,294,Bir vaqtda ikki manzilda ro'yxatga turish mumkinmi?,true,2026-08-04 00:00:00,2026-08-04 00:00:00
1766,294,Bir vaqtda ikki manzilda ro'yxatga turish mumkin bo'ladimi?,true,2026-08-04 00:00:00,2026-08-04 00:00:00
1767,294,Bir vaqtda ikki manzilda ro'yxatga turishga ruxsat beriladimi?,true,2026-08-04 00:00:00,2026-08-04 00:00:00
1768,294,Bir vaqtda ikki manzilda ro'yxatga turish imkoni bormi?,true,2026-08-04 00:00:00,2026-08-04 00:00:00
1769,294,Bir vaqtda ikki manzilda ro'yxatga turish qanday?,true,2026-08-04 00:00:00,2026-08-04 00:00:00
1770,294,Bir vaqtda ikki manzilda ro'yxatga turish haqida ma'lumot bering,true,2026-08-04 00:00:00,2026-08-04 00:00:00
1771,295,Uy egasi ro'yxatga olishga rozilik bermasa nima qilinadi?,true,2026-08-04 00:00:00,2026-08-04 00:00:00
1772,295,Uy egasi ro'yxatga olishga rozilik bermasa qanday?,true,2026-08-04 00:00:00,2026-08-04 00:00:00
1773,295,Uy egasi ro'yxatga olishga rozilik bermasa haqida ma'lumot bering,true,2026-08-04 00:00:00,2026-08-04 00:00:00
1774,295,Uy egasi ro'yxatga olishga rozilik bermasa bo'yicha ma'lumot kerak,true,2026-08-04 00:00:00,2026-08-04 00:00:00
1775,295,Menga uy egasi ro'yxatga olishga rozilik bermasa haqida ayting,true,2026-08-04 00:00:00,2026-08-04 00:00:00
1776,295,"Iltimos, ayting: uy egasi ro'yxatga olishga rozilik bermasa nima qilinadi?",true,2026-08-04 00:00:00,2026-08-04 00:00:00
1777,296,Vaqtincha ro'yxat asosida bola bog'cha yoki maktabga biriktiriladimi?,true,2026-08-04 00:00:00,2026-08-04 00:00:00
1778,296,Vaqtincha ro'yxat asosida bola bog'cha yoki maktabga biriktiriladimi qanday?,true,2026-08-04 00:00:00,2026-08-04 00:00:00
1779,296,Vaqtincha ro'yxat asosida bola bog'cha yoki maktabga biriktiriladimi haqida ma'lumot bering,true,2026-08-04 00:00:00,2026-08-04 00:00:00
1780,296,Vaqtincha ro'yxat asosida bola bog'cha yoki maktabga biriktiriladimi bo'yicha ma'lumot kerak,true,2026-08-04 00:00:00,2026-08-04 00:00:00
1781,296,Menga vaqtincha ro'yxat asosida bola bog'cha yoki maktabga biriktiriladimi haqida ayting,true,2026-08-04 00:00:00,2026-08-04 00:00:00
1782,296,"Iltimos, ayting: vaqtincha ro'yxat asosida bola bog'cha yoki maktabga biriktiriladimi?",true,2026-08-04 00:00:00,2026-08-04 00:00:00
1783,297,Chet ellik talaba (o'qish uchun) ro'yxatga qanday turadi?,true,2026-08-04 00:00:00,2026-08-04 00:00:00
1784,297,Chet ellik talaba (o'qish uchun) ro'yxatga qanaqa turadi?,true,2026-08-04 00:00:00,2026-08-04 00:00:00
1785,297,Chet ellik talaba (o'qish uchun) ro'yxatga turadi qanday?,true,2026-08-04 00:00:00,2026-08-04 00:00:00
1786,297,Chet ellik talaba (o'qish uchun) ro'yxatga turadi haqida ma'lumot bering,true,2026-08-04 00:00:00,2026-08-04 00:00:00
1787,297,Chet ellik talaba (o'qish uchun) ro'yxatga turadi bo'yicha ma'lumot kerak,true,2026-08-04 00:00:00,2026-08-04 00:00:00
1788,297,Menga chet ellik talaba (o'qish uchun) ro'yxatga turadi haqida ayting,true,2026-08-04 00:00:00,2026-08-04 00:00:00
1789,298,Etnik o'zbeklar (repatriantlar) uchun soddalashtirilgan tartib bormi?,true,2026-08-04 00:00:00,2026-08-04 00:00:00
1790,298,Etnik o'zbeklar (repatriantlar) soddalashtirilgan tartib qanday?,true,2026-08-04 00:00:00,2026-08-04 00:00:00
1791,298,Etnik o'zbeklar (repatriantlar) soddalashtirilgan tartib haqida ma'lumot bering,true,2026-08-04 00:00:00,2026-08-04 00:00:00
1792,298,Etnik o'zbeklar (repatriantlar) soddalashtirilgan tartib bo'yicha ma'lumot kerak,true,2026-08-04 00:00:00,2026-08-04 00:00:00
1793,298,Menga etnik o'zbeklar (repatriantlar) soddalashtirilgan tartib haqida ayting,true,2026-08-04 00:00:00,2026-08-04 00:00:00
1794,298,"Iltimos, ayting: etnik o'zbeklar (repatriantlar) uchun soddalashtirilgan tartib bormi?",true,2026-08-04 00:00:00,2026-08-04 00:00:00
1795,299,Chet elga uzoq muddatga chiqishda ro'yxatdan chiqish kerakmi?,true,2026-08-04 00:00:00,2026-08-04 00:00:00
1796,299,Chet elga uzoq muddatga chiqishda ro'yxatdan chiqish qanday?,true,2026-08-04 00:00:00,2026-08-04 00:00:00
1797,299,Chet elga uzoq muddatga chiqishda ro'yxatdan chiqish haqida ma'lumot bering,true,2026-08-04 00:00:00,2026-08-04 00:00:00
1798,299,Chet elga uzoq muddatga chiqishda ro'yxatdan chiqish bo'yicha ma'lumot kerak,true,2026-08-04 00:00:00,2026-08-04 00:00:00
1799,299,Menga chet elga uzoq muddatga chiqishda ro'yxatdan chiqish haqida ayting,true,2026-08-04 00:00:00,2026-08-04 00:00:00
1800,299,"Iltimos, ayting: chet elga uzoq muddatga chiqishda ro'yxatdan chiqish kerakmi?",true,2026-08-04 00:00:00,2026-08-04 00:00:00
1801,300,Oilaviy ahvol (nikoh yoki ajrim) haqida ma'lumotnoma qanday olinadi?,true,2026-08-04 00:00:00,2026-08-04 00:00:00
1802,300,Oilaviy ahvol (nikoh yoki ajrim) haqida ma'lumotnoma qanday olsa bo'ladi?,true,2026-08-04 00:00:00,2026-08-04 00:00:00
1803,300,Oilaviy ahvol (nikoh yoki ajrim) haqida ma'lumotnomani qanday olaman?,true,2026-08-04 00:00:00,2026-08-04 00:00:00
1804,300,Oilaviy ahvol (nikoh yoki ajrim) haqida ma'lumotnoma olish tartibi qanday?,true,2026-08-04 00:00:00,2026-08-04 00:00:00
1805,300,Oilaviy ahvol (nikoh yoki ajrim) haqida ma'lumotnoma qanaqa olinadi?,true,2026-08-04 00:00:00,2026-08-04 00:00:00
1806,300,Oilaviy ahvol (nikoh yoki ajrim) ma'lumotnoma qanday?,true,2026-08-04 00:00:00,2026-08-04 00:00:00
1807,301,Vafot etganlik (arxivdan) ma'lumotnomasi qanday olinadi?,true,2026-08-04 00:00:00,2026-08-04 00:00:00
1808,301,Vafot etganlik (arxivdan) ma'lumotnomasi qanday olsa bo'ladi?,true,2026-08-04 00:00:00,2026-08-04 00:00:00
1809,301,Vafot etganlik (arxivdan) ma'lumotnomasini qanday olaman?,true,2026-08-04 00:00:00,2026-08-04 00:00:00
1810,301,Vafot etganlik (arxivdan) ma'lumotnomasi olish tartibi qanday?,true,2026-08-04 00:00:00,2026-08-04 00:00:00
1811,301,Vafot etganlik (arxivdan) ma'lumotnomasi qanaqa olinadi?,true,2026-08-04 00:00:00,2026-08-04 00:00:00
1812,301,Vafot etganlik (arxivdan) ma'lumotnomasi qanday?,true,2026-08-04 00:00:00,2026-08-04 00:00:00
1813,302,Tiriklikni tasdiqlovchi ma'lumotnoma (pensiya uchun) qanday olinadi?,true,2026-08-04 00:00:00,2026-08-04 00:00:00
1814,302,Tiriklikni tasdiqlovchi ma'lumotnoma (pensiya uchun) qanday olsa bo'ladi?,true,2026-08-04 00:00:00,2026-08-04 00:00:00
1815,302,Tiriklikni tasdiqlovchi ma'lumotnoma (pensiya uchun)ni qanday olaman?,true,2026-08-04 00:00:00,2026-08-04 00:00:00
1816,302,Tiriklikni tasdiqlovchi ma'lumotnoma (pensiya uchun) olish tartibi qanday?,true,2026-08-04 00:00:00,2026-08-04 00:00:00
1817,302,Tiriklikni tasdiqlovchi ma'lumotnoma (pensiya uchun) qanaqa olinadi?,true,2026-08-04 00:00:00,2026-08-04 00:00:00
1818,302,Tiriklikni tasdiqlovchi ma'lumotnoma (pensiya uchun) qanday?,true,2026-08-04 00:00:00,2026-08-04 00:00:00
1819,303,Soliq yoki bojxona qarzsizligi haqida ma'lumot qanday olinadi?,true,2026-08-04 00:00:00,2026-08-04 00:00:00
1820,303,Soliq yoki bojxona qarzsizligi haqida ma'lumot qanday olsa bo'ladi?,true,2026-08-04 00:00:00,2026-08-04 00:00:00
1821,303,Soliq yoki bojxona qarzsizligi haqida ma'lumotni qanday olaman?,true,2026-08-04 00:00:00,2026-08-04 00:00:00
1822,303,Soliq yoki bojxona qarzsizligi haqida ma'lumot olish tartibi qanday?,true,2026-08-04 00:00:00,2026-08-04 00:00:00
1823,303,Soliq yoki bojxona qarzsizligi haqida ma'lumot qanaqa olinadi?,true,2026-08-04 00:00:00,2026-08-04 00:00:00
1824,303,Soliq yoki bojxona qarzsizligi ma'lumot qanday?,true,2026-08-04 00:00:00,2026-08-04 00:00:00
1825,304,Pul qarzi (tilxat) notarial tasdiqlanadimi?,true,2026-08-04 00:00:00,2026-08-04 00:00:00
1826,304,Pul qarzi (tilxat) notarial tasdiqlanadimi qanday?,true,2026-08-04 00:00:00,2026-08-04 00:00:00
1827,304,Pul qarzi (tilxat) notarial tasdiqlanadimi haqida ma'lumot bering,true,2026-08-04 00:00:00,2026-08-04 00:00:00
1828,304,Pul qarzi (tilxat) notarial tasdiqlanadimi bo'yicha ma'lumot kerak,true,2026-08-04 00:00:00,2026-08-04 00:00:00
1829,304,Menga pul qarzi (tilxat) notarial tasdiqlanadimi haqida ayting,true,2026-08-04 00:00:00,2026-08-04 00:00:00
1830,304,"Iltimos, ayting: pul qarzi (tilxat) notarial tasdiqlanadimi?",true,2026-08-04 00:00:00,2026-08-04 00:00:00
1831,305,Voyaga yetmagan bola nomiga bitim qanday tuziladi?,true,2026-08-04 00:00:00,2026-08-04 00:00:00
1832,305,Voyaga yetmagan bola nomiga bitim qanaqa tuziladi?,true,2026-08-04 00:00:00,2026-08-04 00:00:00
1833,305,Voyaga yetmagan bola nomiga bitim tuziladi qanday?,true,2026-08-04 00:00:00,2026-08-04 00:00:00
1834,305,Voyaga yetmagan bola nomiga bitim tuziladi haqida ma'lumot bering,true,2026-08-04 00:00:00,2026-08-04 00:00:00
1835,305,Voyaga yetmagan bola nomiga bitim tuziladi bo'yicha ma'lumot kerak,true,2026-08-04 00:00:00,2026-08-04 00:00:00
1836,305,Menga voyaga yetmagan bola nomiga bitim tuziladi haqida ayting,true,2026-08-04 00:00:00,2026-08-04 00:00:00
1837,306,Notarius kasal yoki keksa shaxsga uyga chiqib xizmat ko'rsatadimi?,true,2026-08-04 00:00:00,2026-08-04 00:00:00
1838,306,Notarius kasal yoki keksa shaxsga uyga chiqib xizmat ko'rsatadimi qanday?,true,2026-08-04 00:00:00,2026-08-04 00:00:00
1839,306,Notarius kasal yoki keksa shaxsga uyga chiqib xizmat ko'rsatadimi haqida ma'lumot bering,true,2026-08-04 00:00:00,2026-08-04 00:00:00
1840,306,Notarius kasal yoki keksa shaxsga uyga chiqib xizmat ko'rsatadimi bo'yicha ma'lumot kerak,true,2026-08-04 00:00:00,2026-08-04 00:00:00
1841,306,Menga notarius kasal yoki keksa shaxsga uyga chiqib xizmat ko'rsatadimi haqida ayting,true,2026-08-04 00:00:00,2026-08-04 00:00:00
1842,306,"Iltimos, ayting: notarius kasal yoki keksa shaxsga uyga chiqib xizmat ko'rsatadimi?",true,2026-08-04 00:00:00,2026-08-04 00:00:00
1843,307,Elektron notarius (e-notarius.uz) orqali qanday harakatlar mumkin?,true,2026-08-04 00:00:00,2026-08-04 00:00:00
1844,307,Elektron notarius (e-notarius.uz) orqali qanaqa harakatlar mumkin?,true,2026-08-04 00:00:00,2026-08-04 00:00:00
1845,307,Elektron notarius (e-notarius.uz) orqali harakatlar qanday?,true,2026-08-04 00:00:00,2026-08-04 00:00:00
1846,307,Elektron notarius (e-notarius.uz) orqali harakatlar haqida ma'lumot bering,true,2026-08-04 00:00:00,2026-08-04 00:00:00
1847,307,Elektron notarius (e-notarius.uz) orqali harakatlar bo'yicha ma'lumot kerak,true,2026-08-04 00:00:00,2026-08-04 00:00:00
1848,307,Menga elektron notarius (e-notarius.uz) orqali harakatlar haqida ayting,true,2026-08-04 00:00:00,2026-08-04 00:00:00
1849,308,Bir necha merosxo'r bo'lsa meros ulushlari qanday belgilanadi?,true,2026-08-04 00:00:00,2026-08-04 00:00:00
1850,308,Bir necha merosxo'r bo'lsa meros ulushlari qanaqa belgilanadi?,true,2026-08-04 00:00:00,2026-08-04 00:00:00
1851,308,Bir merosxo'r bo'lsa meros ulushlari belgilanadi qanday?,true,2026-08-04 00:00:00,2026-08-04 00:00:00
1852,308,Bir merosxo'r bo'lsa meros ulushlari belgilanadi haqida ma'lumot bering,true,2026-08-04 00:00:00,2026-08-04 00:00:00
1853,308,Bir merosxo'r bo'lsa meros ulushlari belgilanadi bo'yicha ma'lumot kerak,true,2026-08-04 00:00:00,2026-08-04 00:00:00
1854,308,Menga bir merosxo'r bo'lsa meros ulushlari belgilanadi haqida ayting,true,2026-08-04 00:00:00,2026-08-04 00:00:00
1855,309,Uy-joyni majburiy bo'lish (ulush ajratish) qanday hal qilinadi?,true,2026-08-04 00:00:00,2026-08-04 00:00:00
1856,309,Uy-joyni majburiy bo'lish (ulush ajratish) qanaqa hal qilinadi?,true,2026-08-04 00:00:00,2026-08-04 00:00:00
1857,309,Uy-joyni majburiy bo'lish (ulush ajratish) qanday?,true,2026-08-04 00:00:00,2026-08-04 00:00:00
1858,309,Uy-joyni majburiy bo'lish (ulush ajratish) haqida ma'lumot bering,true,2026-08-04 00:00:00,2026-08-04 00:00:00
1859,309,Uy-joyni majburiy bo'lish (ulush ajratish) bo'yicha ma'lumot kerak,true,2026-08-04 00:00:00,2026-08-04 00:00:00
1860,309,Menga uy-joyni majburiy bo'lish (ulush ajratish) haqida ayting,true,2026-08-04 00:00:00,2026-08-04 00:00:00
1861,310,Qurilayotgan (bitmagan) uyni sotish mumkinmi?,true,2026-08-04 00:00:00,2026-08-04 00:00:00
1862,310,Qurilayotgan (bitmagan) uyni sotish mumkin bo'ladimi?,true,2026-08-04 00:00:00,2026-08-04 00:00:00
1863,310,Qurilayotgan (bitmagan) uyni sotishga ruxsat beriladimi?,true,2026-08-04 00:00:00,2026-08-04 00:00:00
1864,310,Qurilayotgan (bitmagan) uyni sotish imkoni bormi?,true,2026-08-04 00:00:00,2026-08-04 00:00:00
1865,310,Qurilayotgan (bitmagan) uyni sotish qanday?,true,2026-08-04 00:00:00,2026-08-04 00:00:00
1866,310,Qurilayotgan (bitmagan) uyni sotish haqida ma'lumot bering,true,2026-08-04 00:00:00,2026-08-04 00:00:00
1867,311,Ulushli (bir necha egali) mulkni qanday ro'yxatga olinadi?,true,2026-08-04 00:00:00,2026-08-04 00:00:00
1868,311,Ulushli (bir necha egali) mulkni qanaqa ro'yxatga olinadi?,true,2026-08-04 00:00:00,2026-08-04 00:00:00
1869,311,Ulushli (bir egali) mulkni ro'yxatga qanday?,true,2026-08-04 00:00:00,2026-08-04 00:00:00
1870,311,Ulushli (bir egali) mulkni ro'yxatga haqida ma'lumot bering,true,2026-08-04 00:00:00,2026-08-04 00:00:00
1871,311,Ulushli (bir egali) mulkni ro'yxatga bo'yicha ma'lumot kerak,true,2026-08-04 00:00:00,2026-08-04 00:00:00
1872,311,Menga ulushli (bir egali) mulkni ro'yxatga haqida ayting,true,2026-08-04 00:00:00,2026-08-04 00:00:00
1873,312,Ko'cha nomi yoki uy raqami o'zgarsa hujjatlar yangilanadimi?,true,2026-08-04 00:00:00,2026-08-04 00:00:00
1874,312,Ko'cha nomi yoki uy raqami o'zgarsa hujjatlar yangilanadimi qanday?,true,2026-08-04 00:00:00,2026-08-04 00:00:00
1875,312,Ko'cha nomi yoki uy raqami o'zgarsa hujjatlar yangilanadimi haqida ma'lumot bering,true,2026-08-04 00:00:00,2026-08-04 00:00:00
1876,312,Ko'cha nomi yoki uy raqami o'zgarsa hujjatlar yangilanadimi bo'yicha ma'lumot kerak,true,2026-08-04 00:00:00,2026-08-04 00:00:00
1877,312,Menga ko'cha nomi yoki uy raqami o'zgarsa hujjatlar yangilanadimi haqida ayting,true,2026-08-04 00:00:00,2026-08-04 00:00:00
1878,312,"Iltimos, ayting: ko'cha nomi yoki uy raqami o'zgarsa hujjatlar yangilanadimi?",true,2026-08-04 00:00:00,2026-08-04 00:00:00
1879,313,Ipoteka to'lab bo'lingach garovni qanday olib tashlanadi?,true,2026-08-04 00:00:00,2026-08-04 00:00:00
1880,313,Ipoteka to'lab bo'lingach garovni qanaqa olib tashlanadi?,true,2026-08-04 00:00:00,2026-08-04 00:00:00
1881,313,Ipoteka to'lab bo'lingach garovni olib tashlanadi qanday?,true,2026-08-04 00:00:00,2026-08-04 00:00:00
1882,313,Ipoteka to'lab bo'lingach garovni olib tashlanadi haqida ma'lumot bering,true,2026-08-04 00:00:00,2026-08-04 00:00:00
1883,313,Ipoteka to'lab bo'lingach garovni olib tashlanadi bo'yicha ma'lumot kerak,true,2026-08-04 00:00:00,2026-08-04 00:00:00
1884,313,Menga ipoteka to'lab bo'lingach garovni olib tashlanadi haqida ayting,true,2026-08-04 00:00:00,2026-08-04 00:00:00
1885,314,Yo'l qoidasi buzilganda haydovchilik guvohnomasi olib qo'yiladimi?,true,2026-08-04 00:00:00,2026-08-04 00:00:00
1886,314,Yo'l qoidasi buzilganda haydovchilik guvohnomasi olib qo'yiladimi qanday?,true,2026-08-04 00:00:00,2026-08-04 00:00:00
1887,314,Yo'l qoidasi buzilganda haydovchilik guvohnomasi olib qo'yiladimi haqida ma'lumot bering,true,2026-08-04 00:00:00,2026-08-04 00:00:00
1888,314,Yo'l qoidasi buzilganda haydovchilik guvohnomasi olib qo'yiladimi bo'yicha ma'lumot kerak,true,2026-08-04 00:00:00,2026-08-04 00:00:00
1889,314,Menga yo'l qoidasi buzilganda haydovchilik guvohnomasi olib qo'yiladimi haqida ayting,true,2026-08-04 00:00:00,2026-08-04 00:00:00
1890,314,"Iltimos, ayting: yo'l qoidasi buzilganda haydovchilik guvohnomasi olib qo'yiladimi?",true,2026-08-04 00:00:00,2026-08-04 00:00:00
1891,315,Majburiy avtosug'urta (fuqarolik javobgarligi) qanday rasmiylashtiriladi?,true,2026-08-04 00:00:00,2026-08-04 00:00:00
1892,315,Majburiy avtosug'urta (fuqarolik javobgarligi)ni rasmiylashtirish tartibi qanday?,true,2026-08-04 00:00:00,2026-08-04 00:00:00
1893,315,Majburiy avtosug'urta (fuqarolik javobgarligi) qanday rasmiylashtirsa bo'ladi?,true,2026-08-04 00:00:00,2026-08-04 00:00:00
1894,315,Majburiy avtosug'urta (fuqarolik javobgarligi) qanday amalga oshiriladi?,true,2026-08-04 00:00:00,2026-08-04 00:00:00
1895,315,Majburiy avtosug'urta (fuqarolik javobgarligi) qanaqa rasmiylashtiriladi?,true,2026-08-04 00:00:00,2026-08-04 00:00:00
1896,315,Majburiy avtosug'urta (fuqarolik javobgarligi) qanday?,true,2026-08-04 00:00:00,2026-08-04 00:00:00
1897,316,Elektromobil yoki mototsiklni ro'yxatga olishda farq bormi?,true,2026-08-04 00:00:00,2026-08-04 00:00:00
1898,316,Elektromobil yoki mototsiklni ro'yxatga olishda farq qanday?,true,2026-08-04 00:00:00,2026-08-04 00:00:00
1899,316,Elektromobil yoki mototsiklni ro'yxatga olishda farq haqida ma'lumot bering,true,2026-08-04 00:00:00,2026-08-04 00:00:00
1900,316,Elektromobil yoki mototsiklni ro'yxatga olishda farq bo'yicha ma'lumot kerak,true,2026-08-04 00:00:00,2026-08-04 00:00:00
1901,316,Menga elektromobil yoki mototsiklni ro'yxatga olishda farq haqida ayting,true,2026-08-04 00:00:00,2026-08-04 00:00:00
1902,316,"Iltimos, ayting: elektromobil yoki mototsiklni ro'yxatga olishda farq bormi?",true,2026-08-04 00:00:00,2026-08-04 00:00:00
1903,317,Avtomobilni boshqarish uchun ishonchnoma kerakmi?,true,2026-08-04 00:00:00,2026-08-04 00:00:00
1904,317,Avtomobilni boshqarish ishonchnoma qanday?,true,2026-08-04 00:00:00,2026-08-04 00:00:00
1905,317,Avtomobilni boshqarish ishonchnoma haqida ma'lumot bering,true,2026-08-04 00:00:00,2026-08-04 00:00:00
1906,317,Avtomobilni boshqarish ishonchnoma bo'yicha ma'lumot kerak,true,2026-08-04 00:00:00,2026-08-04 00:00:00
1907,317,Menga avtomobilni boshqarish ishonchnoma haqida ayting,true,2026-08-04 00:00:00,2026-08-04 00:00:00
1908,317,"Iltimos, ayting: avtomobilni boshqarish uchun ishonchnoma kerakmi?",true,2026-08-04 00:00:00,2026-08-04 00:00:00
1909,318,Yo'qolgan yoki shikastlangan avtoraqamni qanday tiklanadi?,true,2026-08-04 00:00:00,2026-08-04 00:00:00
1910,318,Yo'qolgan yoki shikastlangan avtoraqamni qanaqa tiklanadi?,true,2026-08-04 00:00:00,2026-08-04 00:00:00
1911,318,Yo'qolgan yoki shikastlangan avtoraqamni tiklanadi qanday?,true,2026-08-04 00:00:00,2026-08-04 00:00:00
1912,318,Yo'qolgan yoki shikastlangan avtoraqamni tiklanadi haqida ma'lumot bering,true,2026-08-04 00:00:00,2026-08-04 00:00:00
1913,318,Yo'qolgan yoki shikastlangan avtoraqamni tiklanadi bo'yicha ma'lumot kerak,true,2026-08-04 00:00:00,2026-08-04 00:00:00
1914,318,Menga yo'qolgan yoki shikastlangan avtoraqamni tiklanadi haqida ayting,true,2026-08-04 00:00:00,2026-08-04 00:00:00
1915,319,Yakka tartibdagi tadbirkor faoliyatni to'xtatib turishi mumkinmi?,true,2026-08-04 00:00:00,2026-08-04 00:00:00
1916,319,Yakka tartibdagi tadbirkor faoliyatni to'xtatib turishi mumkin bo'ladimi?,true,2026-08-04 00:00:00,2026-08-04 00:00:00
1917,319,Yakka tartibdagi tadbirkor faoliyatni to'xtatib turishiga ruxsat beriladimi?,true,2026-08-04 00:00:00,2026-08-04 00:00:00
1918,319,Yakka tartibdagi tadbirkor faoliyatni to'xtatib turishi imkoni bormi?,true,2026-08-04 00:00:00,2026-08-04 00:00:00
1919,319,Yakka tartibdagi tadbirkor faoliyatni to'xtatib turishi qanday?,true,2026-08-04 00:00:00,2026-08-04 00:00:00
1920,319,Yakka tartibdagi tadbirkor faoliyatni to'xtatib turishi haqida ma'lumot bering,true,2026-08-04 00:00:00,2026-08-04 00:00:00
1921,320,Chet eldan kelgan pul o'tkazmasi soliqqa tortiladimi?,true,2026-08-04 00:00:00,2026-08-04 00:00:00
1922,320,Chet eldan kelgan pul o'tkazmasi soliqqa tortiladimi qanday?,true,2026-08-04 00:00:00,2026-08-04 00:00:00
1923,320,Chet eldan kelgan pul o'tkazmasi soliqqa tortiladimi haqida ma'lumot bering,true,2026-08-04 00:00:00,2026-08-04 00:00:00
1924,320,Chet eldan kelgan pul o'tkazmasi soliqqa tortiladimi bo'yicha ma'lumot kerak,true,2026-08-04 00:00:00,2026-08-04 00:00:00
1925,320,Menga chet eldan kelgan pul o'tkazmasi soliqqa tortiladimi haqida ayting,true,2026-08-04 00:00:00,2026-08-04 00:00:00
1926,320,"Iltimos, ayting: chet eldan kelgan pul o'tkazmasi soliqqa tortiladimi?",true,2026-08-04 00:00:00,2026-08-04 00:00:00
1927,321,Avtomobil yoki mulk sotganda soliq to'lanadimi?,true,2026-08-04 00:00:00,2026-08-04 00:00:00
1928,321,Avtomobil yoki mulk sotganda soliq to'lanadimi qanday?,true,2026-08-04 00:00:00,2026-08-04 00:00:00
1929,321,Avtomobil yoki mulk sotganda soliq to'lanadimi haqida ma'lumot bering,true,2026-08-04 00:00:00,2026-08-04 00:00:00
1930,321,Avtomobil yoki mulk sotganda soliq to'lanadimi bo'yicha ma'lumot kerak,true,2026-08-04 00:00:00,2026-08-04 00:00:00
1931,321,Menga avtomobil yoki mulk sotganda soliq to'lanadimi haqida ayting,true,2026-08-04 00:00:00,2026-08-04 00:00:00
1932,321,"Iltimos, ayting: avtomobil yoki mulk sotganda soliq to'lanadimi?",true,2026-08-04 00:00:00,2026-08-04 00:00:00
1933,322,Kontragent (hamkor) soliq maqomini qanday tekshiraman?,true,2026-08-04 00:00:00,2026-08-04 00:00:00
1934,322,Kontragent (hamkor) soliq maqomini qanaqa tekshiraman?,true,2026-08-04 00:00:00,2026-08-04 00:00:00
1935,322,Kontragent (hamkor) soliq maqomini tekshiraman qanday?,true,2026-08-04 00:00:00,2026-08-04 00:00:00
1936,322,Kontragent (hamkor) soliq maqomini tekshiraman haqida ma'lumot bering,true,2026-08-04 00:00:00,2026-08-04 00:00:00
1937,322,Kontragent (hamkor) soliq maqomini tekshiraman bo'yicha ma'lumot kerak,true,2026-08-04 00:00:00,2026-08-04 00:00:00
1938,322,Menga kontragent (hamkor) soliq maqomini tekshiraman haqida ayting,true,2026-08-04 00:00:00,2026-08-04 00:00:00
1939,323,Soliq hisobotini muddatida topshirmasa nima bo'ladi?,true,2026-08-04 00:00:00,2026-08-04 00:00:00
1940,323,Soliq hisobotini muddatida topshirmasa qanday?,true,2026-08-04 00:00:00,2026-08-04 00:00:00
1941,323,Soliq hisobotini muddatida topshirmasa haqida ma'lumot bering,true,2026-08-04 00:00:00,2026-08-04 00:00:00
1942,323,Soliq hisobotini muddatida topshirmasa bo'yicha ma'lumot kerak,true,2026-08-04 00:00:00,2026-08-04 00:00:00
1943,323,Menga soliq hisobotini muddatida topshirmasa haqida ayting,true,2026-08-04 00:00:00,2026-08-04 00:00:00
1944,323,"Iltimos, ayting: soliq hisobotini muddatida topshirmasa nima bo'ladi?",true,2026-08-04 00:00:00,2026-08-04 00:00:00
1945,324,Oilaviy tadbirkorlikni qanday ro'yxatdan o'tkaziladi?,true,2026-08-04 00:00:00,2026-08-04 00:00:00
1946,324,Oilaviy tadbirkorlikni qanaqa ro'yxatdan o'tkaziladi?,true,2026-08-04 00:00:00,2026-08-04 00:00:00
1947,324,Oilaviy tadbirkorlikni ro'yxatdan qanday?,true,2026-08-04 00:00:00,2026-08-04 00:00:00
1948,324,Oilaviy tadbirkorlikni ro'yxatdan haqida ma'lumot bering,true,2026-08-04 00:00:00,2026-08-04 00:00:00
1949,324,Oilaviy tadbirkorlikni ro'yxatdan bo'yicha ma'lumot kerak,true,2026-08-04 00:00:00,2026-08-04 00:00:00
1950,324,Menga oilaviy tadbirkorlikni ro'yxatdan haqida ayting,true,2026-08-04 00:00:00,2026-08-04 00:00:00
1951,325,Dehqon xo'jaligini ro'yxatdan o'tkazish qanday?,true,2026-08-04 00:00:00,2026-08-04 00:00:00
1952,325,Dehqon xo'jaligini ro'yxatdan o'tkazish qanaqa?,true,2026-08-04 00:00:00,2026-08-04 00:00:00
1953,325,Dehqon xo'jaligini ro'yxatdan o'tkazish haqida ma'lumot bering,true,2026-08-04 00:00:00,2026-08-04 00:00:00
1954,325,Dehqon xo'jaligini ro'yxatdan o'tkazish bo'yicha ma'lumot kerak,true,2026-08-04 00:00:00,2026-08-04 00:00:00
1955,325,Menga dehqon xo'jaligini ro'yxatdan o'tkazish haqida ayting,true,2026-08-04 00:00:00,2026-08-04 00:00:00
1956,325,"Iltimos, ayting: dehqon xo'jaligini ro'yxatdan o'tkazish qanday?",true,2026-08-04 00:00:00,2026-08-04 00:00:00
1957,326,Chet el investori O'zbekistonda firma ocha oladimi?,true,2026-08-04 00:00:00,2026-08-04 00:00:00
1958,326,Chet el investori O'zbekistonda firma ocha oladimi qanday?,true,2026-08-04 00:00:00,2026-08-04 00:00:00
1959,326,Chet el investori O'zbekistonda firma ocha oladimi haqida ma'lumot bering,true,2026-08-04 00:00:00,2026-08-04 00:00:00
1960,326,Chet el investori O'zbekistonda firma ocha oladimi bo'yicha ma'lumot kerak,true,2026-08-04 00:00:00,2026-08-04 00:00:00
1961,326,Menga chet el investori o'zbekistonda firma ocha oladimi haqida ayting,true,2026-08-04 00:00:00,2026-08-04 00:00:00
1962,326,"Iltimos, ayting: chet el investori O'zbekistonda firma ocha oladimi?",true,2026-08-04 00:00:00,2026-08-04 00:00:00
1963,327,Firma nomini o'zgartirish qanday amalga oshiriladi?,true,2026-08-04 00:00:00,2026-08-04 00:00:00
1964,327,Firma nomini o'zgartirish qanday bajariladi?,true,2026-08-04 00:00:00,2026-08-04 00:00:00
1965,327,Firma nomini o'zgartirish tartibi qanday?,true,2026-08-04 00:00:00,2026-08-04 00:00:00
1966,327,Firma nomini o'zgartirish qanday qilinadi?,true,2026-08-04 00:00:00,2026-08-04 00:00:00
1967,327,Firma nomini o'zgartirish qanaqa amalga oshiriladi?,true,2026-08-04 00:00:00,2026-08-04 00:00:00
1968,327,Firma nomini o'zgartirish qanday?,true,2026-08-04 00:00:00,2026-08-04 00:00:00
1969,328,Tadbirkorlar uchun imtiyozli kredit yoki subsidiya bormi?,true,2026-08-04 00:00:00,2026-08-04 00:00:00
1970,328,Tadbirkorlar imtiyozli kredit yoki subsidiya qanday?,true,2026-08-04 00:00:00,2026-08-04 00:00:00
1971,328,Tadbirkorlar imtiyozli kredit yoki subsidiya haqida ma'lumot bering,true,2026-08-04 00:00:00,2026-08-04 00:00:00
1972,328,Tadbirkorlar imtiyozli kredit yoki subsidiya bo'yicha ma'lumot kerak,true,2026-08-04 00:00:00,2026-08-04 00:00:00
1973,328,Menga tadbirkorlar imtiyozli kredit yoki subsidiya haqida ayting,true,2026-08-04 00:00:00,2026-08-04 00:00:00
1974,328,"Iltimos, ayting: tadbirkorlar uchun imtiyozli kredit yoki subsidiya bormi?",true,2026-08-04 00:00:00,2026-08-04 00:00:00
1975,329,Foydalanilmagan ta'tilni pulga almashtirish (kompensatsiya) mumkinmi?,true,2026-08-04 00:00:00,2026-08-04 00:00:00
1976,329,Foydalanilmagan ta'tilni pulga almashtirish (kompensatsiya) mumkin bo'ladimi?,true,2026-08-04 00:00:00,2026-08-04 00:00:00
1977,329,Foydalanilmagan ta'tilni pulga almashtirish (kompensatsiya)ga ruxsat beriladimi?,true,2026-08-04 00:00:00,2026-08-04 00:00:00
1978,329,Foydalanilmagan ta'tilni pulga almashtirish (kompensatsiya) imkoni bormi?,true,2026-08-04 00:00:00,2026-08-04 00:00:00
1979,329,Foydalanilmagan ta'tilni pulga almashtirish (kompensatsiya) qanday?,true,2026-08-04 00:00:00,2026-08-04 00:00:00
1980,329,Foydalanilmagan ta'tilni pulga almashtirish (kompensatsiya) haqida ma'lumot bering,true,2026-08-04 00:00:00,2026-08-04 00:00:00
1981,330,Ish beruvchi mehnat shartnomasini bir tomonlama o'zgartira oladimi?,true,2026-08-04 00:00:00,2026-08-04 00:00:00
1982,330,Ish beruvchi mehnat shartnomasini bir tomonlama o'zgartira oladimi qanday?,true,2026-08-04 00:00:00,2026-08-04 00:00:00
1983,330,Ish beruvchi mehnat shartnomasini bir tomonlama o'zgartira oladimi haqida ma'lumot bering,true,2026-08-04 00:00:00,2026-08-04 00:00:00
1984,330,Ish beruvchi mehnat shartnomasini bir tomonlama o'zgartira oladimi bo'yicha ma'lumot kerak,true,2026-08-04 00:00:00,2026-08-04 00:00:00
1985,330,Menga ish beruvchi mehnat shartnomasini bir tomonlama o'zgartira oladimi haqida ayting,true,2026-08-04 00:00:00,2026-08-04 00:00:00
1986,330,"Iltimos, ayting: ish beruvchi mehnat shartnomasini bir tomonlama o'zgartira oladimi?",true,2026-08-04 00:00:00,2026-08-04 00:00:00
1987,331,Sinov muddati (ish boshlashda) qancha bo'lishi mumkin?,true,2026-08-04 00:00:00,2026-08-04 00:00:00
1988,331,Sinov muddati (ish boshlashda) bo'lishi qanday?,true,2026-08-04 00:00:00,2026-08-04 00:00:00
1989,331,Sinov muddati (ish boshlashda) bo'lishi haqida ma'lumot bering,true,2026-08-04 00:00:00,2026-08-04 00:00:00
1990,331,Sinov muddati (ish boshlashda) bo'lishi bo'yicha ma'lumot kerak,true,2026-08-04 00:00:00,2026-08-04 00:00:00
1991,331,Menga sinov muddati (ish boshlashda) bo'lishi haqida ayting,true,2026-08-04 00:00:00,2026-08-04 00:00:00
1992,331,"Iltimos, ayting: sinov muddati (ish boshlashda) qancha bo'lishi mumkin?",true,2026-08-04 00:00:00,2026-08-04 00:00:00
1993,332,Masofaviy (uydan) ishlash qanday rasmiylashtiriladi?,true,2026-08-04 00:00:00,2026-08-04 00:00:00
1994,332,Masofaviy (uydan) ishlashni rasmiylashtirish tartibi qanday?,true,2026-08-04 00:00:00,2026-08-04 00:00:00
1995,332,Masofaviy (uydan) ishlash qanday rasmiylashtirsa bo'ladi?,true,2026-08-04 00:00:00,2026-08-04 00:00:00
1996,332,Masofaviy (uydan) ishlash qanday amalga oshiriladi?,true,2026-08-04 00:00:00,2026-08-04 00:00:00
1997,332,Masofaviy (uydan) ishlash qanaqa rasmiylashtiriladi?,true,2026-08-04 00:00:00,2026-08-04 00:00:00
1998,332,Masofaviy (uydan) ishlash qanday?,true,2026-08-04 00:00:00,2026-08-04 00:00:00
1999,333,Ishga qabul qilishda qanday hujjatlar talab qilinadi?,true,2026-08-04 00:00:00,2026-08-04 00:00:00
2000,333,Ishga qabul qilishda qanaqa hujjatlar talab qilinadi?,true,2026-08-04 00:00:00,2026-08-04 00:00:00
2001,333,Ishga qabul qilishda hujjatlar qanday?,true,2026-08-04 00:00:00,2026-08-04 00:00:00
2002,333,Ishga qabul qilishda hujjatlar haqida ma'lumot bering,true,2026-08-04 00:00:00,2026-08-04 00:00:00
2003,333,Ishga qabul qilishda hujjatlar bo'yicha ma'lumot kerak,true,2026-08-04 00:00:00,2026-08-04 00:00:00
2004,333,Menga ishga qabul qilishda hujjatlar haqida ayting,true,2026-08-04 00:00:00,2026-08-04 00:00:00
2005,334,Ta'til vaqtida kasal bo'lib qolsam ta'til uzaytiriladimi?,true,2026-08-04 00:00:00,2026-08-04 00:00:00
2006,334,Ta'til vaqtida kasal bo'lib qolsam ta'til uzaytiriladimi qanday?,true,2026-08-04 00:00:00,2026-08-04 00:00:00
2007,334,Ta'til vaqtida kasal bo'lib qolsam ta'til uzaytiriladimi haqida ma'lumot bering,true,2026-08-04 00:00:00,2026-08-04 00:00:00
2008,334,Ta'til vaqtida kasal bo'lib qolsam ta'til uzaytiriladimi bo'yicha ma'lumot kerak,true,2026-08-04 00:00:00,2026-08-04 00:00:00
2009,334,Menga ta'til vaqtida kasal bo'lib qolsam ta'til uzaytiriladimi haqida ayting,true,2026-08-04 00:00:00,2026-08-04 00:00:00
2010,334,"Iltimos, ayting: ta'til vaqtida kasal bo'lib qolsam ta'til uzaytiriladimi?",true,2026-08-04 00:00:00,2026-08-04 00:00:00
2011,335,Nogironlik guruhini qayta ko'rikdan o'tkazish qanday amalga oshiriladi?,true,2026-08-04 00:00:00,2026-08-04 00:00:00
2012,335,Nogironlik guruhini qayta ko'rikdan o'tkazish qanday bajariladi?,true,2026-08-04 00:00:00,2026-08-04 00:00:00
2013,335,Nogironlik guruhini qayta ko'rikdan o'tkazish tartibi qanday?,true,2026-08-04 00:00:00,2026-08-04 00:00:00
2014,335,Nogironlik guruhini qayta ko'rikdan o'tkazish qanday qilinadi?,true,2026-08-04 00:00:00,2026-08-04 00:00:00
2015,335,Nogironlik guruhini qayta ko'rikdan o'tkazish qanaqa amalga oshiriladi?,true,2026-08-04 00:00:00,2026-08-04 00:00:00
2016,335,Nogironlik guruhini qayta ko'rikdan o'tkazish qanday?,true,2026-08-04 00:00:00,2026-08-04 00:00:00
2017,336,Vaqtincha mehnatga layoqatsizlik nafaqasi kimga beriladi?,true,2026-08-04 00:00:00,2026-08-04 00:00:00
2018,336,Vaqtincha mehnatga layoqatsizlik nafaqasi qanday?,true,2026-08-04 00:00:00,2026-08-04 00:00:00
2019,336,Vaqtincha mehnatga layoqatsizlik nafaqasi haqida ma'lumot bering,true,2026-08-04 00:00:00,2026-08-04 00:00:00
2020,336,Vaqtincha mehnatga layoqatsizlik nafaqasi bo'yicha ma'lumot kerak,true,2026-08-04 00:00:00,2026-08-04 00:00:00
2021,336,Menga vaqtincha mehnatga layoqatsizlik nafaqasi haqida ayting,true,2026-08-04 00:00:00,2026-08-04 00:00:00
2022,336,"Iltimos, ayting: vaqtincha mehnatga layoqatsizlik nafaqasi kimga beriladi?",true,2026-08-04 00:00:00,2026-08-04 00:00:00
2023,337,Favqulodda holatda bir martalik moddiy yordam qanday olinadi?,true,2026-08-04 00:00:00,2026-08-04 00:00:00
2024,337,Favqulodda holatda bir martalik moddiy yordam qanday olsa bo'ladi?,true,2026-08-04 00:00:00,2026-08-04 00:00:00
2025,337,Favqulodda holatda bir martalik moddiy yordamni qanday olaman?,true,2026-08-04 00:00:00,2026-08-04 00:00:00
2026,337,Favqulodda holatda bir martalik moddiy yordam olish tartibi qanday?,true,2026-08-04 00:00:00,2026-08-04 00:00:00
2027,337,Favqulodda holatda bir martalik moddiy yordam qanaqa olinadi?,true,2026-08-04 00:00:00,2026-08-04 00:00:00
2028,337,Favqulodda holatda bir martalik moddiy yordam qanday?,true,2026-08-04 00:00:00,2026-08-04 00:00:00
2029,338,Nafaqa yoki pensiya noto'g'ri hisoblansa qayerga murojaat qilaman?,true,2026-08-04 00:00:00,2026-08-04 00:00:00
2030,338,Nafaqa yoki pensiya noto'g'ri hisoblansa murojaat qilaman qanday?,true,2026-08-04 00:00:00,2026-08-04 00:00:00
2031,338,Nafaqa yoki pensiya noto'g'ri hisoblansa murojaat qilaman haqida ma'lumot bering,true,2026-08-04 00:00:00,2026-08-04 00:00:00
2032,338,Nafaqa yoki pensiya noto'g'ri hisoblansa murojaat qilaman bo'yicha ma'lumot kerak,true,2026-08-04 00:00:00,2026-08-04 00:00:00
2033,338,Menga nafaqa yoki pensiya noto'g'ri hisoblansa murojaat qilaman haqida ayting,true,2026-08-04 00:00:00,2026-08-04 00:00:00
2034,338,"Iltimos, ayting: nafaqa yoki pensiya noto'g'ri hisoblansa qayerga murojaat qilaman?",true,2026-08-04 00:00:00,2026-08-04 00:00:00
2035,339,Ijtimoiy yordam olish uchun daromad qanday baholanadi?,true,2026-08-04 00:00:00,2026-08-04 00:00:00
2036,339,Ijtimoiy yordam olish uchun daromad qanaqa baholanadi?,true,2026-08-04 00:00:00,2026-08-04 00:00:00
2037,339,Ijtimoiy yordam olish daromad baholanadi qanday?,true,2026-08-04 00:00:00,2026-08-04 00:00:00
2038,339,Ijtimoiy yordam olish daromad baholanadi haqida ma'lumot bering,true,2026-08-04 00:00:00,2026-08-04 00:00:00
2039,339,Ijtimoiy yordam olish daromad baholanadi bo'yicha ma'lumot kerak,true,2026-08-04 00:00:00,2026-08-04 00:00:00
2040,339,Menga ijtimoiy yordam olish daromad baholanadi haqida ayting,true,2026-08-04 00:00:00,2026-08-04 00:00:00
2041,340,Poliklinika o'zgarganda tibbiy karta qanday ko'chiriladi?,true,2026-08-04 00:00:00,2026-08-04 00:00:00
2042,340,Poliklinika o'zgarganda tibbiy karta qanaqa ko'chiriladi?,true,2026-08-04 00:00:00,2026-08-04 00:00:00
2043,340,Poliklinika o'zgarganda tibbiy karta ko'chiriladi qanday?,true,2026-08-04 00:00:00,2026-08-04 00:00:00
2044,340,Poliklinika o'zgarganda tibbiy karta ko'chiriladi haqida ma'lumot bering,true,2026-08-04 00:00:00,2026-08-04 00:00:00
2045,340,Poliklinika o'zgarganda tibbiy karta ko'chiriladi bo'yicha ma'lumot kerak,true,2026-08-04 00:00:00,2026-08-04 00:00:00
2046,340,Menga poliklinika o'zgarganda tibbiy karta ko'chiriladi haqida ayting,true,2026-08-04 00:00:00,2026-08-04 00:00:00
2047,341,Chet ellik O'zbekistonda tibbiy yordam oladimi?,true,2026-08-04 00:00:00,2026-08-04 00:00:00
2048,341,Chet ellik O'zbekistonda tibbiy yordam oladimi qanday?,true,2026-08-04 00:00:00,2026-08-04 00:00:00
2049,341,Chet ellik O'zbekistonda tibbiy yordam oladimi haqida ma'lumot bering,true,2026-08-04 00:00:00,2026-08-04 00:00:00
2050,341,Chet ellik O'zbekistonda tibbiy yordam oladimi bo'yicha ma'lumot kerak,true,2026-08-04 00:00:00,2026-08-04 00:00:00
2051,341,Menga chet ellik o'zbekistonda tibbiy yordam oladimi haqida ayting,true,2026-08-04 00:00:00,2026-08-04 00:00:00
2052,341,"Iltimos, ayting: chet ellik O'zbekistonda tibbiy yordam oladimi?",true,2026-08-04 00:00:00,2026-08-04 00:00:00
2053,342,"Majburiy tibbiy ko'rik (haydovchi, ovqat sohasi) qayerda o'tkaziladi?",true,2026-08-04 00:00:00,2026-08-04 00:00:00
2054,342,"Majburiy tibbiy ko'rik (haydovchi, ovqat sohasi) qanday?",true,2026-08-04 00:00:00,2026-08-04 00:00:00
2055,342,"Majburiy tibbiy ko'rik (haydovchi, ovqat sohasi) haqida ma'lumot bering",true,2026-08-04 00:00:00,2026-08-04 00:00:00
2056,342,"Majburiy tibbiy ko'rik (haydovchi, ovqat sohasi) bo'yicha ma'lumot kerak",true,2026-08-04 00:00:00,2026-08-04 00:00:00
2057,342,"Menga majburiy tibbiy ko'rik (haydovchi, ovqat sohasi) haqida ayting",true,2026-08-04 00:00:00,2026-08-04 00:00:00
2058,342,"Iltimos, ayting: majburiy tibbiy ko'rik (haydovchi, ovqat sohasi) qayerda o'tkaziladi?",true,2026-08-04 00:00:00,2026-08-04 00:00:00
2059,343,Donorlik (qon topshirish) qanday rasmiylashtiriladi?,true,2026-08-04 00:00:00,2026-08-04 00:00:00
2060,343,Donorlik (qon topshirish)ni rasmiylashtirish tartibi qanday?,true,2026-08-04 00:00:00,2026-08-04 00:00:00
2061,343,Donorlik (qon topshirish) qanday rasmiylashtirsa bo'ladi?,true,2026-08-04 00:00:00,2026-08-04 00:00:00
2062,343,Donorlik (qon topshirish) qanday amalga oshiriladi?,true,2026-08-04 00:00:00,2026-08-04 00:00:00
2063,343,Donorlik (qon topshirish) qanaqa rasmiylashtiriladi?,true,2026-08-04 00:00:00,2026-08-04 00:00:00
2064,343,Donorlik (qon topshirish) qanday?,true,2026-08-04 00:00:00,2026-08-04 00:00:00
2065,344,Noto'g'ri davolash yoki tibbiy xato bo'yicha shikoyat qayerga?,true,2026-08-04 00:00:00,2026-08-04 00:00:00
2066,344,Noto'g'ri davolash yoki tibbiy xato bo'yicha shikoyat qanday?,true,2026-08-04 00:00:00,2026-08-04 00:00:00
2067,344,Noto'g'ri davolash yoki tibbiy xato bo'yicha shikoyat haqida ma'lumot bering,true,2026-08-04 00:00:00,2026-08-04 00:00:00
2068,344,Noto'g'ri davolash yoki tibbiy xato bo'yicha shikoyat bo'yicha ma'lumot kerak,true,2026-08-04 00:00:00,2026-08-04 00:00:00
2069,344,Menga noto'g'ri davolash yoki tibbiy xato bo'yicha shikoyat haqida ayting,true,2026-08-04 00:00:00,2026-08-04 00:00:00
2070,344,"Iltimos, ayting: noto'g'ri davolash yoki tibbiy xato bo'yicha shikoyat qayerga?",true,2026-08-04 00:00:00,2026-08-04 00:00:00
2071,345,Maktab bitiruvchisi attestat olish uchun nima qiladi?,true,2026-08-04 00:00:00,2026-08-04 00:00:00
2072,345,Maktab bitiruvchisi attestat olish qiladi qanday?,true,2026-08-04 00:00:00,2026-08-04 00:00:00
2073,345,Maktab bitiruvchisi attestat olish qiladi haqida ma'lumot bering,true,2026-08-04 00:00:00,2026-08-04 00:00:00
2074,345,Maktab bitiruvchisi attestat olish qiladi bo'yicha ma'lumot kerak,true,2026-08-04 00:00:00,2026-08-04 00:00:00
2075,345,Menga maktab bitiruvchisi attestat olish qiladi haqida ayting,true,2026-08-04 00:00:00,2026-08-04 00:00:00
2076,345,"Iltimos, ayting: maktab bitiruvchisi attestat olish uchun nima qiladi?",true,2026-08-04 00:00:00,2026-08-04 00:00:00
2077,346,Malaka oshirish yoki qayta tayyorlash kurslari qanday tashkil etiladi?,true,2026-08-04 00:00:00,2026-08-04 00:00:00
2078,346,Malaka oshirish yoki qayta tayyorlash kurslari qanaqa tashkil etiladi?,true,2026-08-04 00:00:00,2026-08-04 00:00:00
2079,346,Malaka oshirish yoki qayta tayyorlash kurslari tashkil etiladi qanday?,true,2026-08-04 00:00:00,2026-08-04 00:00:00
2080,346,Malaka oshirish yoki qayta tayyorlash kurslari tashkil etiladi haqida ma'lumot bering,true,2026-08-04 00:00:00,2026-08-04 00:00:00
2081,346,Malaka oshirish yoki qayta tayyorlash kurslari tashkil etiladi bo'yicha ma'lumot kerak,true,2026-08-04 00:00:00,2026-08-04 00:00:00
2082,346,Menga malaka oshirish yoki qayta tayyorlash kurslari tashkil etiladi haqida ayting,true,2026-08-04 00:00:00,2026-08-04 00:00:00
2083,347,Bolani inklyuziv (maxsus ehtiyojli) ta'limga qanday joylashtiriladi?,true,2026-08-04 00:00:00,2026-08-04 00:00:00
2084,347,Bolani inklyuziv (maxsus ehtiyojli) ta'limga qanaqa joylashtiriladi?,true,2026-08-04 00:00:00,2026-08-04 00:00:00
2085,347,Bolani inklyuziv (maxsus ehtiyojli) ta'limga joylashtiriladi qanday?,true,2026-08-04 00:00:00,2026-08-04 00:00:00
2086,347,Bolani inklyuziv (maxsus ehtiyojli) ta'limga joylashtiriladi haqida ma'lumot bering,true,2026-08-04 00:00:00,2026-08-04 00:00:00
2087,347,Bolani inklyuziv (maxsus ehtiyojli) ta'limga joylashtiriladi bo'yicha ma'lumot kerak,true,2026-08-04 00:00:00,2026-08-04 00:00:00
2088,347,Menga bolani inklyuziv (maxsus ehtiyojli) ta'limga joylashtiriladi haqida ayting,true,2026-08-04 00:00:00,2026-08-04 00:00:00
2089,348,Ta'lim kontrakt to'lovini qismlarga bo'lib to'lash mumkinmi?,true,2026-08-04 00:00:00,2026-08-04 00:00:00
2090,348,Ta'lim kontrakt to'lovini qismlarga bo'lib to'lash mumkin bo'ladimi?,true,2026-08-04 00:00:00,2026-08-04 00:00:00
2091,348,Ta'lim kontrakt to'lovini qismlarga bo'lib to'lashga ruxsat beriladimi?,true,2026-08-04 00:00:00,2026-08-04 00:00:00
2092,348,Ta'lim kontrakt to'lovini qismlarga bo'lib to'lash imkoni bormi?,true,2026-08-04 00:00:00,2026-08-04 00:00:00
2093,348,Ta'lim kontrakt to'lovini qismlarga bo'lib to'lash qanday?,true,2026-08-04 00:00:00,2026-08-04 00:00:00
2094,348,Ta'lim kontrakt to'lovini qismlarga bo'lib to'lash haqida ma'lumot bering,true,2026-08-04 00:00:00,2026-08-04 00:00:00
2095,349,Diplom ilovasini (baholar varaqasi) qayta olish mumkinmi?,true,2026-08-04 00:00:00,2026-08-04 00:00:00
2096,349,Diplom ilovasini (baholar varaqasi) qayta olish mumkin bo'ladimi?,true,2026-08-04 00:00:00,2026-08-04 00:00:00
2097,349,Diplom ilovasini (baholar varaqasi) qayta olishga ruxsat beriladimi?,true,2026-08-04 00:00:00,2026-08-04 00:00:00
2098,349,Diplom ilovasini (baholar varaqasi) qayta olish imkoni bormi?,true,2026-08-04 00:00:00,2026-08-04 00:00:00
2099,349,Diplom ilovasini (baholar varaqasi) qayta olish qanday?,true,2026-08-04 00:00:00,2026-08-04 00:00:00
2100,349,Diplom ilovasini (baholar varaqasi) qayta olish haqida ma'lumot bering,true,2026-08-04 00:00:00,2026-08-04 00:00:00
2101,350,Muddatli xizmatga chaqiruvni kechiktirish uchun ariza qayerga beriladi?,true,2026-08-04 00:00:00,2026-08-04 00:00:00
2102,350,Muddatli xizmatga chaqiruvni kechiktirish ariza qanday?,true,2026-08-04 00:00:00,2026-08-04 00:00:00
2103,350,Muddatli xizmatga chaqiruvni kechiktirish ariza haqida ma'lumot bering,true,2026-08-04 00:00:00,2026-08-04 00:00:00
2104,350,Muddatli xizmatga chaqiruvni kechiktirish ariza bo'yicha ma'lumot kerak,true,2026-08-04 00:00:00,2026-08-04 00:00:00
2105,350,Menga muddatli xizmatga chaqiruvni kechiktirish ariza haqida ayting,true,2026-08-04 00:00:00,2026-08-04 00:00:00
2106,350,"Iltimos, ayting: muddatli xizmatga chaqiruvni kechiktirish uchun ariza qayerga beriladi?",true,2026-08-04 00:00:00,2026-08-04 00:00:00
2107,351,Zaxiradagi harbiy xizmatchi to'plamlarga qanday chaqiriladi?,true,2026-08-04 00:00:00,2026-08-04 00:00:00
2108,351,Zaxiradagi harbiy xizmatchi to'plamlarga qanaqa chaqiriladi?,true,2026-08-04 00:00:00,2026-08-04 00:00:00
2109,351,Zaxiradagi harbiy xizmatchi to'plamlarga chaqiriladi qanday?,true,2026-08-04 00:00:00,2026-08-04 00:00:00
2110,351,Zaxiradagi harbiy xizmatchi to'plamlarga chaqiriladi haqida ma'lumot bering,true,2026-08-04 00:00:00,2026-08-04 00:00:00
2111,351,Zaxiradagi harbiy xizmatchi to'plamlarga chaqiriladi bo'yicha ma'lumot kerak,true,2026-08-04 00:00:00,2026-08-04 00:00:00
2112,351,Menga zaxiradagi harbiy xizmatchi to'plamlarga chaqiriladi haqida ayting,true,2026-08-04 00:00:00,2026-08-04 00:00:00
2113,352,Kontrakt (professional) asosida harbiy xizmat qanday rasmiylashtiriladi?,true,2026-08-04 00:00:00,2026-08-04 00:00:00
2114,352,Kontrakt (professional) asosida harbiy xizmatni rasmiylashtirish tartibi qanday?,true,2026-08-04 00:00:00,2026-08-04 00:00:00
2115,352,Kontrakt (professional) asosida harbiy xizmat qanday rasmiylashtirsa bo'ladi?,true,2026-08-04 00:00:00,2026-08-04 00:00:00
2116,352,Kontrakt (professional) asosida harbiy xizmat qanday amalga oshiriladi?,true,2026-08-04 00:00:00,2026-08-04 00:00:00
2117,352,Kontrakt (professional) asosida harbiy xizmat qanaqa rasmiylashtiriladi?,true,2026-08-04 00:00:00,2026-08-04 00:00:00
2118,352,Kontrakt (professional) asosida harbiy xizmat qanday?,true,2026-08-04 00:00:00,2026-08-04 00:00:00
2119,353,Harbiy majburiyatni bajarmaslik uchun javobgarlik qanday?,true,2026-08-04 00:00:00,2026-08-04 00:00:00
2120,353,Harbiy majburiyatni bajarmaslik uchun javobgarlik qanaqa?,true,2026-08-04 00:00:00,2026-08-04 00:00:00
2121,353,Harbiy majburiyatni bajarmaslik javobgarlik qanday?,true,2026-08-04 00:00:00,2026-08-04 00:00:00
2122,353,Harbiy majburiyatni bajarmaslik javobgarlik haqida ma'lumot bering,true,2026-08-04 00:00:00,2026-08-04 00:00:00
2123,353,Harbiy majburiyatni bajarmaslik javobgarlik bo'yicha ma'lumot kerak,true,2026-08-04 00:00:00,2026-08-04 00:00:00
2124,353,Menga harbiy majburiyatni bajarmaslik javobgarlik haqida ayting,true,2026-08-04 00:00:00,2026-08-04 00:00:00
2125,354,Uy-joy mulkdorlari shirkatiga a'zolik va to'lovlar qanday?,true,2026-08-04 00:00:00,2026-08-04 00:00:00
2126,354,Uy-joy mulkdorlari shirkatiga a'zolik va to'lovlar qanaqa?,true,2026-08-04 00:00:00,2026-08-04 00:00:00
2127,354,Uy-joy mulkdorlari shirkatiga a'zolik to'lovlar qanday?,true,2026-08-04 00:00:00,2026-08-04 00:00:00
2128,354,Uy-joy mulkdorlari shirkatiga a'zolik to'lovlar haqida ma'lumot bering,true,2026-08-04 00:00:00,2026-08-04 00:00:00
2129,354,Uy-joy mulkdorlari shirkatiga a'zolik to'lovlar bo'yicha ma'lumot kerak,true,2026-08-04 00:00:00,2026-08-04 00:00:00
2130,354,Menga uy-joy mulkdorlari shirkatiga a'zolik to'lovlar haqida ayting,true,2026-08-04 00:00:00,2026-08-04 00:00:00
2131,355,Kommunal hisoblagich ko'rsatkichini qayerga topshiriladi?,true,2026-08-04 00:00:00,2026-08-04 00:00:00
2132,355,Kommunal hisoblagich ko'rsatkichini topshiriladi qanday?,true,2026-08-04 00:00:00,2026-08-04 00:00:00
2133,355,Kommunal hisoblagich ko'rsatkichini topshiriladi haqida ma'lumot bering,true,2026-08-04 00:00:00,2026-08-04 00:00:00
2134,355,Kommunal hisoblagich ko'rsatkichini topshiriladi bo'yicha ma'lumot kerak,true,2026-08-04 00:00:00,2026-08-04 00:00:00
2135,355,Menga kommunal hisoblagich ko'rsatkichini topshiriladi haqida ayting,true,2026-08-04 00:00:00,2026-08-04 00:00:00
2136,355,"Iltimos, ayting: kommunal hisoblagich ko'rsatkichini qayerga topshiriladi?",true,2026-08-04 00:00:00,2026-08-04 00:00:00
2137,356,Quvur yorilishi yoki suv toshqinida zarar qoplanadimi?,true,2026-08-04 00:00:00,2026-08-04 00:00:00
2138,356,Quvur yorilishi yoki suv toshqinida zarar qoplanadimi qanday?,true,2026-08-04 00:00:00,2026-08-04 00:00:00
2139,356,Quvur yorilishi yoki suv toshqinida zarar qoplanadimi haqida ma'lumot bering,true,2026-08-04 00:00:00,2026-08-04 00:00:00
2140,356,Quvur yorilishi yoki suv toshqinida zarar qoplanadimi bo'yicha ma'lumot kerak,true,2026-08-04 00:00:00,2026-08-04 00:00:00
2141,356,Menga quvur yorilishi yoki suv toshqinida zarar qoplanadimi haqida ayting,true,2026-08-04 00:00:00,2026-08-04 00:00:00
2142,356,"Iltimos, ayting: quvur yorilishi yoki suv toshqinida zarar qoplanadimi?",true,2026-08-04 00:00:00,2026-08-04 00:00:00
2143,357,Ijaraga olingan uyda ro'yxatga turish mumkinmi?,true,2026-08-04 00:00:00,2026-08-04 00:00:00
2144,357,Ijaraga olingan uyda ro'yxatga turish mumkin bo'ladimi?,true,2026-08-04 00:00:00,2026-08-04 00:00:00
2145,357,Ijaraga olingan uyda ro'yxatga turishga ruxsat beriladimi?,true,2026-08-04 00:00:00,2026-08-04 00:00:00
2146,357,Ijaraga olingan uyda ro'yxatga turish imkoni bormi?,true,2026-08-04 00:00:00,2026-08-04 00:00:00
2147,357,Ijaraga olingan uyda ro'yxatga turish qanday?,true,2026-08-04 00:00:00,2026-08-04 00:00:00
2148,357,Ijaraga olingan uyda ro'yxatga turish haqida ma'lumot bering,true,2026-08-04 00:00:00,2026-08-04 00:00:00
2149,358,Uy-joyni ijaraga berishda shartnoma va soliq qanday rasmiylashtiriladi?,true,2026-08-04 00:00:00,2026-08-04 00:00:00
2150,358,Uy-joyni ijaraga berishda shartnoma va soliqni rasmiylashtirish tartibi qanday?,true,2026-08-04 00:00:00,2026-08-04 00:00:00
2151,358,Uy-joyni ijaraga berishda shartnoma va soliq qanday rasmiylashtirsa bo'ladi?,true,2026-08-04 00:00:00,2026-08-04 00:00:00
2152,358,Uy-joyni ijaraga berishda shartnoma va soliq qanday amalga oshiriladi?,true,2026-08-04 00:00:00,2026-08-04 00:00:00
2153,358,Uy-joyni ijaraga berishda shartnoma va soliq qanaqa rasmiylashtiriladi?,true,2026-08-04 00:00:00,2026-08-04 00:00:00
2154,358,Uy-joyni ijaraga berishda shartnoma soliq qanday?,true,2026-08-04 00:00:00,2026-08-04 00:00:00
2155,359,Nizosiz talab (sud buyrug'i tartibida) qanday undiriladi?,true,2026-08-04 00:00:00,2026-08-04 00:00:00
2156,359,Nizosiz talab (sud buyrug'i tartibida) qanaqa undiriladi?,true,2026-08-04 00:00:00,2026-08-04 00:00:00
2157,359,Nizosiz (sud buyrug'i tartibida) undiriladi qanday?,true,2026-08-04 00:00:00,2026-08-04 00:00:00
2158,359,Nizosiz (sud buyrug'i tartibida) undiriladi haqida ma'lumot bering,true,2026-08-04 00:00:00,2026-08-04 00:00:00
2159,359,Nizosiz (sud buyrug'i tartibida) undiriladi bo'yicha ma'lumot kerak,true,2026-08-04 00:00:00,2026-08-04 00:00:00
2160,359,Menga nizosiz (sud buyrug'i tartibida) undiriladi haqida ayting,true,2026-08-04 00:00:00,2026-08-04 00:00:00
2161,360,Sud majlisi sanasi va joyini qanday bilib olaman?,true,2026-08-04 00:00:00,2026-08-04 00:00:00
2162,360,Sud majlisi sanasi va joyini qanaqa bilib olaman?,true,2026-08-04 00:00:00,2026-08-04 00:00:00
2163,360,Sud majlisi sanasi joyini bilib olaman qanday?,true,2026-08-04 00:00:00,2026-08-04 00:00:00
2164,360,Sud majlisi sanasi joyini bilib olaman haqida ma'lumot bering,true,2026-08-04 00:00:00,2026-08-04 00:00:00
2165,360,Sud majlisi sanasi joyini bilib olaman bo'yicha ma'lumot kerak,true,2026-08-04 00:00:00,2026-08-04 00:00:00
2166,360,Menga sud majlisi sanasi joyini bilib olaman haqida ayting,true,2026-08-04 00:00:00,2026-08-04 00:00:00
2167,361,Guvoh yoki jabrlanuvchi sifatida qanday huquqlarim bor?,true,2026-08-04 00:00:00,2026-08-04 00:00:00
2168,361,Guvoh yoki jabrlanuvchi sifatida qanaqa huquqlarim bor?,true,2026-08-04 00:00:00,2026-08-04 00:00:00
2169,361,Guvoh yoki jabrlanuvchi sifatida huquqlarim qanday?,true,2026-08-04 00:00:00,2026-08-04 00:00:00
2170,361,Guvoh yoki jabrlanuvchi sifatida huquqlarim haqida ma'lumot bering,true,2026-08-04 00:00:00,2026-08-04 00:00:00
2171,361,Guvoh yoki jabrlanuvchi sifatida huquqlarim bo'yicha ma'lumot kerak,true,2026-08-04 00:00:00,2026-08-04 00:00:00
2172,361,Menga guvoh yoki jabrlanuvchi sifatida huquqlarim haqida ayting,true,2026-08-04 00:00:00,2026-08-04 00:00:00
2173,362,Sud qarorining nusxasini qanday olaman?,true,2026-08-04 00:00:00,2026-08-04 00:00:00
2174,362,Sud qarorining nusxasini qanaqa olaman?,true,2026-08-04 00:00:00,2026-08-04 00:00:00
2175,362,Sud qarorining nusxasini olaman qanday?,true,2026-08-04 00:00:00,2026-08-04 00:00:00
2176,362,Sud qarorining nusxasini olaman haqida ma'lumot bering,true,2026-08-04 00:00:00,2026-08-04 00:00:00
2177,362,Sud qarorining nusxasini olaman bo'yicha ma'lumot kerak,true,2026-08-04 00:00:00,2026-08-04 00:00:00
2178,362,Menga sud qarorining nusxasini olaman haqida ayting,true,2026-08-04 00:00:00,2026-08-04 00:00:00
2179,363,Sudda sulh (murosaga kelish) bitimi tuzish mumkinmi?,true,2026-08-04 00:00:00,2026-08-04 00:00:00
2180,363,Sudda sulh (murosaga kelish) bitimi tuzish mumkin bo'ladimi?,true,2026-08-04 00:00:00,2026-08-04 00:00:00
2181,363,Sudda sulh (murosaga kelish) bitimi tuzishga ruxsat beriladimi?,true,2026-08-04 00:00:00,2026-08-04 00:00:00
2182,363,Sudda sulh (murosaga kelish) bitimi tuzish imkoni bormi?,true,2026-08-04 00:00:00,2026-08-04 00:00:00
2183,363,Sudda sulh (murosaga kelish) bitimi tuzish qanday?,true,2026-08-04 00:00:00,2026-08-04 00:00:00
2184,363,Sudda sulh (murosaga kelish) bitimi tuzish haqida ma'lumot bering,true,2026-08-04 00:00:00,2026-08-04 00:00:00
2185,364,Sudlanmaganlik ma'lumotnomasini chet el uchun apostil qilish qanday?,true,2026-08-04 00:00:00,2026-08-04 00:00:00
2186,364,Sudlanmaganlik ma'lumotnomasini chet el uchun apostil qilish qanaqa?,true,2026-08-04 00:00:00,2026-08-04 00:00:00
2187,364,Sudlanmaganlik ma'lumotnomasini chet el apostil qilish qanday?,true,2026-08-04 00:00:00,2026-08-04 00:00:00
2188,364,Sudlanmaganlik ma'lumotnomasini chet el apostil qilish haqida ma'lumot bering,true,2026-08-04 00:00:00,2026-08-04 00:00:00
2189,364,Sudlanmaganlik ma'lumotnomasini chet el apostil qilish bo'yicha ma'lumot kerak,true,2026-08-04 00:00:00,2026-08-04 00:00:00
2190,364,Menga sudlanmaganlik ma'lumotnomasini chet el apostil qilish haqida ayting,true,2026-08-04 00:00:00,2026-08-04 00:00:00
2191,365,Chet el fuqarosi O'zbekistonda ko'chmas mulk sotib olishi mumkinmi?,true,2026-08-04 00:00:00,2026-08-04 00:00:00
2192,365,Chet el fuqarosi O'zbekistonda ko'chmas mulk sotib olishi mumkin bo'ladimi?,true,2026-08-04 00:00:00,2026-08-04 00:00:00
2193,365,Chet el fuqarosi O'zbekistonda ko'chmas mulk sotib olishiga ruxsat beriladimi?,true,2026-08-04 00:00:00,2026-08-04 00:00:00
2194,365,Chet el fuqarosi O'zbekistonda ko'chmas mulk sotib olishi imkoni bormi?,true,2026-08-04 00:00:00,2026-08-04 00:00:00
2195,365,Chet el fuqarosi O'zbekistonda ko'chmas mulk sotib olishi qanday?,true,2026-08-04 00:00:00,2026-08-04 00:00:00
2196,365,Chet el fuqarosi O'zbekistonda ko'chmas mulk sotib olishi haqida ma'lumot bering,true,2026-08-04 00:00:00,2026-08-04 00:00:00
2197,366,Xorijiy haydovchilik guvohnomasi bilan O'zbekistonda haydash mumkinmi?,true,2026-08-04 00:00:00,2026-08-04 00:00:00
2198,366,Xorijiy haydovchilik guvohnomasi bilan O'zbekistonda haydash mumkin bo'ladimi?,true,2026-08-04 00:00:00,2026-08-04 00:00:00
2199,366,Xorijiy haydovchilik guvohnomasi bilan O'zbekistonda haydashga ruxsat beriladimi?,true,2026-08-04 00:00:00,2026-08-04 00:00:00
2200,366,Xorijiy haydovchilik guvohnomasi bilan O'zbekistonda haydash imkoni bormi?,true,2026-08-04 00:00:00,2026-08-04 00:00:00
2201,366,Xorijiy haydovchilik guvohnomasi O'zbekistonda haydash qanday?,true,2026-08-04 00:00:00,2026-08-04 00:00:00
2202,366,Xorijiy haydovchilik guvohnomasi O'zbekistonda haydash haqida ma'lumot bering,true,2026-08-04 00:00:00,2026-08-04 00:00:00
2203,367,Chet elga doimiy yashashga ketishda qanday hujjatlar kerak?,true,2026-08-04 00:00:00,2026-08-04 00:00:00
2204,367,Chet elga doimiy yashashga ketishda qanaqa hujjatlar kerak?,true,2026-08-04 00:00:00,2026-08-04 00:00:00
2205,367,Chet elga doimiy yashashga ketishda hujjatlar qanday?,true,2026-08-04 00:00:00,2026-08-04 00:00:00
2206,367,Chet elga doimiy yashashga ketishda hujjatlar haqida ma'lumot bering,true,2026-08-04 00:00:00,2026-08-04 00:00:00
2207,367,Chet elga doimiy yashashga ketishda hujjatlar bo'yicha ma'lumot kerak,true,2026-08-04 00:00:00,2026-08-04 00:00:00
2208,367,Menga chet elga doimiy yashashga ketishda hujjatlar haqida ayting,true,2026-08-04 00:00:00,2026-08-04 00:00:00
2209,368,Pochta orqali pensiya yoki nafaqa yetkazib beriladimi?,true,2026-08-04 00:00:00,2026-08-04 00:00:00
2210,368,Pochta orqali pensiya yoki nafaqa yetkazib berilishi mumkinmi?,true,2026-08-04 00:00:00,2026-08-04 00:00:00
2211,368,Pochta orqali pensiya yoki nafaqa yetkazib bor yoki yo'q?,true,2026-08-04 00:00:00,2026-08-04 00:00:00
2212,368,Pochta orqali pensiya yoki nafaqa yetkazib beriladimi qanday?,true,2026-08-04 00:00:00,2026-08-04 00:00:00
2213,368,Pochta orqali pensiya yoki nafaqa yetkazib beriladimi haqida ma'lumot bering,true,2026-08-04 00:00:00,2026-08-04 00:00:00
2214,368,Pochta orqali pensiya yoki nafaqa yetkazib beriladimi bo'yicha ma'lumot kerak,true,2026-08-04 00:00:00,2026-08-04 00:00:00
2215,369,Yo'qolgan yoki shikastlangan pochta jo'natmasi bo'yicha shikoyat qayerga?,true,2026-08-04 00:00:00,2026-08-04 00:00:00
2216,369,Yo'qolgan yoki shikastlangan pochta jo'natmasi bo'yicha shikoyat qanday?,true,2026-08-04 00:00:00,2026-08-04 00:00:00
2217,369,Yo'qolgan yoki shikastlangan pochta jo'natmasi bo'yicha shikoyat haqida ma'lumot bering,true,2026-08-04 00:00:00,2026-08-04 00:00:00
2218,369,Yo'qolgan yoki shikastlangan pochta jo'natmasi bo'yicha shikoyat bo'yicha ma'lumot kerak,true,2026-08-04 00:00:00,2026-08-04 00:00:00
2219,369,Menga yo'qolgan yoki shikastlangan pochta jo'natmasi bo'yicha shikoyat haqida ayting,true,2026-08-04 00:00:00,2026-08-04 00:00:00
2220,369,"Iltimos, ayting: yo'qolgan yoki shikastlangan pochta jo'natmasi bo'yicha shikoyat qayerga?",true,2026-08-04 00:00:00,2026-08-04 00:00:00
2221,370,Rad etilgan xizmat bo'yicha qayta ariza qanday beriladi?,true,2026-08-04 00:00:00,2026-08-04 00:00:00
2222,370,Rad etilgan xizmat bo'yicha qayta ariza qanaqa beriladi?,true,2026-08-04 00:00:00,2026-08-04 00:00:00
2223,370,Rad etilgan xizmat bo'yicha qayta ariza qanday?,true,2026-08-04 00:00:00,2026-08-04 00:00:00
2224,370,Rad etilgan xizmat bo'yicha qayta ariza haqida ma'lumot bering,true,2026-08-04 00:00:00,2026-08-04 00:00:00
2225,370,Rad etilgan xizmat bo'yicha qayta ariza bo'yicha ma'lumot kerak,true,2026-08-04 00:00:00,2026-08-04 00:00:00
2226,370,Menga rad etilgan xizmat bo'yicha qayta ariza haqida ayting,true,2026-08-04 00:00:00,2026-08-04 00:00:00
2227,371,Muayyan xizmat uchun kerakli hujjatlar ro'yxatini qayerdan bilaman?,true,2026-08-04 00:00:00,2026-08-04 00:00:00
2228,371,Muayyan xizmat kerakli hujjatlar ro'yxatini bilaman qanday?,true,2026-08-04 00:00:00,2026-08-04 00:00:00
2229,371,Muayyan xizmat kerakli hujjatlar ro'yxatini bilaman haqida ma'lumot bering,true,2026-08-04 00:00:00,2026-08-04 00:00:00
2230,371,Muayyan xizmat kerakli hujjatlar ro'yxatini bilaman bo'yicha ma'lumot kerak,true,2026-08-04 00:00:00,2026-08-04 00:00:00
2231,371,Menga muayyan xizmat kerakli hujjatlar ro'yxatini bilaman haqida ayting,true,2026-08-04 00:00:00,2026-08-04 00:00:00
2232,371,"Iltimos, ayting: muayyan xizmat uchun kerakli hujjatlar ro'yxatini qayerdan bilaman?",true,2026-08-04 00:00:00,2026-08-04 00:00:00
2233,372,Ko'rsatilgan davlat xizmati sifatini qanday baholayman?,true,2026-08-04 00:00:00,2026-08-04 00:00:00
2234,372,Ko'rsatilgan davlat xizmati sifatini qanaqa baholayman?,true,2026-08-04 00:00:00,2026-08-04 00:00:00
2235,372,Ko'rsatilgan davlat xizmati sifatini baholayman qanday?,true,2026-08-04 00:00:00,2026-08-04 00:00:00
2236,372,Ko'rsatilgan davlat xizmati sifatini baholayman haqida ma'lumot bering,true,2026-08-04 00:00:00,2026-08-04 00:00:00
2237,372,Ko'rsatilgan davlat xizmati sifatini baholayman bo'yicha ma'lumot kerak,true,2026-08-04 00:00:00,2026-08-04 00:00:00
2238,372,Menga ko'rsatilgan davlat xizmati sifatini baholayman haqida ayting,true,2026-08-04 00:00:00,2026-08-04 00:00:00
2239,373,Bir arizada kerakli ma'lumotni idoralar o'zi olib beradimi?,true,2026-08-04 00:00:00,2026-08-04 00:00:00
2240,373,Bir arizada kerakli ma'lumotni idoralar o'zi olib beradimi qanday?,true,2026-08-04 00:00:00,2026-08-04 00:00:00
2241,373,Bir arizada kerakli ma'lumotni idoralar o'zi olib beradimi haqida ma'lumot bering,true,2026-08-04 00:00:00,2026-08-04 00:00:00
2242,373,Bir arizada kerakli ma'lumotni idoralar o'zi olib beradimi bo'yicha ma'lumot kerak,true,2026-08-04 00:00:00,2026-08-04 00:00:00
2243,373,Menga bir arizada kerakli ma'lumotni idoralar o'zi olib beradimi haqida ayting,true,2026-08-04 00:00:00,2026-08-04 00:00:00
2244,373,"Iltimos, ayting: bir arizada kerakli ma'lumotni idoralar o'zi olib beradimi?",true,2026-08-04 00:00:00,2026-08-04 00:00:00
2245,374,Mahalladan turmush sharoiti haqidagi ma'lumotnoma qanday olinadi?,true,2026-08-04 00:00:00,2026-08-04 00:00:00
2246,374,Mahalladan turmush sharoiti haqidagi ma'lumotnoma qanday olsa bo'ladi?,true,2026-08-04 00:00:00,2026-08-04 00:00:00
2247,374,Mahalladan turmush sharoiti haqidagi ma'lumotnomani qanday olaman?,true,2026-08-04 00:00:00,2026-08-04 00:00:00
2248,374,Mahalladan turmush sharoiti haqidagi ma'lumotnoma olish tartibi qanday?,true,2026-08-04 00:00:00,2026-08-04 00:00:00
2249,374,Mahalladan turmush sharoiti haqidagi ma'lumotnoma qanaqa olinadi?,true,2026-08-04 00:00:00,2026-08-04 00:00:00
2250,374,Mahalladan turmush sharoiti haqidagi ma'lumotnoma qanday?,true,2026-08-04 00:00:00,2026-08-04 00:00:00
2251,375,Elektron imzo bilan hujjatni qanday imzolayman?,true,2026-08-04 00:00:00,2026-08-04 00:00:00
2252,375,Elektron imzo bilan hujjatni qanaqa imzolayman?,true,2026-08-04 00:00:00,2026-08-04 00:00:00
2253,375,Elektron imzo hujjatni imzolayman qanday?,true,2026-08-04 00:00:00,2026-08-04 00:00:00
2254,375,Elektron imzo hujjatni imzolayman haqida ma'lumot bering,true,2026-08-04 00:00:00,2026-08-04 00:00:00
2255,375,Elektron imzo hujjatni imzolayman bo'yicha ma'lumot kerak,true,2026-08-04 00:00:00,2026-08-04 00:00:00
2256,375,Menga elektron imzo hujjatni imzolayman haqida ayting,true,2026-08-04 00:00:00,2026-08-04 00:00:00
2257,376,Davlat xizmatlari o'zbek va rus tillarida mavjudmi?,true,2026-08-04 00:00:00,2026-08-04 00:00:00
2258,376,Davlat xizmatlari o'zbek rus tillarida mavjudmi qanday?,true,2026-08-04 00:00:00,2026-08-04 00:00:00
2259,376,Davlat xizmatlari o'zbek rus tillarida mavjudmi haqida ma'lumot bering,true,2026-08-04 00:00:00,2026-08-04 00:00:00
2260,376,Davlat xizmatlari o'zbek rus tillarida mavjudmi bo'yicha ma'lumot kerak,true,2026-08-04 00:00:00,2026-08-04 00:00:00
2261,376,Menga davlat xizmatlari o'zbek rus tillarida mavjudmi haqida ayting,true,2026-08-04 00:00:00,2026-08-04 00:00:00
2262,376,"Iltimos, ayting: davlat xizmatlari o'zbek va rus tillarida mavjudmi?",true,2026-08-04 00:00:00,2026-08-04 00:00:00
2263,377,Yosh bola nomidan davlat xizmatini kim rasmiylashtiradi?,true,2026-08-04 00:00:00,2026-08-04 00:00:00
2264,377,Yosh bola nomidan davlat xizmatini rasmiylashtiradi qanday?,true,2026-08-04 00:00:00,2026-08-04 00:00:00
2265,377,Yosh bola nomidan davlat xizmatini rasmiylashtiradi haqida ma'lumot bering,true,2026-08-04 00:00:00,2026-08-04 00:00:00
2266,377,Yosh bola nomidan davlat xizmatini rasmiylashtiradi bo'yicha ma'lumot kerak,true,2026-08-04 00:00:00,2026-08-04 00:00:00
2267,377,Menga yosh bola nomidan davlat xizmatini rasmiylashtiradi haqida ayting,true,2026-08-04 00:00:00,2026-08-04 00:00:00
2268,377,"Iltimos, ayting: yosh bola nomidan davlat xizmatini kim rasmiylashtiradi?",true,2026-08-04 00:00:00,2026-08-04 00:00:00
2269,378,Yo'qolgan yoki o'g'irlangan telefon (IMEI) bo'yicha qayerga murojaat?,true,2026-08-04 00:00:00,2026-08-04 00:00:00
2270,378,Yo'qolgan yoki o'g'irlangan telefon (IMEI) bo'yicha murojaat qanday?,true,2026-08-04 00:00:00,2026-08-04 00:00:00
2271,378,Yo'qolgan yoki o'g'irlangan telefon (IMEI) bo'yicha murojaat haqida ma'lumot bering,true,2026-08-04 00:00:00,2026-08-04 00:00:00
2272,378,Yo'qolgan yoki o'g'irlangan telefon (IMEI) bo'yicha murojaat bo'yicha ma'lumot kerak,true,2026-08-04 00:00:00,2026-08-04 00:00:00
2273,378,Menga yo'qolgan yoki o'g'irlangan telefon (imei) bo'yicha murojaat haqida ayting,true,2026-08-04 00:00:00,2026-08-04 00:00:00
2274,378,"Iltimos, ayting: yo'qolgan yoki o'g'irlangan telefon (IMEI) bo'yicha qayerga murojaat?",true,2026-08-04 00:00:00,2026-08-04 00:00:00
2275,379,Nogironlar uchun imtiyozli avtoturargoh/transport belgisi qanday olinadi?,true,2026-08-04 00:00:00,2026-08-04 00:00:00
2276,379,Nogironlar uchun imtiyozli avtoturargoh/transport belgisi qanday olsa bo'ladi?,true,2026-08-04 00:00:00,2026-08-04 00:00:00
2277,379,Nogironlar uchun imtiyozli avtoturargoh/transport belgisini qanday olaman?,true,2026-08-04 00:00:00,2026-08-04 00:00:00
2278,379,Nogironlar uchun imtiyozli avtoturargoh/transport belgisi olish tartibi qanday?,true,2026-08-04 00:00:00,2026-08-04 00:00:00
2279,379,Nogironlar uchun imtiyozli avtoturargoh/transport belgisi qanaqa olinadi?,true,2026-08-04 00:00:00,2026-08-04 00:00:00
2280,379,Nogironlar imtiyozli avtoturargoh/transport belgisi qanday?,true,2026-08-04 00:00:00,2026-08-04 00:00:00
2281,380,Voyaga yetmagan bolaning bank kartasi (yoshlar kartasi) qanday ochiladi?,true,2026-08-04 00:00:00,2026-08-04 00:00:00
2282,380,Voyaga yetmagan bolaning bank kartasi (yoshlar kartasi) qanaqa ochiladi?,true,2026-08-04 00:00:00,2026-08-04 00:00:00
2283,380,Voyaga yetmagan bolaning bank kartasi (yoshlar kartasi) ochiladi qanday?,true,2026-08-04 00:00:00,2026-08-04 00:00:00
2284,380,Voyaga yetmagan bolaning bank kartasi (yoshlar kartasi) ochiladi haqida ma'lumot bering,true,2026-08-04 00:00:00,2026-08-04 00:00:00
2285,380,Voyaga yetmagan bolaning bank kartasi (yoshlar kartasi) ochiladi bo'yicha ma'lumot kerak,true,2026-08-04 00:00:00,2026-08-04 00:00:00
2286,380,Menga voyaga yetmagan bolaning bank kartasi (yoshlar kartasi) ochiladi haqida ayting,true,2026-08-04 00:00:00,2026-08-04 00:00:00
2287,381,Chet elga chiqishdan oldin qarz yoki taqiq yo'qligini qanday tekshiraman?,true,2026-08-04 00:00:00,2026-08-04 00:00:00
2288,381,Chet elga chiqishdan oldin qarz yoki taqiq yo'qligini qanaqa tekshiraman?,true,2026-08-04 00:00:00,2026-08-04 00:00:00
2289,381,Chet elga chiqishdan oldin qarz yoki taqiq yo'qligini tekshiraman qanday?,true,2026-08-04 00:00:00,2026-08-04 00:00:00
2290,381,Chet elga chiqishdan oldin qarz yoki taqiq yo'qligini tekshiraman haqida ma'lumot bering,true,2026-08-04 00:00:00,2026-08-04 00:00:00
2291,381,Chet elga chiqishdan oldin qarz yoki taqiq yo'qligini tekshiraman bo'yicha ma'lumot kerak,true,2026-08-04 00:00:00,2026-08-04 00:00:00
2292,381,Menga chet elga chiqishdan oldin qarz yoki taqiq yo'qligini tekshiraman haqida ayting,true,2026-08-04 00:00:00,2026-08-04 00:00:00
2293,382,ID-kartada JSHSHIR yoki boshqa ma'lumot xato yozilgan bo'lsa nima qilinadi?,true,2026-08-04 00:00:00,2026-08-04 00:00:00
2294,382,ID-kartada JSHSHIR yoki boshqa ma'lumot xato yozilgan bo'lsa qanday?,true,2026-08-04 00:00:00,2026-08-04 00:00:00
2295,382,ID-kartada JSHSHIR yoki boshqa ma'lumot xato yozilgan bo'lsa haqida ma'lumot bering,true,2026-08-04 00:00:00,2026-08-04 00:00:00
2296,382,ID-kartada JSHSHIR yoki boshqa ma'lumot xato yozilgan bo'lsa bo'yicha ma'lumot kerak,true,2026-08-04 00:00:00,2026-08-04 00:00:00
2297,382,Menga id-kartada jshshir yoki boshqa ma'lumot xato yozilgan bo'lsa haqida ayting,true,2026-08-04 00:00:00,2026-08-04 00:00:00
2298,382,"Iltimos, ayting: iD-kartada JSHSHIR yoki boshqa ma'lumot xato yozilgan bo'lsa nima qilinadi?",true,2026-08-04 00:00:00,2026-08-04 00:00:00
2299,383,Bir vaqtda ikkita amaldagi shaxsni tasdiqlovchi hujjat bo'lishi mumkinmi?,true,2026-08-04 00:00:00,2026-08-04 00:00:00
2300,383,Bir vaqtda ikkita amaldagi shaxsni tasdiqlovchi hujjat bo'lishi mumkin bo'ladimi?,true,2026-08-04 00:00:00,2026-08-04 00:00:00
2301,383,Bir vaqtda ikkita amaldagi shaxsni tasdiqlovchi hujjat bo'lishiga ruxsat beriladimi?,true,2026-08-04 00:00:00,2026-08-04 00:00:00
2302,383,Bir vaqtda ikkita amaldagi shaxsni tasdiqlovchi hujjat bo'lishi imkoni bormi?,true,2026-08-04 00:00:00,2026-08-04 00:00:00
2303,383,Bir vaqtda ikkita amaldagi shaxsni tasdiqlovchi hujjat bo'lishi qanday?,true,2026-08-04 00:00:00,2026-08-04 00:00:00
2304,383,Bir vaqtda ikkita amaldagi shaxsni tasdiqlovchi hujjat bo'lishi haqida ma'lumot bering,true,2026-08-04 00:00:00,2026-08-04 00:00:00
2305,384,Fuqarolikni tasdiqlovchi hujjat sifatida nima ishlaydi?,true,2026-08-04 00:00:00,2026-08-04 00:00:00
2306,384,Fuqarolikni tasdiqlovchi hujjat sifatida ishlaydi qanday?,true,2026-08-04 00:00:00,2026-08-04 00:00:00
2307,384,Fuqarolikni tasdiqlovchi hujjat sifatida ishlaydi haqida ma'lumot bering,true,2026-08-04 00:00:00,2026-08-04 00:00:00
2308,384,Fuqarolikni tasdiqlovchi hujjat sifatida ishlaydi bo'yicha ma'lumot kerak,true,2026-08-04 00:00:00,2026-08-04 00:00:00
2309,384,Menga fuqarolikni tasdiqlovchi hujjat sifatida ishlaydi haqida ayting,true,2026-08-04 00:00:00,2026-08-04 00:00:00
2310,384,"Iltimos, ayting: fuqarolikni tasdiqlovchi hujjat sifatida nima ishlaydi?",true,2026-08-04 00:00:00,2026-08-04 00:00:00
2311,385,Harakatlana olmaydigan yoki og'ir kasal shaxsga ID-karta qanday rasmiylashtiriladi?,true,2026-08-04 00:00:00,2026-08-04 00:00:00
2312,385,Harakatlana olmaydigan yoki og'ir kasal shaxsga ID-kartani rasmiylashtirish tartibi qanday?,true,2026-08-04 00:00:00,2026-08-04 00:00:00
2313,385,Harakatlana olmaydigan yoki og'ir kasal shaxsga ID-karta qanday rasmiylashtirsa bo'ladi?,true,2026-08-04 00:00:00,2026-08-04 00:00:00
2314,385,Harakatlana olmaydigan yoki og'ir kasal shaxsga ID-karta qanday amalga oshiriladi?,true,2026-08-04 00:00:00,2026-08-04 00:00:00
2315,385,Harakatlana olmaydigan yoki og'ir kasal shaxsga ID-karta qanaqa rasmiylashtiriladi?,true,2026-08-04 00:00:00,2026-08-04 00:00:00
2316,385,Harakatlana olmaydigan yoki og'ir kasal shaxsga ID-karta qanday?,true,2026-08-04 00:00:00,2026-08-04 00:00:00
2317,386,Chet elda pasport muddati tugasa nima qilinadi?,true,2026-08-04 00:00:00,2026-08-04 00:00:00
2318,386,Chet elda pasport muddati tugasa qanday?,true,2026-08-04 00:00:00,2026-08-04 00:00:00
2319,386,Chet elda pasport muddati tugasa haqida ma'lumot bering,true,2026-08-04 00:00:00,2026-08-04 00:00:00
2320,386,Chet elda pasport muddati tugasa bo'yicha ma'lumot kerak,true,2026-08-04 00:00:00,2026-08-04 00:00:00
2321,386,Menga chet elda pasport muddati tugasa haqida ayting,true,2026-08-04 00:00:00,2026-08-04 00:00:00
2322,386,"Iltimos, ayting: chet elda pasport muddati tugasa nima qilinadi?",true,2026-08-04 00:00:00,2026-08-04 00:00:00
2323,387,ID-karta o'g'irlansa qanday choralar ko'riladi?,true,2026-08-04 00:00:00,2026-08-04 00:00:00
2324,387,ID-karta o'g'irlansa qanaqa choralar ko'riladi?,true,2026-08-04 00:00:00,2026-08-04 00:00:00
2325,387,ID-karta o'g'irlansa choralar ko'riladi qanday?,true,2026-08-04 00:00:00,2026-08-04 00:00:00
2326,387,ID-karta o'g'irlansa choralar ko'riladi haqida ma'lumot bering,true,2026-08-04 00:00:00,2026-08-04 00:00:00
2327,387,ID-karta o'g'irlansa choralar ko'riladi bo'yicha ma'lumot kerak,true,2026-08-04 00:00:00,2026-08-04 00:00:00
2328,387,Menga id-karta o'g'irlansa choralar ko'riladi haqida ayting,true,2026-08-04 00:00:00,2026-08-04 00:00:00
2329,388,Takroriy (ikkinchi marta) nikoh qanday qayd etiladi?,true,2026-08-04 00:00:00,2026-08-04 00:00:00
2330,388,Takroriy (ikkinchi marta) nikoh qanaqa qayd etiladi?,true,2026-08-04 00:00:00,2026-08-04 00:00:00
2331,388,Takroriy (ikkinchi marta) nikoh qayd etiladi qanday?,true,2026-08-04 00:00:00,2026-08-04 00:00:00
2332,388,Takroriy (ikkinchi marta) nikoh qayd etiladi haqida ma'lumot bering,true,2026-08-04 00:00:00,2026-08-04 00:00:00
2333,388,Takroriy (ikkinchi marta) nikoh qayd etiladi bo'yicha ma'lumot kerak,true,2026-08-04 00:00:00,2026-08-04 00:00:00
2334,388,Menga takroriy (ikkinchi marta) nikoh qayd etiladi haqida ayting,true,2026-08-04 00:00:00,2026-08-04 00:00:00
2335,389,Nikohni haqiqiy emas deb topish qanday amalga oshiriladi?,true,2026-08-04 00:00:00,2026-08-04 00:00:00
2336,389,Nikohni haqiqiy emas deb topish qanday bajariladi?,true,2026-08-04 00:00:00,2026-08-04 00:00:00
2337,389,Nikohni haqiqiy emas deb topish tartibi qanday?,true,2026-08-04 00:00:00,2026-08-04 00:00:00
2338,389,Nikohni haqiqiy emas deb topish qanday qilinadi?,true,2026-08-04 00:00:00,2026-08-04 00:00:00
2339,389,Nikohni haqiqiy emas deb topish qanaqa amalga oshiriladi?,true,2026-08-04 00:00:00,2026-08-04 00:00:00
2340,389,Nikohni haqiqiy emas deb topish qanday?,true,2026-08-04 00:00:00,2026-08-04 00:00:00
2341,390,Bola familiyasi ota familiyasini olishi shartmi?,true,2026-08-04 00:00:00,2026-08-04 00:00:00
2342,390,Bola familiyasi ota familiyasini olishi qanday?,true,2026-08-04 00:00:00,2026-08-04 00:00:00
2343,390,Bola familiyasi ota familiyasini olishi haqida ma'lumot bering,true,2026-08-04 00:00:00,2026-08-04 00:00:00
2344,390,Bola familiyasi ota familiyasini olishi bo'yicha ma'lumot kerak,true,2026-08-04 00:00:00,2026-08-04 00:00:00
2345,390,Menga bola familiyasi ota familiyasini olishi haqida ayting,true,2026-08-04 00:00:00,2026-08-04 00:00:00
2346,390,"Iltimos, ayting: bola familiyasi ota familiyasini olishi shartmi?",true,2026-08-04 00:00:00,2026-08-04 00:00:00
2347,391,Ota-ona vafot etgach bolaning hujjatlarini kim rasmiylashtiradi?,true,2026-08-04 00:00:00,2026-08-04 00:00:00
2348,391,Ota-ona vafot etgach bolaning hujjatlarini rasmiylashtiradi qanday?,true,2026-08-04 00:00:00,2026-08-04 00:00:00
2349,391,Ota-ona vafot etgach bolaning hujjatlarini rasmiylashtiradi haqida ma'lumot bering,true,2026-08-04 00:00:00,2026-08-04 00:00:00
2350,391,Ota-ona vafot etgach bolaning hujjatlarini rasmiylashtiradi bo'yicha ma'lumot kerak,true,2026-08-04 00:00:00,2026-08-04 00:00:00
2351,391,Menga ota-ona vafot etgach bolaning hujjatlarini rasmiylashtiradi haqida ayting,true,2026-08-04 00:00:00,2026-08-04 00:00:00
2352,391,"Iltimos, ayting: ota-ona vafot etgach bolaning hujjatlarini kim rasmiylashtiradi?",true,2026-08-04 00:00:00,2026-08-04 00:00:00
2353,392,Guvohnomadagi sana yoki ma'lumotni tuzatish mumkinmi?,true,2026-08-04 00:00:00,2026-08-04 00:00:00
2354,392,Guvohnomadagi sana yoki ma'lumotni tuzatish mumkin bo'ladimi?,true,2026-08-04 00:00:00,2026-08-04 00:00:00
2355,392,Guvohnomadagi sana yoki ma'lumotni tuzatishga ruxsat beriladimi?,true,2026-08-04 00:00:00,2026-08-04 00:00:00
2356,392,Guvohnomadagi sana yoki ma'lumotni tuzatish imkoni bormi?,true,2026-08-04 00:00:00,2026-08-04 00:00:00
2357,392,Guvohnomadagi sana yoki ma'lumotni tuzatish qanday?,true,2026-08-04 00:00:00,2026-08-04 00:00:00
2358,392,Guvohnomadagi sana yoki ma'lumotni tuzatish haqida ma'lumot bering,true,2026-08-04 00:00:00,2026-08-04 00:00:00
2359,393,Nikohga bir tomon kelmasa qayd etiladimi?,true,2026-08-04 00:00:00,2026-08-04 00:00:00
2360,393,Nikohga bir tomon kelmasa qayd etiladimi qanday?,true,2026-08-04 00:00:00,2026-08-04 00:00:00
2361,393,Nikohga bir tomon kelmasa qayd etiladimi haqida ma'lumot bering,true,2026-08-04 00:00:00,2026-08-04 00:00:00
2362,393,Nikohga bir tomon kelmasa qayd etiladimi bo'yicha ma'lumot kerak,true,2026-08-04 00:00:00,2026-08-04 00:00:00
2363,393,Menga nikohga bir tomon kelmasa qayd etiladimi haqida ayting,true,2026-08-04 00:00:00,2026-08-04 00:00:00
2364,393,"Iltimos, ayting: nikohga bir tomon kelmasa qayd etiladimi?",true,2026-08-04 00:00:00,2026-08-04 00:00:00
2365,394,FHDYO rad etsa qayerga shikoyat qilinadi?,true,2026-08-04 00:00:00,2026-08-04 00:00:00
2366,394,FHDYO rad etsa shikoyat qanday?,true,2026-08-04 00:00:00,2026-08-04 00:00:00
2367,394,FHDYO rad etsa shikoyat haqida ma'lumot bering,true,2026-08-04 00:00:00,2026-08-04 00:00:00
2368,394,FHDYO rad etsa shikoyat bo'yicha ma'lumot kerak,true,2026-08-04 00:00:00,2026-08-04 00:00:00
2369,394,Menga fhdyo rad etsa shikoyat haqida ayting,true,2026-08-04 00:00:00,2026-08-04 00:00:00
2370,394,"Iltimos, ayting: fHDYO rad etsa qayerga shikoyat qilinadi?",true,2026-08-04 00:00:00,2026-08-04 00:00:00
2371,395,Bolani ikkinchi ota-ona roziligisiz ro'yxatga olish mumkinmi?,true,2026-08-04 00:00:00,2026-08-04 00:00:00
2372,395,Bolani ikkinchi ota-ona roziligisiz ro'yxatga olish mumkin bo'ladimi?,true,2026-08-04 00:00:00,2026-08-04 00:00:00
2373,395,Bolani ikkinchi ota-ona roziligisiz ro'yxatga olishga ruxsat beriladimi?,true,2026-08-04 00:00:00,2026-08-04 00:00:00
2374,395,Bolani ikkinchi ota-ona roziligisiz ro'yxatga olish imkoni bormi?,true,2026-08-04 00:00:00,2026-08-04 00:00:00
2375,395,Bolani ikkinchi ota-ona roziligisiz ro'yxatga olish qanday?,true,2026-08-04 00:00:00,2026-08-04 00:00:00
2376,395,Bolani ikkinchi ota-ona roziligisiz ro'yxatga olish haqida ma'lumot bering,true,2026-08-04 00:00:00,2026-08-04 00:00:00
2377,396,Uy sotilganda unda ro'yxatda turganlar nima qiladi?,true,2026-08-04 00:00:00,2026-08-04 00:00:00
2378,396,Uy sotilganda unda ro'yxatda turganlar qiladi qanday?,true,2026-08-04 00:00:00,2026-08-04 00:00:00
2379,396,Uy sotilganda unda ro'yxatda turganlar qiladi haqida ma'lumot bering,true,2026-08-04 00:00:00,2026-08-04 00:00:00
2380,396,Uy sotilganda unda ro'yxatda turganlar qiladi bo'yicha ma'lumot kerak,true,2026-08-04 00:00:00,2026-08-04 00:00:00
2381,396,Menga uy sotilganda unda ro'yxatda turganlar qiladi haqida ayting,true,2026-08-04 00:00:00,2026-08-04 00:00:00
2382,396,"Iltimos, ayting: uy sotilganda unda ro'yxatda turganlar nima qiladi?",true,2026-08-04 00:00:00,2026-08-04 00:00:00
2383,397,Yashash guvohnomasini yo'qotgan chet ellik nima qiladi?,true,2026-08-04 00:00:00,2026-08-04 00:00:00
2384,397,Yashash guvohnomasini yo'qotgan chet ellik qiladi qanday?,true,2026-08-04 00:00:00,2026-08-04 00:00:00
2385,397,Yashash guvohnomasini yo'qotgan chet ellik qiladi haqida ma'lumot bering,true,2026-08-04 00:00:00,2026-08-04 00:00:00
2386,397,Yashash guvohnomasini yo'qotgan chet ellik qiladi bo'yicha ma'lumot kerak,true,2026-08-04 00:00:00,2026-08-04 00:00:00
2387,397,Menga yashash guvohnomasini yo'qotgan chet ellik qiladi haqida ayting,true,2026-08-04 00:00:00,2026-08-04 00:00:00
2388,397,"Iltimos, ayting: yashash guvohnomasini yo'qotgan chet ellik nima qiladi?",true,2026-08-04 00:00:00,2026-08-04 00:00:00
2389,398,Ro'yxatdan chiqarish (vipiska) qanday amalga oshiriladi?,true,2026-08-04 00:00:00,2026-08-04 00:00:00
2390,398,Ro'yxatdan chiqarish (vipiska) qanday bajariladi?,true,2026-08-04 00:00:00,2026-08-04 00:00:00
2391,398,Ro'yxatdan chiqarish (vipiska) tartibi qanday?,true,2026-08-04 00:00:00,2026-08-04 00:00:00
2392,398,Ro'yxatdan chiqarish (vipiska) qanday qilinadi?,true,2026-08-04 00:00:00,2026-08-04 00:00:00
2393,398,Ro'yxatdan chiqarish (vipiska) qanaqa amalga oshiriladi?,true,2026-08-04 00:00:00,2026-08-04 00:00:00
2394,398,Ro'yxatdan chiqarish (vipiska) qanday?,true,2026-08-04 00:00:00,2026-08-04 00:00:00
2395,399,O'zbekistondan chiqib ketgan fuqaro qayta kirganda ro'yxat qanday tiklanadi?,true,2026-08-04 00:00:00,2026-08-04 00:00:00
2396,399,O'zbekistondan chiqib ketgan fuqaro qayta kirganda ro'yxat qanaqa tiklanadi?,true,2026-08-04 00:00:00,2026-08-04 00:00:00
2397,399,O'zbekistondan chiqib ketgan fuqaro qayta kirganda ro'yxat tiklanadi qanday?,true,2026-08-04 00:00:00,2026-08-04 00:00:00
2398,399,O'zbekistondan chiqib ketgan fuqaro qayta kirganda ro'yxat tiklanadi haqida ma'lumot bering,true,2026-08-04 00:00:00,2026-08-04 00:00:00
2399,399,O'zbekistondan chiqib ketgan fuqaro qayta kirganda ro'yxat tiklanadi bo'yicha ma'lumot kerak,true,2026-08-04 00:00:00,2026-08-04 00:00:00
2400,399,Menga o'zbekistondan chiqib ketgan fuqaro qayta kirganda ro'yxat tiklanadi haqida ayting,true,2026-08-04 00:00:00,2026-08-04 00:00:00
2401,400,Chet ellik ishga kelganda mehnat tasdiqnomasi ro'yxatga bog'liqmi?,true,2026-08-04 00:00:00,2026-08-04 00:00:00
2402,400,Chet ellik ishga kelganda mehnat tasdiqnomasi ro'yxatga bog'liqmi qanday?,true,2026-08-04 00:00:00,2026-08-04 00:00:00
2403,400,Chet ellik ishga kelganda mehnat tasdiqnomasi ro'yxatga bog'liqmi haqida ma'lumot bering,true,2026-08-04 00:00:00,2026-08-04 00:00:00
2404,400,Chet ellik ishga kelganda mehnat tasdiqnomasi ro'yxatga bog'liqmi bo'yicha ma'lumot kerak,true,2026-08-04 00:00:00,2026-08-04 00:00:00
2405,400,Menga chet ellik ishga kelganda mehnat tasdiqnomasi ro'yxatga bog'liqmi haqida ayting,true,2026-08-04 00:00:00,2026-08-04 00:00:00
2406,400,"Iltimos, ayting: chet ellik ishga kelganda mehnat tasdiqnomasi ro'yxatga bog'liqmi?",true,2026-08-04 00:00:00,2026-08-04 00:00:00
2407,401,Eski ish joyi tugatilgan bo'lsa ish stajini qanday tasdiqlanadi?,true,2026-08-04 00:00:00,2026-08-04 00:00:00
2408,401,Eski ish joyi tugatilgan bo'lsa ish stajini qanaqa tasdiqlanadi?,true,2026-08-04 00:00:00,2026-08-04 00:00:00
2409,401,Eski ish joyi tugatilgan bo'lsa ish stajini tasdiqlanadi qanday?,true,2026-08-04 00:00:00,2026-08-04 00:00:00
2410,401,Eski ish joyi tugatilgan bo'lsa ish stajini tasdiqlanadi haqida ma'lumot bering,true,2026-08-04 00:00:00,2026-08-04 00:00:00
2411,401,Eski ish joyi tugatilgan bo'lsa ish stajini tasdiqlanadi bo'yicha ma'lumot kerak,true,2026-08-04 00:00:00,2026-08-04 00:00:00
2412,401,Menga eski ish joyi tugatilgan bo'lsa ish stajini tasdiqlanadi haqida ayting,true,2026-08-04 00:00:00,2026-08-04 00:00:00
2413,402,Diplom yoki attestat haqiqiyligini tasdiqlovchi ma'lumot qayerdan olinadi?,true,2026-08-04 00:00:00,2026-08-04 00:00:00
2414,402,Diplom yoki attestat haqiqiyligini tasdiqlovchi ma'lumot qanday?,true,2026-08-04 00:00:00,2026-08-04 00:00:00
2415,402,Diplom yoki attestat haqiqiyligini tasdiqlovchi ma'lumot haqida ma'lumot bering,true,2026-08-04 00:00:00,2026-08-04 00:00:00
2416,402,Diplom yoki attestat haqiqiyligini tasdiqlovchi ma'lumot bo'yicha ma'lumot kerak,true,2026-08-04 00:00:00,2026-08-04 00:00:00
2417,402,Menga diplom yoki attestat haqiqiyligini tasdiqlovchi ma'lumot haqida ayting,true,2026-08-04 00:00:00,2026-08-04 00:00:00
2418,402,"Iltimos, ayting: diplom yoki attestat haqiqiyligini tasdiqlovchi ma'lumot qayerdan olinadi?",true,2026-08-04 00:00:00,2026-08-04 00:00:00
2419,403,Bank kartasidagi mablag' harakati (vipiska) qanday olinadi?,true,2026-08-04 00:00:00,2026-08-04 00:00:00
2420,403,Bank kartasidagi mablag' harakati (vipiska) qanday olsa bo'ladi?,true,2026-08-04 00:00:00,2026-08-04 00:00:00
2421,403,Bank kartasidagi mablag' harakati (vipiska)ni qanday olaman?,true,2026-08-04 00:00:00,2026-08-04 00:00:00
2422,403,Bank kartasidagi mablag' harakati (vipiska) olish tartibi qanday?,true,2026-08-04 00:00:00,2026-08-04 00:00:00
2423,403,Bank kartasidagi mablag' harakati (vipiska) qanaqa olinadi?,true,2026-08-04 00:00:00,2026-08-04 00:00:00
2424,403,Bank kartasidagi mablag' harakati (vipiska) qanday?,true,2026-08-04 00:00:00,2026-08-04 00:00:00
2425,404,Uy daftaridan ko'chirma (oila tarkibi) qanday olinadi?,true,2026-08-04 00:00:00,2026-08-04 00:00:00
2426,404,Uy daftaridan ko'chirma (oila tarkibi) qanday olsa bo'ladi?,true,2026-08-04 00:00:00,2026-08-04 00:00:00
2427,404,Uy daftaridan ko'chirma (oila tarkibi)ni qanday olaman?,true,2026-08-04 00:00:00,2026-08-04 00:00:00
2428,404,Uy daftaridan ko'chirma (oila tarkibi) olish tartibi qanday?,true,2026-08-04 00:00:00,2026-08-04 00:00:00
2429,404,Uy daftaridan ko'chirma (oila tarkibi) qanaqa olinadi?,true,2026-08-04 00:00:00,2026-08-04 00:00:00
2430,404,Uy daftaridan ko'chirma (oila tarkibi) qanday?,true,2026-08-04 00:00:00,2026-08-04 00:00:00
2431,405,Nogironlik guruhini tasdiqlovchi ma'lumotnoma qayerdan olinadi?,true,2026-08-04 00:00:00,2026-08-04 00:00:00
2432,405,Nogironlik guruhini tasdiqlovchi ma'lumotnoma qanday?,true,2026-08-04 00:00:00,2026-08-04 00:00:00
2433,405,Nogironlik guruhini tasdiqlovchi ma'lumotnoma haqida ma'lumot bering,true,2026-08-04 00:00:00,2026-08-04 00:00:00
2434,405,Nogironlik guruhini tasdiqlovchi ma'lumotnoma bo'yicha ma'lumot kerak,true,2026-08-04 00:00:00,2026-08-04 00:00:00
2435,405,Menga nogironlik guruhini tasdiqlovchi ma'lumotnoma haqida ayting,true,2026-08-04 00:00:00,2026-08-04 00:00:00
2436,405,"Iltimos, ayting: nogironlik guruhini tasdiqlovchi ma'lumotnoma qayerdan olinadi?",true,2026-08-04 00:00:00,2026-08-04 00:00:00
2437,406,Umumiy mulkni sotishda barcha egalar roziligi shartmi?,true,2026-08-04 00:00:00,2026-08-04 00:00:00
2438,406,Umumiy mulkni sotishda barcha egalar roziligi qanday?,true,2026-08-04 00:00:00,2026-08-04 00:00:00
2439,406,Umumiy mulkni sotishda barcha egalar roziligi haqida ma'lumot bering,true,2026-08-04 00:00:00,2026-08-04 00:00:00
2440,406,Umumiy mulkni sotishda barcha egalar roziligi bo'yicha ma'lumot kerak,true,2026-08-04 00:00:00,2026-08-04 00:00:00
2441,406,Menga umumiy mulkni sotishda barcha egalar roziligi haqida ayting,true,2026-08-04 00:00:00,2026-08-04 00:00:00
2442,406,"Iltimos, ayting: umumiy mulkni sotishda barcha egalar roziligi shartmi?",true,2026-08-04 00:00:00,2026-08-04 00:00:00
2443,407,Vasiyatnomani o'zgartirish yoki bekor qilish qanday?,true,2026-08-04 00:00:00,2026-08-04 00:00:00
2444,407,Vasiyatnomani o'zgartirish yoki bekor qilish qanaqa?,true,2026-08-04 00:00:00,2026-08-04 00:00:00
2445,407,Vasiyatnomani o'zgartirish yoki bekor qilish haqida ma'lumot bering,true,2026-08-04 00:00:00,2026-08-04 00:00:00
2446,407,Vasiyatnomani o'zgartirish yoki bekor qilish bo'yicha ma'lumot kerak,true,2026-08-04 00:00:00,2026-08-04 00:00:00
2447,407,Menga vasiyatnomani o'zgartirish yoki bekor qilish haqida ayting,true,2026-08-04 00:00:00,2026-08-04 00:00:00
2448,407,"Iltimos, ayting: vasiyatnomani o'zgartirish yoki bekor qilish qanday?",true,2026-08-04 00:00:00,2026-08-04 00:00:00
2449,408,Notarial tarjima uchun qanday hujjat kerak?,true,2026-08-04 00:00:00,2026-08-04 00:00:00
2450,408,Notarial tarjima uchun qanaqa hujjat kerak?,true,2026-08-04 00:00:00,2026-08-04 00:00:00
2451,408,Notarial tarjima hujjat qanday?,true,2026-08-04 00:00:00,2026-08-04 00:00:00
2452,408,Notarial tarjima hujjat haqida ma'lumot bering,true,2026-08-04 00:00:00,2026-08-04 00:00:00
2453,408,Notarial tarjima hujjat bo'yicha ma'lumot kerak,true,2026-08-04 00:00:00,2026-08-04 00:00:00
2454,408,Menga notarial tarjima hujjat haqida ayting,true,2026-08-04 00:00:00,2026-08-04 00:00:00
2455,409,Ishonchnoma muddati qancha bo'lishi mumkin?,true,2026-08-04 00:00:00,2026-08-04 00:00:00
2456,409,Ishonchnoma muddati bo'lishi qanday?,true,2026-08-04 00:00:00,2026-08-04 00:00:00
2457,409,Ishonchnoma muddati bo'lishi haqida ma'lumot bering,true,2026-08-04 00:00:00,2026-08-04 00:00:00
2458,409,Ishonchnoma muddati bo'lishi bo'yicha ma'lumot kerak,true,2026-08-04 00:00:00,2026-08-04 00:00:00
2459,409,Menga ishonchnoma muddati bo'lishi haqida ayting,true,2026-08-04 00:00:00,2026-08-04 00:00:00
2460,409,"Iltimos, ayting: ishonchnoma muddati qancha bo'lishi mumkin?",true,2026-08-04 00:00:00,2026-08-04 00:00:00
2461,410,Notarius harakatni rad etsa nima qilinadi?,true,2026-08-04 00:00:00,2026-08-04 00:00:00
2462,410,Notarius harakatni rad etsa qanday?,true,2026-08-04 00:00:00,2026-08-04 00:00:00
2463,410,Notarius harakatni rad etsa haqida ma'lumot bering,true,2026-08-04 00:00:00,2026-08-04 00:00:00
2464,410,Notarius harakatni rad etsa bo'yicha ma'lumot kerak,true,2026-08-04 00:00:00,2026-08-04 00:00:00
2465,410,Menga notarius harakatni rad etsa haqida ayting,true,2026-08-04 00:00:00,2026-08-04 00:00:00
2466,410,"Iltimos, ayting: notarius harakatni rad etsa nima qilinadi?",true,2026-08-04 00:00:00,2026-08-04 00:00:00
2467,411,Uy-joyni sovg'a (hadya) qilishda soliq yoki boj bormi?,true,2026-08-04 00:00:00,2026-08-04 00:00:00
2468,411,Uy-joyni sovg'a (hadya) qilishda soliq yoki boj qanday?,true,2026-08-04 00:00:00,2026-08-04 00:00:00
2469,411,Uy-joyni sovg'a (hadya) qilishda soliq yoki boj haqida ma'lumot bering,true,2026-08-04 00:00:00,2026-08-04 00:00:00
2470,411,Uy-joyni sovg'a (hadya) qilishda soliq yoki boj bo'yicha ma'lumot kerak,true,2026-08-04 00:00:00,2026-08-04 00:00:00
2471,411,Menga uy-joyni sovg'a (hadya) qilishda soliq yoki boj haqida ayting,true,2026-08-04 00:00:00,2026-08-04 00:00:00
2472,411,"Iltimos, ayting: uy-joyni sovg'a (hadya) qilishda soliq yoki boj bormi?",true,2026-08-04 00:00:00,2026-08-04 00:00:00
2473,412,Yer uchastkasi maqsadli belgilanishini o'zgartirish mumkinmi?,true,2026-08-04 00:00:00,2026-08-04 00:00:00
2474,412,Yer uchastkasi maqsadli belgilanishini o'zgartirish mumkin bo'ladimi?,true,2026-08-04 00:00:00,2026-08-04 00:00:00
2475,412,Yer uchastkasi maqsadli belgilanishini o'zgartirishga ruxsat beriladimi?,true,2026-08-04 00:00:00,2026-08-04 00:00:00
2476,412,Yer uchastkasi maqsadli belgilanishini o'zgartirish imkoni bormi?,true,2026-08-04 00:00:00,2026-08-04 00:00:00
2477,412,Yer uchastkasi maqsadli belgilanishini o'zgartirish qanday?,true,2026-08-04 00:00:00,2026-08-04 00:00:00
2478,412,Yer uchastkasi maqsadli belgilanishini o'zgartirish haqida ma'lumot bering,true,2026-08-04 00:00:00,2026-08-04 00:00:00
2479,413,Qo'shni bilan yer chegarasi nizosi qayerda hal qilinadi?,true,2026-08-04 00:00:00,2026-08-04 00:00:00
2480,413,Qo'shni yer chegarasi nizosi qanday?,true,2026-08-04 00:00:00,2026-08-04 00:00:00
2481,413,Qo'shni yer chegarasi nizosi haqida ma'lumot bering,true,2026-08-04 00:00:00,2026-08-04 00:00:00
2482,413,Qo'shni yer chegarasi nizosi bo'yicha ma'lumot kerak,true,2026-08-04 00:00:00,2026-08-04 00:00:00
2483,413,Menga qo'shni yer chegarasi nizosi haqida ayting,true,2026-08-04 00:00:00,2026-08-04 00:00:00
2484,413,"Iltimos, ayting: qo'shni bilan yer chegarasi nizosi qayerda hal qilinadi?",true,2026-08-04 00:00:00,2026-08-04 00:00:00
2485,414,Ko'chmas mulkka xatlash (arest) qo'yilsa nima qilinadi?,true,2026-08-04 00:00:00,2026-08-04 00:00:00
2486,414,Ko'chmas mulkka xatlash (arest) qo'yilsa qanday?,true,2026-08-04 00:00:00,2026-08-04 00:00:00
2487,414,Ko'chmas mulkka xatlash (arest) qo'yilsa haqida ma'lumot bering,true,2026-08-04 00:00:00,2026-08-04 00:00:00
2488,414,Ko'chmas mulkka xatlash (arest) qo'yilsa bo'yicha ma'lumot kerak,true,2026-08-04 00:00:00,2026-08-04 00:00:00
2489,414,Menga ko'chmas mulkka xatlash (arest) qo'yilsa haqida ayting,true,2026-08-04 00:00:00,2026-08-04 00:00:00
2490,414,"Iltimos, ayting: ko'chmas mulkka xatlash (arest) qo'yilsa nima qilinadi?",true,2026-08-04 00:00:00,2026-08-04 00:00:00
2491,415,Yangi qurilgan uyni kadastrga qanday kiritiladi?,true,2026-08-04 00:00:00,2026-08-04 00:00:00
2492,415,Yangi qurilgan uyni kadastrga qanaqa kiritiladi?,true,2026-08-04 00:00:00,2026-08-04 00:00:00
2493,415,Yangi qurilgan uyni kadastrga kiritiladi qanday?,true,2026-08-04 00:00:00,2026-08-04 00:00:00
2494,415,Yangi qurilgan uyni kadastrga kiritiladi haqida ma'lumot bering,true,2026-08-04 00:00:00,2026-08-04 00:00:00
2495,415,Yangi qurilgan uyni kadastrga kiritiladi bo'yicha ma'lumot kerak,true,2026-08-04 00:00:00,2026-08-04 00:00:00
2496,415,Menga yangi qurilgan uyni kadastrga kiritiladi haqida ayting,true,2026-08-04 00:00:00,2026-08-04 00:00:00
2497,416,Reyestrdagi eski egalik yozuvini qanday yangilanadi?,true,2026-08-04 00:00:00,2026-08-04 00:00:00
2498,416,Reyestrdagi eski egalik yozuvini qanaqa yangilanadi?,true,2026-08-04 00:00:00,2026-08-04 00:00:00
2499,416,Reyestrdagi eski egalik yozuvini yangilanadi qanday?,true,2026-08-04 00:00:00,2026-08-04 00:00:00
2500,416,Reyestrdagi eski egalik yozuvini yangilanadi haqida ma'lumot bering,true,2026-08-04 00:00:00,2026-08-04 00:00:00
2501,416,Reyestrdagi eski egalik yozuvini yangilanadi bo'yicha ma'lumot kerak,true,2026-08-04 00:00:00,2026-08-04 00:00:00
2502,416,Menga reyestrdagi eski egalik yozuvini yangilanadi haqida ayting,true,2026-08-04 00:00:00,2026-08-04 00:00:00
2503,417,Transport vositasini vaqtincha hisobdan chiqarish mumkinmi?,true,2026-08-04 00:00:00,2026-08-04 00:00:00
2504,417,Transport vositasini vaqtincha hisobdan chiqarish mumkin bo'ladimi?,true,2026-08-04 00:00:00,2026-08-04 00:00:00
2505,417,Transport vositasini vaqtincha hisobdan chiqarishga ruxsat beriladimi?,true,2026-08-04 00:00:00,2026-08-04 00:00:00
2506,417,Transport vositasini vaqtincha hisobdan chiqarish imkoni bormi?,true,2026-08-04 00:00:00,2026-08-04 00:00:00
2507,417,Transport vositasini vaqtincha hisobdan chiqarish qanday?,true,2026-08-04 00:00:00,2026-08-04 00:00:00
2508,417,Transport vositasini vaqtincha hisobdan chiqarish haqida ma'lumot bering,true,2026-08-04 00:00:00,2026-08-04 00:00:00
2509,418,Avtomobil rangi yoki dvigateli o'zgartirilsa qayd etiladimi?,true,2026-08-04 00:00:00,2026-08-04 00:00:00
2510,418,Avtomobil rangi yoki dvigateli o'zgartirilsa qayd etiladimi qanday?,true,2026-08-04 00:00:00,2026-08-04 00:00:00
2511,418,Avtomobil rangi yoki dvigateli o'zgartirilsa qayd etiladimi haqida ma'lumot bering,true,2026-08-04 00:00:00,2026-08-04 00:00:00
2512,418,Avtomobil rangi yoki dvigateli o'zgartirilsa qayd etiladimi bo'yicha ma'lumot kerak,true,2026-08-04 00:00:00,2026-08-04 00:00:00
2513,418,Menga avtomobil rangi yoki dvigateli o'zgartirilsa qayd etiladimi haqida ayting,true,2026-08-04 00:00:00,2026-08-04 00:00:00
2514,418,"Iltimos, ayting: avtomobil rangi yoki dvigateli o'zgartirilsa qayd etiladimi?",true,2026-08-04 00:00:00,2026-08-04 00:00:00
2515,419,Staji kam (yosh) haydovchi uchun cheklovlar bormi?,true,2026-08-04 00:00:00,2026-08-04 00:00:00
2516,419,Staji kam (yosh) haydovchi cheklovlar qanday?,true,2026-08-04 00:00:00,2026-08-04 00:00:00
2517,419,Staji kam (yosh) haydovchi cheklovlar haqida ma'lumot bering,true,2026-08-04 00:00:00,2026-08-04 00:00:00
2518,419,Staji kam (yosh) haydovchi cheklovlar bo'yicha ma'lumot kerak,true,2026-08-04 00:00:00,2026-08-04 00:00:00
2519,419,Menga staji kam (yosh) haydovchi cheklovlar haqida ayting,true,2026-08-04 00:00:00,2026-08-04 00:00:00
2520,419,"Iltimos, ayting: staji kam (yosh) haydovchi uchun cheklovlar bormi?",true,2026-08-04 00:00:00,2026-08-04 00:00:00
2521,420,Xalqaro haydovchilik guvohnomasi (IDP) qanday olinadi?,true,2026-08-04 00:00:00,2026-08-04 00:00:00
2522,420,Xalqaro haydovchilik guvohnomasi (IDP) qanday olsa bo'ladi?,true,2026-08-04 00:00:00,2026-08-04 00:00:00
2523,420,Xalqaro haydovchilik guvohnomasi (IDP)ni qanday olaman?,true,2026-08-04 00:00:00,2026-08-04 00:00:00
2524,420,Xalqaro haydovchilik guvohnomasi (IDP) olish tartibi qanday?,true,2026-08-04 00:00:00,2026-08-04 00:00:00
2525,420,Xalqaro haydovchilik guvohnomasi (IDP) qanaqa olinadi?,true,2026-08-04 00:00:00,2026-08-04 00:00:00
2526,420,Xalqaro haydovchilik guvohnomasi (IDP) qanday?,true,2026-08-04 00:00:00,2026-08-04 00:00:00
2527,421,Transport (yo'l) solig'i yoki yig'imi qanday to'lanadi?,true,2026-08-04 00:00:00,2026-08-04 00:00:00
2528,421,Transport (yo'l) solig'i yoki yig'imi qanaqa to'lanadi?,true,2026-08-04 00:00:00,2026-08-04 00:00:00
2529,421,Transport (yo'l) solig'i yoki yig'imi to'lanadi qanday?,true,2026-08-04 00:00:00,2026-08-04 00:00:00
2530,421,Transport (yo'l) solig'i yoki yig'imi to'lanadi haqida ma'lumot bering,true,2026-08-04 00:00:00,2026-08-04 00:00:00
2531,421,Transport (yo'l) solig'i yoki yig'imi to'lanadi bo'yicha ma'lumot kerak,true,2026-08-04 00:00:00,2026-08-04 00:00:00
2532,421,Menga transport (yo'l) solig'i yoki yig'imi to'lanadi haqida ayting,true,2026-08-04 00:00:00,2026-08-04 00:00:00
2533,422,Transport vositasini xorijga olib chiqish uchun nima kerak?,true,2026-08-04 00:00:00,2026-08-04 00:00:00
2534,422,Transport vositasini xorijga olib chiqish uchun qanday hujjatlar kerak?,true,2026-08-04 00:00:00,2026-08-04 00:00:00
2535,422,Transport vositasini xorijga olib chiqish uchun nimalar kerak?,true,2026-08-04 00:00:00,2026-08-04 00:00:00
2536,422,Transport vositasini xorijga olib chiqishga nimalar talab qilinadi?,true,2026-08-04 00:00:00,2026-08-04 00:00:00
2537,422,Transport vositasini xorijga olib chiqish qanday?,true,2026-08-04 00:00:00,2026-08-04 00:00:00
2538,422,Transport vositasini xorijga olib chiqish haqida ma'lumot bering,true,2026-08-04 00:00:00,2026-08-04 00:00:00
2539,423,"Jismoniy shaxs uchun soliq imtiyozi (masalan, ipoteka bo'yicha) bormi?",true,2026-08-04 00:00:00,2026-08-04 00:00:00
2540,423,"Jismoniy shaxs soliq imtiyozi (masalan, ipoteka bo'yicha) qanday?",true,2026-08-04 00:00:00,2026-08-04 00:00:00
2541,423,"Jismoniy shaxs soliq imtiyozi (masalan, ipoteka bo'yicha) haqida ma'lumot bering",true,2026-08-04 00:00:00,2026-08-04 00:00:00
2542,423,"Jismoniy shaxs soliq imtiyozi (masalan, ipoteka bo'yicha) bo'yicha ma'lumot kerak",true,2026-08-04 00:00:00,2026-08-04 00:00:00
2543,423,"Menga jismoniy shaxs soliq imtiyozi (masalan, ipoteka bo'yicha) haqida ayting",true,2026-08-04 00:00:00,2026-08-04 00:00:00
2544,423,"Iltimos, ayting: jismoniy shaxs uchun soliq imtiyozi (masalan, ipoteka bo'yicha) bormi?",true,2026-08-04 00:00:00,2026-08-04 00:00:00
2545,424,Chet elda ishlab topilgan daromad deklaratsiya qilinadimi?,true,2026-08-04 00:00:00,2026-08-04 00:00:00
2546,424,Chet elda ishlab topilgan daromad deklaratsiya qanday?,true,2026-08-04 00:00:00,2026-08-04 00:00:00
2547,424,Chet elda ishlab topilgan daromad deklaratsiya haqida ma'lumot bering,true,2026-08-04 00:00:00,2026-08-04 00:00:00
2548,424,Chet elda ishlab topilgan daromad deklaratsiya bo'yicha ma'lumot kerak,true,2026-08-04 00:00:00,2026-08-04 00:00:00
2549,424,Menga chet elda ishlab topilgan daromad deklaratsiya haqida ayting,true,2026-08-04 00:00:00,2026-08-04 00:00:00
2550,424,"Iltimos, ayting: chet elda ishlab topilgan daromad deklaratsiya qilinadimi?",true,2026-08-04 00:00:00,2026-08-04 00:00:00
2551,425,Soliq organi bilan hisob-kitob solishtiruvi (aktsverka) qanday qilinadi?,true,2026-08-04 00:00:00,2026-08-04 00:00:00
2552,425,Soliq organi bilan hisob-kitob solishtiruvi (aktsverka) qanaqa qilinadi?,true,2026-08-04 00:00:00,2026-08-04 00:00:00
2553,425,Soliq organi hisob-kitob solishtiruvi (aktsverka) qanday?,true,2026-08-04 00:00:00,2026-08-04 00:00:00
2554,425,Soliq organi hisob-kitob solishtiruvi (aktsverka) haqida ma'lumot bering,true,2026-08-04 00:00:00,2026-08-04 00:00:00
2555,425,Soliq organi hisob-kitob solishtiruvi (aktsverka) bo'yicha ma'lumot kerak,true,2026-08-04 00:00:00,2026-08-04 00:00:00
2556,425,Menga soliq organi hisob-kitob solishtiruvi (aktsverka) haqida ayting,true,2026-08-04 00:00:00,2026-08-04 00:00:00
2557,426,Kassa cheki (QR-kod) haqiqiyligini qanday tekshiriladi?,true,2026-08-04 00:00:00,2026-08-04 00:00:00
2558,426,Kassa cheki (QR-kod) haqiqiyliginini qanday tekshirsa bo'ladi?,true,2026-08-04 00:00:00,2026-08-04 00:00:00
2559,426,Kassa cheki (QR-kod) haqiqiyligini qanday bilib olaman?,true,2026-08-04 00:00:00,2026-08-04 00:00:00
2560,426,Kassa cheki (QR-kod) haqiqiyligini qanaqa tekshiriladi?,true,2026-08-04 00:00:00,2026-08-04 00:00:00
2561,426,Kassa cheki (QR-kod) haqiqiyligini qanday?,true,2026-08-04 00:00:00,2026-08-04 00:00:00
2562,426,Kassa cheki (QR-kod) haqiqiyligini haqida ma'lumot bering,true,2026-08-04 00:00:00,2026-08-04 00:00:00
2563,427,Soliqni bo'lib to'lash yoki muddatini uzaytirish mumkinmi?,true,2026-08-04 00:00:00,2026-08-04 00:00:00
2564,427,Soliqni bo'lib to'lash yoki muddatini uzaytirish mumkin bo'ladimi?,true,2026-08-04 00:00:00,2026-08-04 00:00:00
2565,427,Soliqni bo'lib to'lash yoki muddatini uzaytirishga ruxsat beriladimi?,true,2026-08-04 00:00:00,2026-08-04 00:00:00
2566,427,Soliqni bo'lib to'lash yoki muddatini uzaytirish imkoni bormi?,true,2026-08-04 00:00:00,2026-08-04 00:00:00
2567,427,Soliqni bo'lib to'lash yoki muddatini uzaytirish qanday?,true,2026-08-04 00:00:00,2026-08-04 00:00:00
2568,427,Soliqni bo'lib to'lash yoki muddatini uzaytirish haqida ma'lumot bering,true,2026-08-04 00:00:00,2026-08-04 00:00:00
2569,428,Faoliyatni to'xtatib turgan tadbirkor hisobot topshiradimi?,true,2026-08-04 00:00:00,2026-08-04 00:00:00
2570,428,Faoliyatni to'xtatib turgan tadbirkor hisobot topshiradimi qanday?,true,2026-08-04 00:00:00,2026-08-04 00:00:00
2571,428,Faoliyatni to'xtatib turgan tadbirkor hisobot topshiradimi haqida ma'lumot bering,true,2026-08-04 00:00:00,2026-08-04 00:00:00
2572,428,Faoliyatni to'xtatib turgan tadbirkor hisobot topshiradimi bo'yicha ma'lumot kerak,true,2026-08-04 00:00:00,2026-08-04 00:00:00
2573,428,Menga faoliyatni to'xtatib turgan tadbirkor hisobot topshiradimi haqida ayting,true,2026-08-04 00:00:00,2026-08-04 00:00:00
2574,428,"Iltimos, ayting: faoliyatni to'xtatib turgan tadbirkor hisobot topshiradimi?",true,2026-08-04 00:00:00,2026-08-04 00:00:00
2575,429,"Yuridik shaxsni qayta tashkil etish (qo'shilish, bo'linish) qanday amalga oshiriladi?",true,2026-08-04 00:00:00,2026-08-04 00:00:00
2576,429,"Yuridik shaxsni qayta tashkil etish (qo'shilish, bo'linish) qanday bajariladi?",true,2026-08-04 00:00:00,2026-08-04 00:00:00
2577,429,"Yuridik shaxsni qayta tashkil etish (qo'shilish, bo'linish) tartibi qanday?",true,2026-08-04 00:00:00,2026-08-04 00:00:00
2578,429,"Yuridik shaxsni qayta tashkil etish (qo'shilish, bo'linish) qanday qilinadi?",true,2026-08-04 00:00:00,2026-08-04 00:00:00
2579,429,"Yuridik shaxsni qayta tashkil etish (qo'shilish, bo'linish) qanaqa amalga oshiriladi?",true,2026-08-04 00:00:00,2026-08-04 00:00:00
2580,429,"Yuridik shaxsni qayta tashkil etish (qo'shilish, bo'linish) qanday?",true,2026-08-04 00:00:00,2026-08-04 00:00:00
2581,430,Filial yoki vakolatxona ochish qanday rasmiylashtiriladi?,true,2026-08-04 00:00:00,2026-08-04 00:00:00
2582,430,Filial yoki vakolatxona ochishni rasmiylashtirish tartibi qanday?,true,2026-08-04 00:00:00,2026-08-04 00:00:00
2583,430,Filial yoki vakolatxona ochish qanday rasmiylashtirsa bo'ladi?,true,2026-08-04 00:00:00,2026-08-04 00:00:00
2584,430,Filial yoki vakolatxona ochish qanday amalga oshiriladi?,true,2026-08-04 00:00:00,2026-08-04 00:00:00
2585,430,Filial yoki vakolatxona ochish qanaqa rasmiylashtiriladi?,true,2026-08-04 00:00:00,2026-08-04 00:00:00
2586,430,Filial yoki vakolatxona ochish qanday?,true,2026-08-04 00:00:00,2026-08-04 00:00:00
2587,431,Tovar belgisi (brend)ni qanday ro'yxatdan o'tkaziladi?,true,2026-08-04 00:00:00,2026-08-04 00:00:00
2588,431,Tovar belgisi (brend)ni qanaqa ro'yxatdan o'tkaziladi?,true,2026-08-04 00:00:00,2026-08-04 00:00:00
2589,431,Tovar belgisi (brend)ni ro'yxatdan qanday?,true,2026-08-04 00:00:00,2026-08-04 00:00:00
2590,431,Tovar belgisi (brend)ni ro'yxatdan haqida ma'lumot bering,true,2026-08-04 00:00:00,2026-08-04 00:00:00
2591,431,Tovar belgisi (brend)ni ro'yxatdan bo'yicha ma'lumot kerak,true,2026-08-04 00:00:00,2026-08-04 00:00:00
2592,431,Menga tovar belgisi (brend)ni ro'yxatdan haqida ayting,true,2026-08-04 00:00:00,2026-08-04 00:00:00
2593,432,Litsenziya yoki ruxsatnoma muddati tugasa nima qilinadi?,true,2026-08-04 00:00:00,2026-08-04 00:00:00
2594,432,Litsenziya yoki ruxsatnoma muddati tugasa qanday?,true,2026-08-04 00:00:00,2026-08-04 00:00:00
2595,432,Litsenziya yoki ruxsatnoma muddati tugasa haqida ma'lumot bering,true,2026-08-04 00:00:00,2026-08-04 00:00:00
2596,432,Litsenziya yoki ruxsatnoma muddati tugasa bo'yicha ma'lumot kerak,true,2026-08-04 00:00:00,2026-08-04 00:00:00
2597,432,Menga litsenziya yoki ruxsatnoma muddati tugasa haqida ayting,true,2026-08-04 00:00:00,2026-08-04 00:00:00
2598,432,"Iltimos, ayting: litsenziya yoki ruxsatnoma muddati tugasa nima qilinadi?",true,2026-08-04 00:00:00,2026-08-04 00:00:00
2599,433,Tadbirkorlik faoliyatini boshqa shaxsga o'tkazish mumkinmi?,true,2026-08-04 00:00:00,2026-08-04 00:00:00
2600,433,Tadbirkorlik faoliyatini boshqa shaxsga o'tkazish mumkin bo'ladimi?,true,2026-08-04 00:00:00,2026-08-04 00:00:00
2601,433,Tadbirkorlik faoliyatini boshqa shaxsga o'tkazishga ruxsat beriladimi?,true,2026-08-04 00:00:00,2026-08-04 00:00:00
2602,433,Tadbirkorlik faoliyatini boshqa shaxsga o'tkazish imkoni bormi?,true,2026-08-04 00:00:00,2026-08-04 00:00:00
2603,433,Tadbirkorlik faoliyatini boshqa shaxsga o'tkazish qanday?,true,2026-08-04 00:00:00,2026-08-04 00:00:00
2604,433,Tadbirkorlik faoliyatini boshqa shaxsga o'tkazish haqida ma'lumot bering,true,2026-08-04 00:00:00,2026-08-04 00:00:00
2605,434,Ish beruvchi mehnat ta'tilini bermasa nima qilinadi?,true,2026-08-04 00:00:00,2026-08-04 00:00:00
2606,434,Ish beruvchi mehnat ta'tilini bermasa qanday?,true,2026-08-04 00:00:00,2026-08-04 00:00:00
2607,434,Ish beruvchi mehnat ta'tilini bermasa haqida ma'lumot bering,true,2026-08-04 00:00:00,2026-08-04 00:00:00
2608,434,Ish beruvchi mehnat ta'tilini bermasa bo'yicha ma'lumot kerak,true,2026-08-04 00:00:00,2026-08-04 00:00:00
2609,434,Menga ish beruvchi mehnat ta'tilini bermasa haqida ayting,true,2026-08-04 00:00:00,2026-08-04 00:00:00
2610,434,"Iltimos, ayting: ish beruvchi mehnat ta'tilini bermasa nima qilinadi?",true,2026-08-04 00:00:00,2026-08-04 00:00:00
2611,435,Ishdan o'z xohishi bilan bo'shashda qancha oldin ogohlantiriladi?,true,2026-08-04 00:00:00,2026-08-04 00:00:00
2612,435,Ishdan o'z xohishi bo'shashda oldin ogohlantiriladi qanday?,true,2026-08-04 00:00:00,2026-08-04 00:00:00
2613,435,Ishdan o'z xohishi bo'shashda oldin ogohlantiriladi haqida ma'lumot bering,true,2026-08-04 00:00:00,2026-08-04 00:00:00
2614,435,Ishdan o'z xohishi bo'shashda oldin ogohlantiriladi bo'yicha ma'lumot kerak,true,2026-08-04 00:00:00,2026-08-04 00:00:00
2615,435,Menga ishdan o'z xohishi bo'shashda oldin ogohlantiriladi haqida ayting,true,2026-08-04 00:00:00,2026-08-04 00:00:00
2616,435,"Iltimos, ayting: ishdan o'z xohishi bilan bo'shashda qancha oldin ogohlantiriladi?",true,2026-08-04 00:00:00,2026-08-04 00:00:00
2617,436,"Ish haqidan ushlab qolishlar (aliment, soliq) qanday amalga oshiriladi?",true,2026-08-04 00:00:00,2026-08-04 00:00:00
2618,436,"Ish haqidan ushlab qolishlar (aliment, soliq) qanday bajariladi?",true,2026-08-04 00:00:00,2026-08-04 00:00:00
2619,436,"Ish haqidan ushlab qolishlar (aliment, soliq) tartibi qanday?",true,2026-08-04 00:00:00,2026-08-04 00:00:00
2620,436,"Ish haqidan ushlab qolishlar (aliment, soliq) qanday qilinadi?",true,2026-08-04 00:00:00,2026-08-04 00:00:00
2621,436,"Ish haqidan ushlab qolishlar (aliment, soliq) qanaqa amalga oshiriladi?",true,2026-08-04 00:00:00,2026-08-04 00:00:00
2622,436,"Ish haqidan ushlab qolishlar (aliment, soliq) qanday?",true,2026-08-04 00:00:00,2026-08-04 00:00:00
2623,437,Ish o'rni qisqartirilganda qanday kafolatlar beriladi?,true,2026-08-04 00:00:00,2026-08-04 00:00:00
2624,437,Ish o'rni qisqartirilganda qanaqa kafolatlar beriladi?,true,2026-08-04 00:00:00,2026-08-04 00:00:00
2625,437,Ish o'rni qisqartirilganda kafolatlar qanday?,true,2026-08-04 00:00:00,2026-08-04 00:00:00
2626,437,Ish o'rni qisqartirilganda kafolatlar haqida ma'lumot bering,true,2026-08-04 00:00:00,2026-08-04 00:00:00
2627,437,Ish o'rni qisqartirilganda kafolatlar bo'yicha ma'lumot kerak,true,2026-08-04 00:00:00,2026-08-04 00:00:00
2628,437,Menga ish o'rni qisqartirilganda kafolatlar haqida ayting,true,2026-08-04 00:00:00,2026-08-04 00:00:00
2629,438,Homilador ayol yoki nogiron xodimga mehnat imtiyozi bormi?,true,2026-08-04 00:00:00,2026-08-04 00:00:00
2630,438,Homilador ayol yoki nogiron xodimga mehnat imtiyozi qanday?,true,2026-08-04 00:00:00,2026-08-04 00:00:00
2631,438,Homilador ayol yoki nogiron xodimga mehnat imtiyozi haqida ma'lumot bering,true,2026-08-04 00:00:00,2026-08-04 00:00:00
2632,438,Homilador ayol yoki nogiron xodimga mehnat imtiyozi bo'yicha ma'lumot kerak,true,2026-08-04 00:00:00,2026-08-04 00:00:00
2633,438,Menga homilador ayol yoki nogiron xodimga mehnat imtiyozi haqida ayting,true,2026-08-04 00:00:00,2026-08-04 00:00:00
2634,438,"Iltimos, ayting: homilador ayol yoki nogiron xodimga mehnat imtiyozi bormi?",true,2026-08-04 00:00:00,2026-08-04 00:00:00
2635,439,Ikki joyda ishlash (o'rindoshlik) mumkinmi?,true,2026-08-04 00:00:00,2026-08-04 00:00:00
2636,439,Ikki joyda ishlash (o'rindoshlik) mumkin bo'ladimi?,true,2026-08-04 00:00:00,2026-08-04 00:00:00
2637,439,Ikki joyda ishlash (o'rindoshlik)ga ruxsat beriladimi?,true,2026-08-04 00:00:00,2026-08-04 00:00:00
2638,439,Ikki joyda ishlash (o'rindoshlik) imkoni bormi?,true,2026-08-04 00:00:00,2026-08-04 00:00:00
2639,439,Ikki joyda ishlash (o'rindoshlik) qanday?,true,2026-08-04 00:00:00,2026-08-04 00:00:00
2640,439,Ikki joyda ishlash (o'rindoshlik) haqida ma'lumot bering,true,2026-08-04 00:00:00,2026-08-04 00:00:00
2641,440,Ko'p bolali oilaga bir martalik yordam yoki nafaqa bormi?,true,2026-08-04 00:00:00,2026-08-04 00:00:00
2642,440,Ko'p bolali oilaga bir martalik yordam yoki nafaqa qanday?,true,2026-08-04 00:00:00,2026-08-04 00:00:00
2643,440,Ko'p bolali oilaga bir martalik yordam yoki nafaqa haqida ma'lumot bering,true,2026-08-04 00:00:00,2026-08-04 00:00:00
2644,440,Ko'p bolali oilaga bir martalik yordam yoki nafaqa bo'yicha ma'lumot kerak,true,2026-08-04 00:00:00,2026-08-04 00:00:00
2645,440,Menga ko'p bolali oilaga bir martalik yordam yoki nafaqa haqida ayting,true,2026-08-04 00:00:00,2026-08-04 00:00:00
2646,440,"Iltimos, ayting: ko'p bolali oilaga bir martalik yordam yoki nafaqa bormi?",true,2026-08-04 00:00:00,2026-08-04 00:00:00
2647,441,Bolaga qarab uyda o'tirgan ota-onaga nafaqa beriladimi?,true,2026-08-04 00:00:00,2026-08-04 00:00:00
2648,441,Bolaga qarab uyda o'tirgan ota-onaga nafaqa berilishi mumkinmi?,true,2026-08-04 00:00:00,2026-08-04 00:00:00
2649,441,Bolaga qarab uyda o'tirgan ota-onaga nafaqa bor yoki yo'q?,true,2026-08-04 00:00:00,2026-08-04 00:00:00
2650,441,Bolaga qarab uyda o'tirgan ota-onaga nafaqa beriladimi qanday?,true,2026-08-04 00:00:00,2026-08-04 00:00:00
2651,441,Bolaga qarab uyda o'tirgan ota-onaga nafaqa beriladimi haqida ma'lumot bering,true,2026-08-04 00:00:00,2026-08-04 00:00:00
2652,441,Bolaga qarab uyda o'tirgan ota-onaga nafaqa beriladimi bo'yicha ma'lumot kerak,true,2026-08-04 00:00:00,2026-08-04 00:00:00
2653,442,Ijtimoiy xizmat muassasasiga (internat) joylashtirish qanday?,true,2026-08-04 00:00:00,2026-08-04 00:00:00
2654,442,Ijtimoiy xizmat muassasasiga (internat) joylashtirish qanaqa?,true,2026-08-04 00:00:00,2026-08-04 00:00:00
2655,442,Ijtimoiy xizmat muassasasiga (internat) joylashtirish haqida ma'lumot bering,true,2026-08-04 00:00:00,2026-08-04 00:00:00
2656,442,Ijtimoiy xizmat muassasasiga (internat) joylashtirish bo'yicha ma'lumot kerak,true,2026-08-04 00:00:00,2026-08-04 00:00:00
2657,442,Menga ijtimoiy xizmat muassasasiga (internat) joylashtirish haqida ayting,true,2026-08-04 00:00:00,2026-08-04 00:00:00
2658,442,"Iltimos, ayting: ijtimoiy xizmat muassasasiga (internat) joylashtirish qanday?",true,2026-08-04 00:00:00,2026-08-04 00:00:00
2659,443,Nafaqa to'lovi to'xtab qolsa qayerga murojaat qilaman?,true,2026-08-04 00:00:00,2026-08-04 00:00:00
2660,443,Nafaqa to'lovi to'xtab qolsa murojaat qilaman qanday?,true,2026-08-04 00:00:00,2026-08-04 00:00:00
2661,443,Nafaqa to'lovi to'xtab qolsa murojaat qilaman haqida ma'lumot bering,true,2026-08-04 00:00:00,2026-08-04 00:00:00
2662,443,Nafaqa to'lovi to'xtab qolsa murojaat qilaman bo'yicha ma'lumot kerak,true,2026-08-04 00:00:00,2026-08-04 00:00:00
2663,443,Menga nafaqa to'lovi to'xtab qolsa murojaat qilaman haqida ayting,true,2026-08-04 00:00:00,2026-08-04 00:00:00
2664,443,"Iltimos, ayting: nafaqa to'lovi to'xtab qolsa qayerga murojaat qilaman?",true,2026-08-04 00:00:00,2026-08-04 00:00:00
2665,444,Mehnat faxriysi yoki veteran maqomi qanday rasmiylashtiriladi?,true,2026-08-04 00:00:00,2026-08-04 00:00:00
2666,444,Mehnat faxriysi yoki veteran maqomini rasmiylashtirish tartibi qanday?,true,2026-08-04 00:00:00,2026-08-04 00:00:00
2667,444,Mehnat faxriysi yoki veteran maqomi qanday rasmiylashtirsa bo'ladi?,true,2026-08-04 00:00:00,2026-08-04 00:00:00
2668,444,Mehnat faxriysi yoki veteran maqomi qanday amalga oshiriladi?,true,2026-08-04 00:00:00,2026-08-04 00:00:00
2669,444,Mehnat faxriysi yoki veteran maqomi qanaqa rasmiylashtiriladi?,true,2026-08-04 00:00:00,2026-08-04 00:00:00
2670,444,Mehnat faxriysi yoki veteran maqomi qanday?,true,2026-08-04 00:00:00,2026-08-04 00:00:00
2671,445,Tez yordam chaqirganda qanday ma'lumot berish kerak?,true,2026-08-04 00:00:00,2026-08-04 00:00:00
2672,445,Tez yordam chaqirganda qanaqa ma'lumot berish kerak?,true,2026-08-04 00:00:00,2026-08-04 00:00:00
2673,445,Tez yordam chaqirganda ma'lumot berish qanday?,true,2026-08-04 00:00:00,2026-08-04 00:00:00
2674,445,Tez yordam chaqirganda ma'lumot berish haqida ma'lumot bering,true,2026-08-04 00:00:00,2026-08-04 00:00:00
2675,445,Tez yordam chaqirganda ma'lumot berish bo'yicha ma'lumot kerak,true,2026-08-04 00:00:00,2026-08-04 00:00:00
2676,445,Menga tez yordam chaqirganda ma'lumot berish haqida ayting,true,2026-08-04 00:00:00,2026-08-04 00:00:00
2677,446,Kasalxonada davolanish qanday to'lanadi?,true,2026-08-04 00:00:00,2026-08-04 00:00:00
2678,446,Kasalxonada davolanish qanaqa to'lanadi?,true,2026-08-04 00:00:00,2026-08-04 00:00:00
2679,446,Kasalxonada davolanish to'lanadi qanday?,true,2026-08-04 00:00:00,2026-08-04 00:00:00
2680,446,Kasalxonada davolanish to'lanadi haqida ma'lumot bering,true,2026-08-04 00:00:00,2026-08-04 00:00:00
2681,446,Kasalxonada davolanish to'lanadi bo'yicha ma'lumot kerak,true,2026-08-04 00:00:00,2026-08-04 00:00:00
2682,446,Menga kasalxonada davolanish to'lanadi haqida ayting,true,2026-08-04 00:00:00,2026-08-04 00:00:00
2683,447,Tibbiy hujjat (kasallik tarixi) nusxasini olish mumkinmi?,true,2026-08-04 00:00:00,2026-08-04 00:00:00
2684,447,Tibbiy hujjat (kasallik tarixi) nusxasini olish mumkin bo'ladimi?,true,2026-08-04 00:00:00,2026-08-04 00:00:00
2685,447,Tibbiy hujjat (kasallik tarixi) nusxasini olishga ruxsat beriladimi?,true,2026-08-04 00:00:00,2026-08-04 00:00:00
2686,447,Tibbiy hujjat (kasallik tarixi) nusxasini olish imkoni bormi?,true,2026-08-04 00:00:00,2026-08-04 00:00:00
2687,447,Tibbiy hujjat (kasallik tarixi) nusxasini olish qanday?,true,2026-08-04 00:00:00,2026-08-04 00:00:00
2688,447,Tibbiy hujjat (kasallik tarixi) nusxasini olish haqida ma'lumot bering,true,2026-08-04 00:00:00,2026-08-04 00:00:00
2689,448,Bepul emlash (vaksinatsiya) qayerda amalga oshiriladi?,true,2026-08-04 00:00:00,2026-08-04 00:00:00
2690,448,Bepul emlash (vaksinatsiya) qanday?,true,2026-08-04 00:00:00,2026-08-04 00:00:00
2691,448,Bepul emlash (vaksinatsiya) haqida ma'lumot bering,true,2026-08-04 00:00:00,2026-08-04 00:00:00
2692,448,Bepul emlash (vaksinatsiya) bo'yicha ma'lumot kerak,true,2026-08-04 00:00:00,2026-08-04 00:00:00
2693,448,Menga bepul emlash (vaksinatsiya) haqida ayting,true,2026-08-04 00:00:00,2026-08-04 00:00:00
2694,448,"Iltimos, ayting: bepul emlash (vaksinatsiya) qayerda amalga oshiriladi?",true,2026-08-04 00:00:00,2026-08-04 00:00:00
2695,449,Chet elda davolanish uchun hujjatlar qanday tayyorlanadi?,true,2026-08-04 00:00:00,2026-08-04 00:00:00
2696,449,Chet elda davolanish uchun hujjatlar qanaqa tayyorlanadi?,true,2026-08-04 00:00:00,2026-08-04 00:00:00
2697,449,Chet elda davolanish hujjatlar tayyorlanadi qanday?,true,2026-08-04 00:00:00,2026-08-04 00:00:00
2698,449,Chet elda davolanish hujjatlar tayyorlanadi haqida ma'lumot bering,true,2026-08-04 00:00:00,2026-08-04 00:00:00
2699,449,Chet elda davolanish hujjatlar tayyorlanadi bo'yicha ma'lumot kerak,true,2026-08-04 00:00:00,2026-08-04 00:00:00
2700,449,Menga chet elda davolanish hujjatlar tayyorlanadi haqida ayting,true,2026-08-04 00:00:00,2026-08-04 00:00:00
2701,450,Bolaning maktabga tayyorligi qanday aniqlanadi?,true,2026-08-04 00:00:00,2026-08-04 00:00:00
2702,450,Bolaning maktabga tayyorligi qanaqa aniqlanadi?,true,2026-08-04 00:00:00,2026-08-04 00:00:00
2703,450,Bolaning maktabga tayyorligi qanday?,true,2026-08-04 00:00:00,2026-08-04 00:00:00
2704,450,Bolaning maktabga tayyorligi haqida ma'lumot bering,true,2026-08-04 00:00:00,2026-08-04 00:00:00
2705,450,Bolaning maktabga tayyorligi bo'yicha ma'lumot kerak,true,2026-08-04 00:00:00,2026-08-04 00:00:00
2706,450,Menga bolaning maktabga tayyorligi haqida ayting,true,2026-08-04 00:00:00,2026-08-04 00:00:00
2707,451,Yozgi lager yoki mashg'ulot qanday tashkil etiladi?,true,2026-08-04 00:00:00,2026-08-04 00:00:00
2708,451,Yozgi lager yoki mashg'ulot qanaqa tashkil etiladi?,true,2026-08-04 00:00:00,2026-08-04 00:00:00
2709,451,Yozgi lager yoki mashg'ulot tashkil etiladi qanday?,true,2026-08-04 00:00:00,2026-08-04 00:00:00
2710,451,Yozgi lager yoki mashg'ulot tashkil etiladi haqida ma'lumot bering,true,2026-08-04 00:00:00,2026-08-04 00:00:00
2711,451,Yozgi lager yoki mashg'ulot tashkil etiladi bo'yicha ma'lumot kerak,true,2026-08-04 00:00:00,2026-08-04 00:00:00
2712,451,Menga yozgi lager yoki mashg'ulot tashkil etiladi haqida ayting,true,2026-08-04 00:00:00,2026-08-04 00:00:00
2713,452,Chet eldan kelgan bolani maktabga qanday joylashtiriladi?,true,2026-08-04 00:00:00,2026-08-04 00:00:00
2714,452,Chet eldan kelgan bolani maktabga qanaqa joylashtiriladi?,true,2026-08-04 00:00:00,2026-08-04 00:00:00
2715,452,Chet eldan kelgan bolani maktabga joylashtiriladi qanday?,true,2026-08-04 00:00:00,2026-08-04 00:00:00
2716,452,Chet eldan kelgan bolani maktabga joylashtiriladi haqida ma'lumot bering,true,2026-08-04 00:00:00,2026-08-04 00:00:00
2717,452,Chet eldan kelgan bolani maktabga joylashtiriladi bo'yicha ma'lumot kerak,true,2026-08-04 00:00:00,2026-08-04 00:00:00
2718,452,Menga chet eldan kelgan bolani maktabga joylashtiriladi haqida ayting,true,2026-08-04 00:00:00,2026-08-04 00:00:00
2719,453,Universitetda akademik ta'til qanday olinadi?,true,2026-08-04 00:00:00,2026-08-04 00:00:00
2720,453,Universitetda akademik ta'til qanday olsa bo'ladi?,true,2026-08-04 00:00:00,2026-08-04 00:00:00
2721,453,Universitetda akademik ta'tilni qanday olaman?,true,2026-08-04 00:00:00,2026-08-04 00:00:00
2722,453,Universitetda akademik ta'til olish tartibi qanday?,true,2026-08-04 00:00:00,2026-08-04 00:00:00
2723,453,Universitetda akademik ta'til qanaqa olinadi?,true,2026-08-04 00:00:00,2026-08-04 00:00:00
2724,453,Universitetda akademik ta'til qanday?,true,2026-08-04 00:00:00,2026-08-04 00:00:00
2725,454,Kunduzgi ta'limdan sirtqi yoki kechkiga o'tish mumkinmi?,true,2026-08-04 00:00:00,2026-08-04 00:00:00
2726,454,Kunduzgi ta'limdan sirtqi yoki kechkiga o'tish mumkin bo'ladimi?,true,2026-08-04 00:00:00,2026-08-04 00:00:00
2727,454,Kunduzgi ta'limdan sirtqi yoki kechkiga o'tishga ruxsat beriladimi?,true,2026-08-04 00:00:00,2026-08-04 00:00:00
2728,454,Kunduzgi ta'limdan sirtqi yoki kechkiga o'tish imkoni bormi?,true,2026-08-04 00:00:00,2026-08-04 00:00:00
2729,454,Kunduzgi ta'limdan sirtqi yoki kechkiga o'tish qanday?,true,2026-08-04 00:00:00,2026-08-04 00:00:00
2730,454,Kunduzgi ta'limdan sirtqi yoki kechkiga o'tish haqida ma'lumot bering,true,2026-08-04 00:00:00,2026-08-04 00:00:00
2731,455,Chaqiruvchi tibbiy ko'rikdan qayerda o'tadi?,true,2026-08-04 00:00:00,2026-08-04 00:00:00
2732,455,Chaqiruvchi tibbiy ko'rikdan o'tadi qanday?,true,2026-08-04 00:00:00,2026-08-04 00:00:00
2733,455,Chaqiruvchi tibbiy ko'rikdan o'tadi haqida ma'lumot bering,true,2026-08-04 00:00:00,2026-08-04 00:00:00
2734,455,Chaqiruvchi tibbiy ko'rikdan o'tadi bo'yicha ma'lumot kerak,true,2026-08-04 00:00:00,2026-08-04 00:00:00
2735,455,Menga chaqiruvchi tibbiy ko'rikdan o'tadi haqida ayting,true,2026-08-04 00:00:00,2026-08-04 00:00:00
2736,455,"Iltimos, ayting: chaqiruvchi tibbiy ko'rikdan qayerda o'tadi?",true,2026-08-04 00:00:00,2026-08-04 00:00:00
2737,456,Harbiy xizmatni o'tamaganlik keyingi hayotga ta'sir qiladimi?,true,2026-08-04 00:00:00,2026-08-04 00:00:00
2738,456,Harbiy xizmatni o'tamaganlik keyingi hayotga ta'sir qiladimi qanday?,true,2026-08-04 00:00:00,2026-08-04 00:00:00
2739,456,Harbiy xizmatni o'tamaganlik keyingi hayotga ta'sir qiladimi haqida ma'lumot bering,true,2026-08-04 00:00:00,2026-08-04 00:00:00
2740,456,Harbiy xizmatni o'tamaganlik keyingi hayotga ta'sir qiladimi bo'yicha ma'lumot kerak,true,2026-08-04 00:00:00,2026-08-04 00:00:00
2741,456,Menga harbiy xizmatni o'tamaganlik keyingi hayotga ta'sir qiladimi haqida ayting,true,2026-08-04 00:00:00,2026-08-04 00:00:00
2742,456,"Iltimos, ayting: harbiy xizmatni o'tamaganlik keyingi hayotga ta'sir qiladimi?",true,2026-08-04 00:00:00,2026-08-04 00:00:00
2743,457,Zaxira ofitseri (rezerv) maqomi qanday beriladi?,true,2026-08-04 00:00:00,2026-08-04 00:00:00
2744,457,Zaxira ofitseri (rezerv) maqomi qanaqa beriladi?,true,2026-08-04 00:00:00,2026-08-04 00:00:00
2745,457,Zaxira ofitseri (rezerv) maqomi qanday?,true,2026-08-04 00:00:00,2026-08-04 00:00:00
2746,457,Zaxira ofitseri (rezerv) maqomi haqida ma'lumot bering,true,2026-08-04 00:00:00,2026-08-04 00:00:00
2747,457,Zaxira ofitseri (rezerv) maqomi bo'yicha ma'lumot kerak,true,2026-08-04 00:00:00,2026-08-04 00:00:00
2748,457,Menga zaxira ofitseri (rezerv) maqomi haqida ayting,true,2026-08-04 00:00:00,2026-08-04 00:00:00
2749,458,Harbiy bilet qaysi hollarda talab qilinadi?,true,2026-08-04 00:00:00,2026-08-04 00:00:00
2750,458,Harbiy bilet hollarda qanday?,true,2026-08-04 00:00:00,2026-08-04 00:00:00
2751,458,Harbiy bilet hollarda haqida ma'lumot bering,true,2026-08-04 00:00:00,2026-08-04 00:00:00
2752,458,Harbiy bilet hollarda bo'yicha ma'lumot kerak,true,2026-08-04 00:00:00,2026-08-04 00:00:00
2753,458,Menga harbiy bilet hollarda haqida ayting,true,2026-08-04 00:00:00,2026-08-04 00:00:00
2754,458,"Iltimos, ayting: harbiy bilet qaysi hollarda talab qilinadi?",true,2026-08-04 00:00:00,2026-08-04 00:00:00
2755,459,Uy-joy sharoitini yaxshilashga muhtoj sifatida navbatga qanday turiladi?,true,2026-08-04 00:00:00,2026-08-04 00:00:00
2756,459,Uy-joy sharoitini yaxshilashga muhtoj sifatida navbatga qanaqa turiladi?,true,2026-08-04 00:00:00,2026-08-04 00:00:00
2757,459,Uy-joy sharoitini yaxshilashga muhtoj sifatida navbatga turiladi qanday?,true,2026-08-04 00:00:00,2026-08-04 00:00:00
2758,459,Uy-joy sharoitini yaxshilashga muhtoj sifatida navbatga turiladi haqida ma'lumot bering,true,2026-08-04 00:00:00,2026-08-04 00:00:00
2759,459,Uy-joy sharoitini yaxshilashga muhtoj sifatida navbatga turiladi bo'yicha ma'lumot kerak,true,2026-08-04 00:00:00,2026-08-04 00:00:00
2760,459,Menga uy-joy sharoitini yaxshilashga muhtoj sifatida navbatga turiladi haqida ayting,true,2026-08-04 00:00:00,2026-08-04 00:00:00
2761,460,Ko'p kvartirali uy kapital ta'miri kim hisobidan amalga oshiriladi?,true,2026-08-04 00:00:00,2026-08-04 00:00:00
2762,460,Ko'p kvartirali uy kapital ta'miri hisobidan qanday?,true,2026-08-04 00:00:00,2026-08-04 00:00:00
2763,460,Ko'p kvartirali uy kapital ta'miri hisobidan haqida ma'lumot bering,true,2026-08-04 00:00:00,2026-08-04 00:00:00
2764,460,Ko'p kvartirali uy kapital ta'miri hisobidan bo'yicha ma'lumot kerak,true,2026-08-04 00:00:00,2026-08-04 00:00:00
2765,460,Menga ko'p kvartirali uy kapital ta'miri hisobidan haqida ayting,true,2026-08-04 00:00:00,2026-08-04 00:00:00
2766,460,"Iltimos, ayting: ko'p kvartirali uy kapital ta'miri kim hisobidan amalga oshiriladi?",true,2026-08-04 00:00:00,2026-08-04 00:00:00
2767,461,Kommunal to'lov tariflari haqida ma'lumotni qayerdan olaman?,true,2026-08-04 00:00:00,2026-08-04 00:00:00
2768,461,Kommunal to'lov tariflari ma'lumotni olaman qanday?,true,2026-08-04 00:00:00,2026-08-04 00:00:00
2769,461,Kommunal to'lov tariflari ma'lumotni olaman haqida ma'lumot bering,true,2026-08-04 00:00:00,2026-08-04 00:00:00
2770,461,Kommunal to'lov tariflari ma'lumotni olaman bo'yicha ma'lumot kerak,true,2026-08-04 00:00:00,2026-08-04 00:00:00
2771,461,Menga kommunal to'lov tariflari ma'lumotni olaman haqida ayting,true,2026-08-04 00:00:00,2026-08-04 00:00:00
2772,461,"Iltimos, ayting: kommunal to'lov tariflari haqida ma'lumotni qayerdan olaman?",true,2026-08-04 00:00:00,2026-08-04 00:00:00
2773,462,Elektr yoki gaz noto'g'ri hisoblansa qayerga murojaat qilaman?,true,2026-08-04 00:00:00,2026-08-04 00:00:00
2774,462,Elektr yoki gaz noto'g'ri hisoblansa murojaat qilaman qanday?,true,2026-08-04 00:00:00,2026-08-04 00:00:00
2775,462,Elektr yoki gaz noto'g'ri hisoblansa murojaat qilaman haqida ma'lumot bering,true,2026-08-04 00:00:00,2026-08-04 00:00:00
2776,462,Elektr yoki gaz noto'g'ri hisoblansa murojaat qilaman bo'yicha ma'lumot kerak,true,2026-08-04 00:00:00,2026-08-04 00:00:00
2777,462,Menga elektr yoki gaz noto'g'ri hisoblansa murojaat qilaman haqida ayting,true,2026-08-04 00:00:00,2026-08-04 00:00:00
2778,462,"Iltimos, ayting: elektr yoki gaz noto'g'ri hisoblansa qayerga murojaat qilaman?",true,2026-08-04 00:00:00,2026-08-04 00:00:00
2779,463,Uyni do'kon yoki ofis sifatida ishlatish uchun ruxsat qanday olinadi?,true,2026-08-04 00:00:00,2026-08-04 00:00:00
2780,463,Uyni do'kon yoki ofis sifatida ishlatish uchun ruxsat qanday olsa bo'ladi?,true,2026-08-04 00:00:00,2026-08-04 00:00:00
2781,463,Uyni do'kon yoki ofis sifatida ishlatish uchun ruxsatni qanday olaman?,true,2026-08-04 00:00:00,2026-08-04 00:00:00
2782,463,Uyni do'kon yoki ofis sifatida ishlatish uchun ruxsat olish tartibi qanday?,true,2026-08-04 00:00:00,2026-08-04 00:00:00
2783,463,Uyni do'kon yoki ofis sifatida ishlatish uchun ruxsat qanaqa olinadi?,true,2026-08-04 00:00:00,2026-08-04 00:00:00
2784,463,Uyni do'kon yoki ofis sifatida ishlatish ruxsat qanday?,true,2026-08-04 00:00:00,2026-08-04 00:00:00
2785,464,Kichik summadagi nizo (mayda da'vo) qanday hal qilinadi?,true,2026-08-04 00:00:00,2026-08-04 00:00:00
2786,464,Kichik summadagi nizo (mayda da'vo) qanaqa hal qilinadi?,true,2026-08-04 00:00:00,2026-08-04 00:00:00
2787,464,Kichik summadagi nizo (mayda da'vo) qanday?,true,2026-08-04 00:00:00,2026-08-04 00:00:00
2788,464,Kichik summadagi nizo (mayda da'vo) haqida ma'lumot bering,true,2026-08-04 00:00:00,2026-08-04 00:00:00
2789,464,Kichik summadagi nizo (mayda da'vo) bo'yicha ma'lumot kerak,true,2026-08-04 00:00:00,2026-08-04 00:00:00
2790,464,Menga kichik summadagi nizo (mayda da'vo) haqida ayting,true,2026-08-04 00:00:00,2026-08-04 00:00:00
2791,465,Ijro varaqasi qancha muddat amal qiladi?,true,2026-08-04 00:00:00,2026-08-04 00:00:00
2792,465,Ijro varaqasi muddat amal qiladi qanday?,true,2026-08-04 00:00:00,2026-08-04 00:00:00
2793,465,Ijro varaqasi muddat amal qiladi haqida ma'lumot bering,true,2026-08-04 00:00:00,2026-08-04 00:00:00
2794,465,Ijro varaqasi muddat amal qiladi bo'yicha ma'lumot kerak,true,2026-08-04 00:00:00,2026-08-04 00:00:00
2795,465,Menga ijro varaqasi muddat amal qiladi haqida ayting,true,2026-08-04 00:00:00,2026-08-04 00:00:00
2796,465,"Iltimos, ayting: ijro varaqasi qancha muddat amal qiladi?",true,2026-08-04 00:00:00,2026-08-04 00:00:00
2797,466,Da'vo muddati (iskovaya davnost) nima?,true,2026-08-04 00:00:00,2026-08-04 00:00:00
2798,466,Da'vo muddati (iskovaya davnost) qanday?,true,2026-08-04 00:00:00,2026-08-04 00:00:00
2799,466,Da'vo muddati (iskovaya davnost) haqida ma'lumot bering,true,2026-08-04 00:00:00,2026-08-04 00:00:00
2800,466,Da'vo muddati (iskovaya davnost) bo'yicha ma'lumot kerak,true,2026-08-04 00:00:00,2026-08-04 00:00:00
2801,466,Menga da'vo muddati (iskovaya davnost) haqida ayting,true,2026-08-04 00:00:00,2026-08-04 00:00:00
2802,466,"Iltimos, ayting: da'vo muddati (iskovaya davnost) nima?",true,2026-08-04 00:00:00,2026-08-04 00:00:00
2803,467,Advokat xizmatidan norozi bo'lsam qayerga murojaat qilaman?,true,2026-08-04 00:00:00,2026-08-04 00:00:00
2804,467,Advokat xizmatidan norozi bo'lsam murojaat qilaman qanday?,true,2026-08-04 00:00:00,2026-08-04 00:00:00
2805,467,Advokat xizmatidan norozi bo'lsam murojaat qilaman haqida ma'lumot bering,true,2026-08-04 00:00:00,2026-08-04 00:00:00
2806,467,Advokat xizmatidan norozi bo'lsam murojaat qilaman bo'yicha ma'lumot kerak,true,2026-08-04 00:00:00,2026-08-04 00:00:00
2807,467,Menga advokat xizmatidan norozi bo'lsam murojaat qilaman haqida ayting,true,2026-08-04 00:00:00,2026-08-04 00:00:00
2808,467,"Iltimos, ayting: advokat xizmatidan norozi bo'lsam qayerga murojaat qilaman?",true,2026-08-04 00:00:00,2026-08-04 00:00:00
2809,468,Mediatsiya (murosaga kelish vositachiligi) nima?,true,2026-08-04 00:00:00,2026-08-04 00:00:00
2810,468,Mediatsiya (murosaga kelish vositachiligi) qanday?,true,2026-08-04 00:00:00,2026-08-04 00:00:00
2811,468,Mediatsiya (murosaga kelish vositachiligi) haqida ma'lumot bering,true,2026-08-04 00:00:00,2026-08-04 00:00:00
2812,468,Mediatsiya (murosaga kelish vositachiligi) bo'yicha ma'lumot kerak,true,2026-08-04 00:00:00,2026-08-04 00:00:00
2813,468,Menga mediatsiya (murosaga kelish vositachiligi) haqida ayting,true,2026-08-04 00:00:00,2026-08-04 00:00:00
2814,468,"Iltimos, ayting: mediatsiya (murosaga kelish vositachiligi) nima?",true,2026-08-04 00:00:00,2026-08-04 00:00:00
2815,469,Jinoyat ishida jabrlanuvchi zararni qanday qoplaydi?,true,2026-08-04 00:00:00,2026-08-04 00:00:00
2816,469,Jinoyat ishida jabrlanuvchi zararni qanaqa qoplaydi?,true,2026-08-04 00:00:00,2026-08-04 00:00:00
2817,469,Jinoyat ishida jabrlanuvchi zararni qoplaydi qanday?,true,2026-08-04 00:00:00,2026-08-04 00:00:00
2818,469,Jinoyat ishida jabrlanuvchi zararni qoplaydi haqida ma'lumot bering,true,2026-08-04 00:00:00,2026-08-04 00:00:00
2819,469,Jinoyat ishida jabrlanuvchi zararni qoplaydi bo'yicha ma'lumot kerak,true,2026-08-04 00:00:00,2026-08-04 00:00:00
2820,469,Menga jinoyat ishida jabrlanuvchi zararni qoplaydi haqida ayting,true,2026-08-04 00:00:00,2026-08-04 00:00:00
2821,470,Chet elda berilgan ishonchnomani O'zbekistonda ishlatish mumkinmi?,true,2026-08-04 00:00:00,2026-08-04 00:00:00
2822,470,Chet elda berilgan ishonchnomani O'zbekistonda ishlatish mumkin bo'ladimi?,true,2026-08-04 00:00:00,2026-08-04 00:00:00
2823,470,Chet elda berilgan ishonchnomani O'zbekistonda ishlatishga ruxsat beriladimi?,true,2026-08-04 00:00:00,2026-08-04 00:00:00
2824,470,Chet elda berilgan ishonchnomani O'zbekistonda ishlatish imkoni bormi?,true,2026-08-04 00:00:00,2026-08-04 00:00:00
2825,470,Chet elda berilgan ishonchnomani O'zbekistonda ishlatish qanday?,true,2026-08-04 00:00:00,2026-08-04 00:00:00
2826,470,Chet elda berilgan ishonchnomani O'zbekistonda ishlatish haqida ma'lumot bering,true,2026-08-04 00:00:00,2026-08-04 00:00:00
2827,471,Chet elda vafot etgan fuqaro hujjatlari qanday rasmiylashtiriladi?,true,2026-08-04 00:00:00,2026-08-04 00:00:00
2828,471,Chet elda vafot etgan fuqaro hujjatlarini rasmiylashtirish tartibi qanday?,true,2026-08-04 00:00:00,2026-08-04 00:00:00
2829,471,Chet elda vafot etgan fuqaro hujjatlari qanday rasmiylashtirsa bo'ladi?,true,2026-08-04 00:00:00,2026-08-04 00:00:00
2830,471,Chet elda vafot etgan fuqaro hujjatlari qanday amalga oshiriladi?,true,2026-08-04 00:00:00,2026-08-04 00:00:00
2831,471,Chet elda vafot etgan fuqaro hujjatlari qanaqa rasmiylashtiriladi?,true,2026-08-04 00:00:00,2026-08-04 00:00:00
2832,471,Chet elda vafot etgan fuqaro hujjatlari qanday?,true,2026-08-04 00:00:00,2026-08-04 00:00:00
2833,472,Xalqaro bola olib qochish holatida qayerga murojaat qilinadi?,true,2026-08-04 00:00:00,2026-08-04 00:00:00
2834,472,Xalqaro bola olib qochish holatida qayerga murojaat qilaman?,true,2026-08-04 00:00:00,2026-08-04 00:00:00
2835,472,Xalqaro bola olib qochish holatida bo'yicha qayerga borish kerak?,true,2026-08-04 00:00:00,2026-08-04 00:00:00
2836,472,Xalqaro bola olib qochish holatida qayerdan hal qilinadi?,true,2026-08-04 00:00:00,2026-08-04 00:00:00
2837,472,Xalqaro bola olib qochish holatida murojaat qanday?,true,2026-08-04 00:00:00,2026-08-04 00:00:00
2838,472,Xalqaro bola olib qochish holatida murojaat haqida ma'lumot bering,true,2026-08-04 00:00:00,2026-08-04 00:00:00
2839,473,Ikki davlat o'rtasida hujjat almashinuvi qanday amalga oshiriladi?,true,2026-08-04 00:00:00,2026-08-04 00:00:00
2840,473,Ikki davlat o'rtasida hujjat almashinuvi qanday bajariladi?,true,2026-08-04 00:00:00,2026-08-04 00:00:00
2841,473,Ikki davlat o'rtasida hujjat almashinuvi tartibi qanday?,true,2026-08-04 00:00:00,2026-08-04 00:00:00
2842,473,Ikki davlat o'rtasida hujjat almashinuvi qanday qilinadi?,true,2026-08-04 00:00:00,2026-08-04 00:00:00
2843,473,Ikki davlat o'rtasida hujjat almashinuvi qanaqa amalga oshiriladi?,true,2026-08-04 00:00:00,2026-08-04 00:00:00
2844,473,Ikki davlat o'rtasida hujjat almashinuvi qanday?,true,2026-08-04 00:00:00,2026-08-04 00:00:00
2845,474,Pochta orqali hujjat yuborishda qancha vaqt ketadi?,true,2026-08-04 00:00:00,2026-08-04 00:00:00
2846,474,Pochta orqali hujjat yuborishda vaqt ketadi qanday?,true,2026-08-04 00:00:00,2026-08-04 00:00:00
2847,474,Pochta orqali hujjat yuborishda vaqt ketadi haqida ma'lumot bering,true,2026-08-04 00:00:00,2026-08-04 00:00:00
2848,474,Pochta orqali hujjat yuborishda vaqt ketadi bo'yicha ma'lumot kerak,true,2026-08-04 00:00:00,2026-08-04 00:00:00
2849,474,Menga pochta orqali hujjat yuborishda vaqt ketadi haqida ayting,true,2026-08-04 00:00:00,2026-08-04 00:00:00
2850,474,"Iltimos, ayting: pochta orqali hujjat yuborishda qancha vaqt ketadi?",true,2026-08-04 00:00:00,2026-08-04 00:00:00
2851,475,Xalqaro jo'natmani yuborishda qanday cheklovlar bor?,true,2026-08-04 00:00:00,2026-08-04 00:00:00
2852,475,Xalqaro jo'natmani yuborishda qanaqa cheklovlar bor?,true,2026-08-04 00:00:00,2026-08-04 00:00:00
2853,475,Xalqaro jo'natmani yuborishda cheklovlar qanday?,true,2026-08-04 00:00:00,2026-08-04 00:00:00
2854,475,Xalqaro jo'natmani yuborishda cheklovlar haqida ma'lumot bering,true,2026-08-04 00:00:00,2026-08-04 00:00:00
2855,475,Xalqaro jo'natmani yuborishda cheklovlar bo'yicha ma'lumot kerak,true,2026-08-04 00:00:00,2026-08-04 00:00:00
2856,475,Menga xalqaro jo'natmani yuborishda cheklovlar haqida ayting,true,2026-08-04 00:00:00,2026-08-04 00:00:00
2857,476,Pochta orqali yetkazib berilganda to'lov (nalojenniy platyoj) mumkinmi?,true,2026-08-04 00:00:00,2026-08-04 00:00:00
2858,476,Pochta orqali yetkazib berilganda to'lov (nalojenniy platyoj) mumkin bo'ladimi?,true,2026-08-04 00:00:00,2026-08-04 00:00:00
2859,476,Pochta orqali yetkazib berilganda to'lov (nalojenniy platyoj)ga ruxsat beriladimi?,true,2026-08-04 00:00:00,2026-08-04 00:00:00
2860,476,Pochta orqali yetkazib berilganda to'lov (nalojenniy platyoj) imkoni bormi?,true,2026-08-04 00:00:00,2026-08-04 00:00:00
2861,476,Pochta orqali yetkazib berilganda to'lov (nalojenniy platyoj) qanday?,true,2026-08-04 00:00:00,2026-08-04 00:00:00
2862,476,Pochta orqali yetkazib berilganda to'lov (nalojenniy platyoj) haqida ma'lumot bering,true,2026-08-04 00:00:00,2026-08-04 00:00:00
2863,477,Bir nechta bog'liq hujjatni bitta 'hayotiy vaziyat' sifatida olish qanday?,true,2026-08-04 00:00:00,2026-08-04 00:00:00
2864,477,Bir nechta bog'liq hujjatni bitta 'hayotiy vaziyat' sifatida olish qanaqa?,true,2026-08-04 00:00:00,2026-08-04 00:00:00
2865,477,Bir nechta bog'liq hujjatni bitta 'hayotiy vaziyat' sifatida olish haqida ma'lumot bering,true,2026-08-04 00:00:00,2026-08-04 00:00:00
2866,477,Bir nechta bog'liq hujjatni bitta 'hayotiy vaziyat' sifatida olish bo'yicha ma'lumot kerak,true,2026-08-04 00:00:00,2026-08-04 00:00:00
2867,477,Menga bir nechta bog'liq hujjatni bitta 'hayotiy vaziyat' sifatida olish haqida ayting,true,2026-08-04 00:00:00,2026-08-04 00:00:00
2868,477,"Iltimos, ayting: bir nechta bog'liq hujjatni bitta 'hayotiy vaziyat' sifatida olish qanday?",true,2026-08-04 00:00:00,2026-08-04 00:00:00
2869,478,Elektron hukumatdagi shaxsiy kabinetni qanday sozlanadi?,true,2026-08-04 00:00:00,2026-08-04 00:00:00
2870,478,Elektron hukumatdagi shaxsiy kabinetni qanaqa sozlanadi?,true,2026-08-04 00:00:00,2026-08-04 00:00:00
2871,478,Elektron hukumatdagi shaxsiy kabinetni sozlanadi qanday?,true,2026-08-04 00:00:00,2026-08-04 00:00:00
2872,478,Elektron hukumatdagi shaxsiy kabinetni sozlanadi haqida ma'lumot bering,true,2026-08-04 00:00:00,2026-08-04 00:00:00
2873,478,Elektron hukumatdagi shaxsiy kabinetni sozlanadi bo'yicha ma'lumot kerak,true,2026-08-04 00:00:00,2026-08-04 00:00:00
2874,478,Menga elektron hukumatdagi shaxsiy kabinetni sozlanadi haqida ayting,true,2026-08-04 00:00:00,2026-08-04 00:00:00
2875,479,Interaktiv xaritada eng yaqin Davlat xizmatlari markazini qanday topaman?,true,2026-08-04 00:00:00,2026-08-04 00:00:00
2876,479,Interaktiv xaritada eng yaqin Davlat xizmatlari markazini qanaqa topaman?,true,2026-08-04 00:00:00,2026-08-04 00:00:00
2877,479,Interaktiv xaritada eng yaqin Davlat xizmatlari markazini topaman qanday?,true,2026-08-04 00:00:00,2026-08-04 00:00:00
2878,479,Interaktiv xaritada eng yaqin Davlat xizmatlari markazini topaman haqida ma'lumot bering,true,2026-08-04 00:00:00,2026-08-04 00:00:00
2879,479,Interaktiv xaritada eng yaqin Davlat xizmatlari markazini topaman bo'yicha ma'lumot kerak,true,2026-08-04 00:00:00,2026-08-04 00:00:00
2880,479,Menga interaktiv xaritada eng yaqin davlat xizmatlari markazini topaman haqida ayting,true,2026-08-04 00:00:00,2026-08-04 00:00:00
2881,480,Davlat xizmatlari ish vaqti va bayram kunlari qanday?,true,2026-08-04 00:00:00,2026-08-04 00:00:00
2882,480,Davlat xizmatlari ish vaqti va bayram kunlari qanaqa?,true,2026-08-04 00:00:00,2026-08-04 00:00:00
2883,480,Davlat xizmatlari ish vaqti bayram kunlari qanday?,true,2026-08-04 00:00:00,2026-08-04 00:00:00
2884,480,Davlat xizmatlari ish vaqti bayram kunlari haqida ma'lumot bering,true,2026-08-04 00:00:00,2026-08-04 00:00:00
2885,480,Davlat xizmatlari ish vaqti bayram kunlari bo'yicha ma'lumot kerak,true,2026-08-04 00:00:00,2026-08-04 00:00:00
2886,480,Menga davlat xizmatlari ish vaqti bayram kunlari haqida ayting,true,2026-08-04 00:00:00,2026-08-04 00:00:00
2887,481,Onlayn to'lov amalga oshmasa (xatolik) nima qilinadi?,true,2026-08-04 00:00:00,2026-08-04 00:00:00
2888,481,Onlayn to'lov oshmasa (xatolik) qanday?,true,2026-08-04 00:00:00,2026-08-04 00:00:00
2889,481,Onlayn to'lov oshmasa (xatolik) haqida ma'lumot bering,true,2026-08-04 00:00:00,2026-08-04 00:00:00
2890,481,Onlayn to'lov oshmasa (xatolik) bo'yicha ma'lumot kerak,true,2026-08-04 00:00:00,2026-08-04 00:00:00
2891,481,Menga onlayn to'lov oshmasa (xatolik) haqida ayting,true,2026-08-04 00:00:00,2026-08-04 00:00:00
2892,481,"Iltimos, ayting: onlayn to'lov amalga oshmasa (xatolik) nima qilinadi?",true,2026-08-04 00:00:00,2026-08-04 00:00:00
2893,482,Ariza noto'g'ri to'ldirilsa tuzatish mumkinmi?,true,2026-08-04 00:00:00,2026-08-04 00:00:00
2894,482,Ariza noto'g'ri to'ldirilsa tuzatish mumkin bo'ladimi?,true,2026-08-04 00:00:00,2026-08-04 00:00:00
2895,482,Ariza noto'g'ri to'ldirilsa tuzatishga ruxsat beriladimi?,true,2026-08-04 00:00:00,2026-08-04 00:00:00
2896,482,Ariza noto'g'ri to'ldirilsa tuzatish imkoni bormi?,true,2026-08-04 00:00:00,2026-08-04 00:00:00
2897,482,Ariza noto'g'ri to'ldirilsa tuzatish qanday?,true,2026-08-04 00:00:00,2026-08-04 00:00:00
2898,482,Ariza noto'g'ri to'ldirilsa tuzatish haqida ma'lumot bering,true,2026-08-04 00:00:00,2026-08-04 00:00:00
2899,483,Davlat organiga elektron murojaat qanday yuboriladi?,true,2026-08-04 00:00:00,2026-08-04 00:00:00
2900,483,Davlat organiga elektron murojaat qanaqa yuboriladi?,true,2026-08-04 00:00:00,2026-08-04 00:00:00
2901,483,Davlat organiga elektron murojaat yuboriladi qanday?,true,2026-08-04 00:00:00,2026-08-04 00:00:00
2902,483,Davlat organiga elektron murojaat yuboriladi haqida ma'lumot bering,true,2026-08-04 00:00:00,2026-08-04 00:00:00
2903,483,Davlat organiga elektron murojaat yuboriladi bo'yicha ma'lumot kerak,true,2026-08-04 00:00:00,2026-08-04 00:00:00
2904,483,Menga davlat organiga elektron murojaat yuboriladi haqida ayting,true,2026-08-04 00:00:00,2026-08-04 00:00:00
2905,484,Murojaat javobini qayta ko'rib chiqishni so'rash mumkinmi?,true,2026-08-04 00:00:00,2026-08-04 00:00:00
2906,484,Murojaat javobini qayta ko'rib chiqishni so'rash mumkin bo'ladimi?,true,2026-08-04 00:00:00,2026-08-04 00:00:00
2907,484,Murojaat javobini qayta ko'rib chiqishni so'rashga ruxsat beriladimi?,true,2026-08-04 00:00:00,2026-08-04 00:00:00
2908,484,Murojaat javobini qayta ko'rib chiqishni so'rash imkoni bormi?,true,2026-08-04 00:00:00,2026-08-04 00:00:00
2909,484,Murojaat javobini qayta ko'rib chiqishni so'rash qanday?,true,2026-08-04 00:00:00,2026-08-04 00:00:00
2910,484,Murojaat javobini qayta ko'rib chiqishni so'rash haqida ma'lumot bering,true,2026-08-04 00:00:00,2026-08-04 00:00:00
2911,485,"Shaxsiy aloqa ma'lumotlarini (telefon, pochta) qanday yangilanadi?",true,2026-08-04 00:00:00,2026-08-04 00:00:00
2912,485,"Shaxsiy aloqa ma'lumotlarini (telefon, pochta) qanaqa yangilanadi?",true,2026-08-04 00:00:00,2026-08-04 00:00:00
2913,485,"Shaxsiy aloqa ma'lumotlarini (telefon, pochta) yangilanadi qanday?",true,2026-08-04 00:00:00,2026-08-04 00:00:00
2914,485,"Shaxsiy aloqa ma'lumotlarini (telefon, pochta) yangilanadi haqida ma'lumot bering",true,2026-08-04 00:00:00,2026-08-04 00:00:00
2915,485,"Shaxsiy aloqa ma'lumotlarini (telefon, pochta) yangilanadi bo'yicha ma'lumot kerak",true,2026-08-04 00:00:00,2026-08-04 00:00:00
2916,485,"Menga shaxsiy aloqa ma'lumotlarini (telefon, pochta) yangilanadi haqida ayting",true,2026-08-04 00:00:00,2026-08-04 00:00:00
2917,486,Bolaning tug'ilishini onlayn ro'yxatga olish mumkinmi?,true,2026-08-04 00:00:00,2026-08-04 00:00:00
2918,486,Bolaning tug'ilishini onlayn ro'yxatga olish mumkin bo'ladimi?,true,2026-08-04 00:00:00,2026-08-04 00:00:00
2919,486,Bolaning tug'ilishini onlayn ro'yxatga olishga ruxsat beriladimi?,true,2026-08-04 00:00:00,2026-08-04 00:00:00
2920,486,Bolaning tug'ilishini onlayn ro'yxatga olish imkoni bormi?,true,2026-08-04 00:00:00,2026-08-04 00:00:00
2921,486,Bolaning tug'ilishini onlayn ro'yxatga olish qanday?,true,2026-08-04 00:00:00,2026-08-04 00:00:00
2922,486,Bolaning tug'ilishini onlayn ro'yxatga olish haqida ma'lumot bering,true,2026-08-04 00:00:00,2026-08-04 00:00:00
2923,487,Davlat xizmati bo'yicha SMS-xabar nima uchun keladi?,true,2026-08-04 00:00:00,2026-08-04 00:00:00
2924,487,Davlat xizmati bo'yicha SMS-xabar keladi qanday?,true,2026-08-04 00:00:00,2026-08-04 00:00:00
2925,487,Davlat xizmati bo'yicha SMS-xabar keladi haqida ma'lumot bering,true,2026-08-04 00:00:00,2026-08-04 00:00:00
2926,487,Davlat xizmati bo'yicha SMS-xabar keladi bo'yicha ma'lumot kerak,true,2026-08-04 00:00:00,2026-08-04 00:00:00
2927,487,Menga davlat xizmati bo'yicha sms-xabar keladi haqida ayting,true,2026-08-04 00:00:00,2026-08-04 00:00:00
2928,487,"Iltimos, ayting: davlat xizmati bo'yicha SMS-xabar nima uchun keladi?",true,2026-08-04 00:00:00,2026-08-04 00:00:00
2929,488,MyGov ilovasini qanday o'rnatiladi?,true,2026-08-04 00:00:00,2026-08-04 00:00:00
2930,488,MyGov ilovasini qanaqa o'rnatiladi?,true,2026-08-04 00:00:00,2026-08-04 00:00:00
2931,488,MyGov ilovasini o'rnatiladi qanday?,true,2026-08-04 00:00:00,2026-08-04 00:00:00
2932,488,MyGov ilovasini o'rnatiladi haqida ma'lumot bering,true,2026-08-04 00:00:00,2026-08-04 00:00:00
2933,488,MyGov ilovasini o'rnatiladi bo'yicha ma'lumot kerak,true,2026-08-04 00:00:00,2026-08-04 00:00:00
2934,488,Menga mygov ilovasini o'rnatiladi haqida ayting,true,2026-08-04 00:00:00,2026-08-04 00:00:00
2935,489,Elektron navbat (talon) qanday olinadi?,true,2026-08-04 00:00:00,2026-08-04 00:00:00
2936,489,Elektron navbat (talon) qanday olsa bo'ladi?,true,2026-08-04 00:00:00,2026-08-04 00:00:00
2937,489,Elektron navbat (talon)ni qanday olaman?,true,2026-08-04 00:00:00,2026-08-04 00:00:00
2938,489,Elektron navbat (talon) olish tartibi qanday?,true,2026-08-04 00:00:00,2026-08-04 00:00:00
2939,489,Elektron navbat (talon) qanaqa olinadi?,true,2026-08-04 00:00:00,2026-08-04 00:00:00
2940,489,Elektron navbat (talon) qanday?,true,2026-08-04 00:00:00,2026-08-04 00:00:00
2941,490,Rad etish sababi ko'rsatilmasa qayerga shikoyat qilinadi?,true,2026-08-04 00:00:00,2026-08-04 00:00:00
2942,490,Rad etish sababi ko'rsatilmasa shikoyat qanday?,true,2026-08-04 00:00:00,2026-08-04 00:00:00
2943,490,Rad etish sababi ko'rsatilmasa shikoyat haqida ma'lumot bering,true,2026-08-04 00:00:00,2026-08-04 00:00:00
2944,490,Rad etish sababi ko'rsatilmasa shikoyat bo'yicha ma'lumot kerak,true,2026-08-04 00:00:00,2026-08-04 00:00:00
2945,490,Menga rad etish sababi ko'rsatilmasa shikoyat haqida ayting,true,2026-08-04 00:00:00,2026-08-04 00:00:00
2946,490,"Iltimos, ayting: rad etish sababi ko'rsatilmasa qayerga shikoyat qilinadi?",true,2026-08-04 00:00:00,2026-08-04 00:00:00
2947,491,Murojaat holatini call-markaz orqali bilib olsam bo'ladimi?,true,2026-08-04 00:00:00,2026-08-04 00:00:00
2948,491,Murojaat holatini call-markaz orqali bilib olsam qanday?,true,2026-08-04 00:00:00,2026-08-04 00:00:00
2949,491,Murojaat holatini call-markaz orqali bilib olsam haqida ma'lumot bering,true,2026-08-04 00:00:00,2026-08-04 00:00:00
2950,491,Murojaat holatini call-markaz orqali bilib olsam bo'yicha ma'lumot kerak,true,2026-08-04 00:00:00,2026-08-04 00:00:00
2951,491,Menga murojaat holatini call-markaz orqali bilib olsam haqida ayting,true,2026-08-04 00:00:00,2026-08-04 00:00:00
2952,491,"Iltimos, ayting: murojaat holatini call-markaz orqali bilib olsam bo'ladimi?",true,2026-08-04 00:00:00,2026-08-04 00:00:00
2953,492,Nogiron yoki keksaga hujjat topshirishda joyida yordam beriladimi?,true,2026-08-04 00:00:00,2026-08-04 00:00:00
2954,492,Nogiron yoki keksaga hujjat topshirishda joyida yordam berilishi mumkinmi?,true,2026-08-04 00:00:00,2026-08-04 00:00:00
2955,492,Nogiron yoki keksaga hujjat topshirishda joyida yordam bor yoki yo'q?,true,2026-08-04 00:00:00,2026-08-04 00:00:00
2956,492,Nogiron yoki keksaga hujjat topshirishda joyida yordam beriladimi qanday?,true,2026-08-04 00:00:00,2026-08-04 00:00:00
2957,492,Nogiron yoki keksaga hujjat topshirishda joyida yordam beriladimi haqida ma'lumot bering,true,2026-08-04 00:00:00,2026-08-04 00:00:00
2958,492,Nogiron yoki keksaga hujjat topshirishda joyida yordam beriladimi bo'yicha ma'lumot kerak,true,2026-08-04 00:00:00,2026-08-04 00:00:00
2959,493,Yo'qolgan guvohnoma o'rniga dublikat qancha muddatda beriladi?,true,2026-08-04 00:00:00,2026-08-04 00:00:00
2960,493,Yo'qolgan guvohnoma o'rniga dublikat muddatda qanday?,true,2026-08-04 00:00:00,2026-08-04 00:00:00
2961,493,Yo'qolgan guvohnoma o'rniga dublikat muddatda haqida ma'lumot bering,true,2026-08-04 00:00:00,2026-08-04 00:00:00
2962,493,Yo'qolgan guvohnoma o'rniga dublikat muddatda bo'yicha ma'lumot kerak,true,2026-08-04 00:00:00,2026-08-04 00:00:00
2963,493,Menga yo'qolgan guvohnoma o'rniga dublikat muddatda haqida ayting,true,2026-08-04 00:00:00,2026-08-04 00:00:00
2964,493,"Iltimos, ayting: yo'qolgan guvohnoma o'rniga dublikat qancha muddatda beriladi?",true,2026-08-04 00:00:00,2026-08-04 00:00:00
2965,494,Voyaga yetmagan bola nomiga bank kartasi qanday ochiladi?,true,2026-08-04 00:00:00,2026-08-04 00:00:00
2966,494,Voyaga yetmagan bola nomiga bank kartasi qanaqa ochiladi?,true,2026-08-04 00:00:00,2026-08-04 00:00:00
2967,494,Voyaga yetmagan bola nomiga bank kartasi ochiladi qanday?,true,2026-08-04 00:00:00,2026-08-04 00:00:00
2968,494,Voyaga yetmagan bola nomiga bank kartasi ochiladi haqida ma'lumot bering,true,2026-08-04 00:00:00,2026-08-04 00:00:00
2969,494,Voyaga yetmagan bola nomiga bank kartasi ochiladi bo'yicha ma'lumot kerak,true,2026-08-04 00:00:00,2026-08-04 00:00:00
2970,494,Menga voyaga yetmagan bola nomiga bank kartasi ochiladi haqida ayting,true,2026-08-04 00:00:00,2026-08-04 00:00:00
2971,495,Chaqaloqqa JSHSHIR (shaxsiy identifikatsiya raqami) qachon beriladi?,true,2026-08-04 00:00:00,2026-08-04 00:00:00
2972,495,Chaqaloqqa JSHSHIR (shaxsiy identifikatsiya raqami) qachon qanday?,true,2026-08-04 00:00:00,2026-08-04 00:00:00
2973,495,Chaqaloqqa JSHSHIR (shaxsiy identifikatsiya raqami) qachon haqida ma'lumot bering,true,2026-08-04 00:00:00,2026-08-04 00:00:00
2974,495,Chaqaloqqa JSHSHIR (shaxsiy identifikatsiya raqami) qachon bo'yicha ma'lumot kerak,true,2026-08-04 00:00:00,2026-08-04 00:00:00
2975,495,Menga chaqaloqqa jshshir (shaxsiy identifikatsiya raqami) qachon haqida ayting,true,2026-08-04 00:00:00,2026-08-04 00:00:00
2976,495,"Iltimos, ayting: chaqaloqqa JSHSHIR (shaxsiy identifikatsiya raqami) qachon beriladi?",true,2026-08-04 00:00:00,2026-08-04 00:00:00
2977,496,Nikohdan keyin er-xotin umumiy familiyani tanlashi mumkinmi?,true,2026-08-04 00:00:00,2026-08-04 00:00:00
2978,496,Nikohdan keyin er-xotin umumiy familiyani tanlashi mumkin bo'ladimi?,true,2026-08-04 00:00:00,2026-08-04 00:00:00
2979,496,Nikohdan keyin er-xotin umumiy familiyani tanlashiga ruxsat beriladimi?,true,2026-08-04 00:00:00,2026-08-04 00:00:00
2980,496,Nikohdan keyin er-xotin umumiy familiyani tanlashi imkoni bormi?,true,2026-08-04 00:00:00,2026-08-04 00:00:00
2981,496,Nikohdan keyin er-xotin umumiy familiyani tanlashi qanday?,true,2026-08-04 00:00:00,2026-08-04 00:00:00
2982,496,Nikohdan keyin er-xotin umumiy familiyani tanlashi haqida ma'lumot bering,true,2026-08-04 00:00:00,2026-08-04 00:00:00
2983,497,Ro'yxatga olish (manzil) ma'lumoti ID-karta chipida saqlanadimi?,true,2026-08-04 00:00:00,2026-08-04 00:00:00
2984,497,Ro'yxatga olish (manzil) ma'lumoti ID-karta chipida saqlanadimi qanday?,true,2026-08-04 00:00:00,2026-08-04 00:00:00
2985,497,Ro'yxatga olish (manzil) ma'lumoti ID-karta chipida saqlanadimi haqida ma'lumot bering,true,2026-08-04 00:00:00,2026-08-04 00:00:00
2986,497,Ro'yxatga olish (manzil) ma'lumoti ID-karta chipida saqlanadimi bo'yicha ma'lumot kerak,true,2026-08-04 00:00:00,2026-08-04 00:00:00
2987,497,Menga ro'yxatga olish (manzil) ma'lumoti id-karta chipida saqlanadimi haqida ayting,true,2026-08-04 00:00:00,2026-08-04 00:00:00
2988,497,"Iltimos, ayting: ro'yxatga olish (manzil) ma'lumoti ID-karta chipida saqlanadimi?",true,2026-08-04 00:00:00,2026-08-04 00:00:00
2989,498,Notariusda kelishuvni imzolashda guvoh kerakmi?,true,2026-08-04 00:00:00,2026-08-04 00:00:00
2990,498,Notariusda kelishuvni imzolashda guvoh qanday?,true,2026-08-04 00:00:00,2026-08-04 00:00:00
2991,498,Notariusda kelishuvni imzolashda guvoh haqida ma'lumot bering,true,2026-08-04 00:00:00,2026-08-04 00:00:00
2992,498,Notariusda kelishuvni imzolashda guvoh bo'yicha ma'lumot kerak,true,2026-08-04 00:00:00,2026-08-04 00:00:00
2993,498,Menga notariusda kelishuvni imzolashda guvoh haqida ayting,true,2026-08-04 00:00:00,2026-08-04 00:00:00
2994,498,"Iltimos, ayting: notariusda kelishuvni imzolashda guvoh kerakmi?",true,2026-08-04 00:00:00,2026-08-04 00:00:00
2995,499,Uy sotilgach kommunal shartnomalar yangi egaga o'tadimi?,true,2026-08-04 00:00:00,2026-08-04 00:00:00
2996,499,Uy sotilgach kommunal shartnomalar yangi egaga o'tadimi qanday?,true,2026-08-04 00:00:00,2026-08-04 00:00:00
2997,499,Uy sotilgach kommunal shartnomalar yangi egaga o'tadimi haqida ma'lumot bering,true,2026-08-04 00:00:00,2026-08-04 00:00:00
2998,499,Uy sotilgach kommunal shartnomalar yangi egaga o'tadimi bo'yicha ma'lumot kerak,true,2026-08-04 00:00:00,2026-08-04 00:00:00
2999,499,Menga uy sotilgach kommunal shartnomalar yangi egaga o'tadimi haqida ayting,true,2026-08-04 00:00:00,2026-08-04 00:00:00
3000,499,"Iltimos, ayting: uy sotilgach kommunal shartnomalar yangi egaga o'tadimi?",true,2026-08-04 00:00:00,2026-08-04 00:00:00
3001,500,Transport vositasini sovg'a (hadya) qilish qanday rasmiylashtiriladi?,true,2026-08-04 00:00:00,2026-08-04 00:00:00
3002,500,Transport vositasini sovg'a (hadya) qilishni rasmiylashtirish tartibi qanday?,true,2026-08-04 00:00:00,2026-08-04 00:00:00
3003,500,Transport vositasini sovg'a (hadya) qilish qanday rasmiylashtirsa bo'ladi?,true,2026-08-04 00:00:00,2026-08-04 00:00:00
3004,500,Transport vositasini sovg'a (hadya) qilish qanday amalga oshiriladi?,true,2026-08-04 00:00:00,2026-08-04 00:00:00
3005,500,Transport vositasini sovg'a (hadya) qilish qanaqa rasmiylashtiriladi?,true,2026-08-04 00:00:00,2026-08-04 00:00:00
3006,500,Transport vositasini sovg'a (hadya) qilish qanday?,true,2026-08-04 00:00:00,2026-08-04 00:00:00
3007,501,Bandlikka ko'maklashish markaziga ro'yxatdan o'tish uchun nima kerak?,true,2026-08-04 00:00:00,2026-08-04 00:00:00
3008,501,Bandlikka ko'maklashish markaziga ro'yxatdan o'tish uchun qanday hujjatlar kerak?,true,2026-08-04 00:00:00,2026-08-04 00:00:00
3009,501,Bandlikka ko'maklashish markaziga ro'yxatdan o'tish uchun nimalar kerak?,true,2026-08-04 00:00:00,2026-08-04 00:00:00
3010,501,Bandlikka ko'maklashish markaziga ro'yxatdan o'tishga nimalar talab qilinadi?,true,2026-08-04 00:00:00,2026-08-04 00:00:00
3011,501,Bandlikka ko'maklashish markaziga ro'yxatdan o'tish qanday?,true,2026-08-04 00:00:00,2026-08-04 00:00:00
3012,501,Bandlikka ko'maklashish markaziga ro'yxatdan o'tish haqida ma'lumot bering,true,2026-08-04 00:00:00,2026-08-04 00:00:00
3013,502,Talabaga stipendiya yoki ijtimoiy yordam beriladimi?,true,2026-08-04 00:00:00,2026-08-04 00:00:00
3014,502,Talabaga stipendiya yoki ijtimoiy yordam berilishi mumkinmi?,true,2026-08-04 00:00:00,2026-08-04 00:00:00
3015,502,Talabaga stipendiya yoki ijtimoiy yordam bor yoki yo'q?,true,2026-08-04 00:00:00,2026-08-04 00:00:00
3016,502,Talabaga stipendiya yoki ijtimoiy yordam beriladimi qanday?,true,2026-08-04 00:00:00,2026-08-04 00:00:00
3017,502,Talabaga stipendiya yoki ijtimoiy yordam beriladimi haqida ma'lumot bering,true,2026-08-04 00:00:00,2026-08-04 00:00:00
3018,502,Talabaga stipendiya yoki ijtimoiy yordam beriladimi bo'yicha ma'lumot kerak,true,2026-08-04 00:00:00,2026-08-04 00:00:00
3019,503,Elektron raqamli imzo (ERI) kalitini yo'qotsam nima qilaman?,true,2026-08-04 00:00:00,2026-08-04 00:00:00
3020,503,Elektron raqamli imzo (ERI) kalitini yo'qotsam qilaman qanday?,true,2026-08-04 00:00:00,2026-08-04 00:00:00
3021,503,Elektron raqamli imzo (ERI) kalitini yo'qotsam qilaman haqida ma'lumot bering,true,2026-08-04 00:00:00,2026-08-04 00:00:00
3022,503,Elektron raqamli imzo (ERI) kalitini yo'qotsam qilaman bo'yicha ma'lumot kerak,true,2026-08-04 00:00:00,2026-08-04 00:00:00
3023,503,Menga elektron raqamli imzo (eri) kalitini yo'qotsam qilaman haqida ayting,true,2026-08-04 00:00:00,2026-08-04 00:00:00
3024,503,"Iltimos, ayting: elektron raqamli imzo (ERI) kalitini yo'qotsam nima qilaman?",true,2026-08-04 00:00:00,2026-08-04 00:00:00
3025,504,Bolalar bog'chasi to'lovida imtiyoz bormi?,true,2026-08-04 00:00:00,2026-08-04 00:00:00
3026,504,Bolalar bog'chasi to'lovida imtiyoz qanday?,true,2026-08-04 00:00:00,2026-08-04 00:00:00
3027,504,Bolalar bog'chasi to'lovida imtiyoz haqida ma'lumot bering,true,2026-08-04 00:00:00,2026-08-04 00:00:00
3028,504,Bolalar bog'chasi to'lovida imtiyoz bo'yicha ma'lumot kerak,true,2026-08-04 00:00:00,2026-08-04 00:00:00
3029,504,Menga bolalar bog'chasi to'lovida imtiyoz haqida ayting,true,2026-08-04 00:00:00,2026-08-04 00:00:00
3030,504,"Iltimos, ayting: bolalar bog'chasi to'lovida imtiyoz bormi?",true,2026-08-04 00:00:00,2026-08-04 00:00:00
3031,56,Soliqni qanday to'lash mumkin?,true,2026-08-11 00:00:00,2026-08-11 00:00:00
3032,56,Soliq to'lovini qanday amalga oshirish mumkin?,true,2026-08-11 00:00:00,2026-08-11 00:00:00
3033,56,Soliqni qayerdan to'lash mumkin?,true,2026-08-11 00:00:00,2026-08-11 00:00:00
3034,56,Soliqni qanday to'lash kerak?,true,2026-08-11 00:00:00,2026-08-11 00:00:00
3035,56,Soliq to'lovi qanday amalga oshiriladi?,true,2026-08-11 00:00:00,2026-08-11 00:00:00
3036,56,Soliqni onlayn qanday to'lash mumkin?,true,2026-08-11 00:00:00,2026-08-11 00:00:00
3037,505,Jismoniy shaxs daromad solig'i qancha?,true,2026-08-11 00:00:00,2026-08-11 00:00:00
3038,505,Daromad solig'i necha foiz?,true,2026-08-11 00:00:00,2026-08-11 00:00:00
3039,505,Jismoniy shaxs daromadidan qancha soliq olinadi?,true,2026-08-11 00:00:00,2026-08-11 00:00:00
3040,505,Daromad solig'i stavkasi qancha?,true,2026-08-11 00:00:00,2026-08-11 00:00:00
3041,505,Ish haqidan daromad solig'i necha foiz?,true,2026-08-11 00:00:00,2026-08-11 00:00:00
3042,505,Jismoniy shaxs uchun daromad solig'i stavkasi qanday?,true,2026-08-11 00:00:00,2026-08-11 00:00:00
3043,505,Daromadimdan necha foiz soliq to'layman?,true,2026-08-11 00:00:00,2026-08-11 00:00:00
3044,505,Maoshimdan qancha soliq ushlanadi?,true,2026-08-11 00:00:00,2026-08-11 00:00:00
3045,505,Oylik maoshdan necha foiz soliq olinadi?,true,2026-08-11 00:00:00,2026-08-11 00:00:00
3046,505,Ish haqimdan qancha daromad solig'i ushlanadi?,true,2026-08-11 00:00:00,2026-08-11 00:00:00
3047,505,Daromadimga qancha soliq solinadi?,true,2026-08-11 00:00:00,2026-08-11 00:00:00
3048,505,Oyligimdan qancha daromad solig'i to'layman?,true,2026-08-11 00:00:00,2026-08-11 00:00:00
